<?xml version="1.0" encoding="UTF-8"?>
<PeakList modified="2020-02-01T18:46:25">
  <PeakList1D>
    <PeakList1DHeader creator="Dell" date="2020-02-01T18:46:25" expNo="2" name="SDT340" owner="" procNo="1" source="C:/Users/Dell/Desktop/NMR/Z-synthesis">
      <PeakPickDetails>F1=155.341919ppm, F2=99.739029ppm, MI=0.35cm, MAXI=4.56cm, PC=1.400
      </PeakPickDetails>
    </PeakList1DHeader>
    <Peak1D F1="148.528259" intensity="1.042581" type="0"/>
    <Peak1D F1="144.117477" intensity="0.7961663" type="0"/>
    <Peak1D F1="131.661423" intensity="0.9835893" type="0"/>
    <Peak1D F1="123.053497" intensity="2.317402" type="0"/>
    <Peak1D F1="122.451149" intensity="1.063774" type="0"/>
    <Peak1D F1="120.47683" intensity="2.588159" type="0"/>
    <Peak1D F1="119.138725" intensity="2.607539" type="0"/>
    <Peak1D F1="110.800186" intensity="2.487341" type="0"/>
  </PeakList1D>
  <PeakList1D>
    <PeakList1DHeader creator="Dell" date="2020-02-01T18:46:25" expNo="2" name="SDT340" owner="" procNo="1" source="C:/Users/Dell/Desktop/NMR/Z-synthesis">
      <PeakPickDetails>F1=71.180351ppm, F2=50.626751ppm, MI=0.66cm, MAXI=3.98cm, PC=1.400
      </PeakPickDetails>
    </PeakList1DHeader>
    <Peak1D F1="68.711739" intensity="2.593464" type="0"/>
    <Peak1D F1="62.969734" intensity="2.514388" type="0"/>
    <Peak1D F1="56.085876" intensity="2.692025" type="0"/>
  </PeakList1D>
  <PeakList1D>
    <PeakList1DHeader creator="Dell" date="2020-02-01T18:46:25" expNo="2" name="SDT340" owner="" procNo="1" source="C:/Users/Dell/Desktop/NMR/Z-synthesis">
      <PeakPickDetails>F1=38.294594ppm, F2=29.424095ppm, MI=0.43cm, MAXI=3.62cm, PC=1.400
      </PeakPickDetails>
    </PeakList1DHeader>
    <Peak1D F1="33.508438" intensity="2.522334" type="0"/>
    <Peak1D F1="32.852524" intensity="2.685936" type="0"/>
  </PeakList1D>
</PeakList>
