<?xml version="1.0" encoding="UTF-8"?>
<PeakList modified="2020-02-02T13:47:44">
  <PeakList1D>
    <PeakList1DHeader creator="Dell" date="2020-02-02T13:46:30" expNo="3" name="SDT519" owner="" procNo="1" source="C:/Users/Dell/Desktop/NMR/Z-synthesis">
      <PeakPickDetails>F1=129.595825ppm, F2=103.200684ppm, MI=0.44cm, MAXI=16.00cm, PC=1.400
      </PeakPickDetails>
    </PeakList1DHeader>
    <Peak1D F1="124.94088" intensity="1.633026" type="0"/>
    <Peak1D F1="120.523056" intensity="5.951314" type="0"/>
    <Peak1D F1="119.126099" intensity="6.16383" type="0"/>
    <Peak1D F1="111.486961" intensity="6.239838" type="0"/>
    <Peak1D F1="110.59935" intensity="5.842794" type="0"/>
    <Peak1D F1="109.602371" intensity="6.217607" type="0"/>
  </PeakList1D>
  <PeakList1D>
    <PeakList1DHeader creator="Dell" date="2020-02-02T13:46:30" expNo="3" name="SDT519" owner="" procNo="1" source="C:/Users/Dell/Desktop/NMR/Z-synthesis">
      <PeakPickDetails>F1=59.497250ppm, F2=51.492168ppm, MI=3.20cm, MAXI=24.44cm, PC=1.400
      </PeakPickDetails>
    </PeakList1DHeader>
    <Peak1D F1="56.088867" intensity="9.42748" type="0"/>
    <Peak1D F1="56.067669" intensity="15.0" type="0"/>
  </PeakList1D>
  <PeakList1D>
    <PeakList1DHeader creator="Dell@Dell-PC" date="2020-02-02T13:47:49" expNo="3" name="SDT519" owner="Dell" procNo="1" source="C:/Users/Dell/Desktop/NMR/Z-synthesis">
      <PeakPickDetails>Manually picked peaks
</PeakPickDetails>
    </PeakList1DHeader>
    <Peak1D F1="68.7026850324808" intensity="-5.714476889380213" type="1"/>
    <Peak1D F1="58.39636651750455" intensity="-1.5454916946910549" type="1"/>
    <Peak1D F1="55.82455535293207" intensity="-1.8171798588046537" type="1"/>
    <Peak1D F1="51.10146123518357" intensity="-3.5208337924427466" type="1"/>
    <Peak1D F1="33.39489552857521" intensity="-5.921928911041172" type="1"/>
    <Peak1D F1="28.755504384018284" intensity="-1.6846610031919762" type="1"/>
    <Peak1D F1="27.426537112817503" intensity="-2.834291697473236" type="1"/>
  </PeakList1D>
</PeakList>
