<?xml version="1.0" encoding="UTF-8"?>
<PeakList>
  <PeakList1D>
    <PeakList1DHeader creator="nmr2019" date="2019-06-11T21:38:51" expNo="356" name="zhq-1010" owner="" procNo="1" source="D:/bruker">
      <PeakPickDetails>F1=171.437ppm, F2=100.617ppm, MI=0.44cm, MAXI=6.68cm, PC=1.400
      </PeakPickDetails>
    </PeakList1DHeader>
    <Peak1D F1="163.9189" intensity="1.21" type="0"/>
    <Peak1D F1="151.8484" intensity="1.18" type="0"/>
    <Peak1D F1="150.0531" intensity="1.71" type="0"/>
    <Peak1D F1="149.8101" intensity="2.66" type="0"/>
    <Peak1D F1="140.1484" intensity="2.77" type="0"/>
    <Peak1D F1="138.4527" intensity="2.56" type="0"/>
    <Peak1D F1="124.0824" intensity="2.95" type="0"/>
    <Peak1D F1="123.9624" intensity="2.67" type="0"/>
    <Peak1D F1="118.4929" intensity="2.57" type="0"/>
    <Peak1D F1="104.9637" intensity="2.75" type="0"/>
  </PeakList1D>
  <PeakList1D>
    <PeakList1DHeader creator="nmr2019" date="2019-06-11T21:38:51" expNo="356" name="zhq-1010" owner="" procNo="1" source="D:/bruker">
      <PeakPickDetails>F1=83.991ppm, F2=71.900ppm, MI=1.42cm, MAXI=10.37cm, PC=1.400
      </PeakPickDetails>
    </PeakList1DHeader>
    <Peak1D F1="77.3706" intensity="7.61" type="0"/>
    <Peak1D F1="77.0526" intensity="7.74" type="0"/>
    <Peak1D F1="76.7352" intensity="7.58" type="0"/>
  </PeakList1D>
  <PeakList1D>
    <PeakList1DHeader creator="nmr2019" date="2019-06-11T21:38:51" expNo="356" name="zhq-1010" owner="" procNo="1" source="D:/bruker">
      <PeakPickDetails>F1=39.944ppm, F2=11.228ppm, MI=0.69cm, MAXI=16.84cm, PC=1.400
      </PeakPickDetails>
    </PeakList1DHeader>
    <Peak1D F1="32.9824" intensity="2.94" type="0"/>
    <Peak1D F1="31.9235" intensity="3.51" type="0"/>
    <Peak1D F1="29.6936" intensity="15.0" type="0"/>
    <Peak1D F1="29.6558" intensity="7.55" type="0"/>
    <Peak1D F1="29.6055" intensity="3.59" type="0"/>
    <Peak1D F1="29.5248" intensity="3.28" type="0"/>
    <Peak1D F1="29.3552" intensity="4.92" type="0"/>
    <Peak1D F1="29.0923" intensity="3.0" type="0"/>
    <Peak1D F1="29.0373" intensity="3.24" type="0"/>
    <Peak1D F1="27.8195" intensity="3.05" type="0"/>
    <Peak1D F1="22.6875" intensity="3.4" type="0"/>
    <Peak1D F1="14.1157" intensity="3.36" type="0"/>
  </PeakList1D>
</PeakList>
