<?xml version="1.0" encoding="UTF-8"?>
<PeakList modified="2020-02-08T12:28:41">
  <PeakList1D>
    <PeakList1DHeader creator="Dell" date="2020-02-08T12:28:16" expNo="3" name="SDT310A" owner="" procNo="1" source="C:/Users/Dell/Desktop/NMR/Boronate">
      <PeakPickDetails>F1=81.597145ppm, F2=79.251442ppm, MI=0.12cm, MAXI=0.43cm, PC=1.400
      </PeakPickDetails>
    </PeakList1DHeader>
    <Peak1D F1="79.891319" intensity="0.2101597" type="0"/>
  </PeakList1D>
  <PeakList1D>
    <PeakList1DHeader creator="Dell" date="2020-02-08T12:28:16" expNo="3" name="SDT310A" owner="" procNo="1" source="C:/Users/Dell/Desktop/NMR/Boronate">
      <PeakPickDetails>F1=52.443340ppm, F2=42.725407ppm, MI=0.93cm, MAXI=4.29cm, PC=1.400
      </PeakPickDetails>
    </PeakList1DHeader>
    <Peak1D F1="48.569874" intensity="1.611336" type="0"/>
    <Peak1D F1="46.786713" intensity="2.05951" type="0"/>
  </PeakList1D>
  <PeakList1D>
    <PeakList1DHeader creator="Dell" date="2020-02-08T12:28:16" expNo="3" name="SDT310A" owner="" procNo="1" source="C:/Users/Dell/Desktop/NMR/Boronate">
      <PeakPickDetails>F1=30.661762ppm, F2=16.587511ppm, MI=1.68cm, MAXI=21.04cm, PC=1.400
      </PeakPickDetails>
    </PeakList1DHeader>
    <Peak1D F1="26.171616" intensity="15.0" type="0"/>
    <Peak1D F1="25.402092" intensity="8.327203" type="0"/>
    <Peak1D F1="25.031105" intensity="8.171179" type="0"/>
    <Peak1D F1="20.738792" intensity="4.618494" type="0"/>
    <Peak1D F1="20.729788" intensity="4.765532" type="0"/>
    <Peak1D F1="20.520924" intensity="3.772683" type="0"/>
    <Peak1D F1="20.422741" intensity="3.792506" type="0"/>
  </PeakList1D>
  <PeakList1D>
    <PeakList1DHeader creator="Dell" date="2020-02-08T12:28:16" expNo="3" name="SDT310A" owner="" procNo="1" source="C:/Users/Dell/Desktop/NMR/Boronate">
      <PeakPickDetails>F1=-1.843057ppm, F2=-10.220587ppm, MI=1.32cm, MAXI=10.58cm, PC=1.400
      </PeakPickDetails>
    </PeakList1DHeader>
    <Peak1D F1="-5.044316" intensity="3.239307" type="0"/>
    <Peak1D F1="-5.085933" intensity="3.349008" type="0"/>
  </PeakList1D>
  <PeakList1D>
    <PeakList1DHeader creator="Dell@Dell-PC" date="2020-02-08T12:28:45" expNo="3" name="SDT310A" owner="Dell" procNo="1" source="C:/Users/Dell/Desktop/NMR/Boronate">
      <PeakPickDetails>Manually picked peaks
</PeakPickDetails>
    </PeakList1DHeader>
    <Peak1D F1="61.67183701797245" intensity="-4.554761126630927" type="1"/>
    <Peak1D F1="35.01507065793445" intensity="-4.523401548381004" type="1"/>
  </PeakList1D>
</PeakList>
