<?xml version="1.0" encoding="UTF-8"?>
<PeakList>
  <PeakList1D>
    <PeakList1DHeader creator="nmr" date="2019-01-07T14:44:55" expNo="1" name="zhq-516" owner="" procNo="1" source="D:/bruker">
      <PeakPickDetails>F1=9.175ppm, F2=8.794ppm, MI=0.90cm, MAXI=5.26cm, PC=1.000
      </PeakPickDetails>
    </PeakList1DHeader>
    <Peak1D F1="8.9474" intensity="3.09" type="0"/>
  </PeakList1D>
  <PeakList1D>
    <PeakList1DHeader creator="nmr" date="2019-01-07T14:44:55" expNo="1" name="zhq-516" owner="" procNo="1" source="D:/bruker">
      <PeakPickDetails>F1=8.260ppm, F2=7.967ppm, MI=0.72cm, MAXI=3.03cm, PC=1.000
      </PeakPickDetails>
    </PeakList1DHeader>
    <Peak1D F1="8.1683" intensity="1.68" type="0"/>
    <Peak1D F1="8.1638" intensity="1.59" type="0"/>
    <Peak1D F1="8.1478" intensity="1.8" type="0"/>
    <Peak1D F1="8.1434" intensity="1.65" type="0"/>
  </PeakList1D>
</PeakList>
