<?xml version="1.0" encoding="UTF-8"?>
<PeakList>
  <PeakList1D>
    <PeakList1DHeader creator="nmr600" date="2019-07-19T11:55:08.067+02:00" expNo="60" name="6Jul1919" owner="" procNo="1" source="/opt/topspin3.0/data/nmr600/nmr">
      <PeakPickDetails>F1=16.450729ppm, F2=-4.099918ppm, MI=0.00cm, MAXI=10000.00cm, PC=1.000
      </PeakPickDetails>
    </PeakList1DHeader>
    <Peak1D F1="13.324517" intensity="1.468592e-03" type="0"/>
    <Peak1D F1="13.158754" intensity="1.674051e-03" type="0"/>
    <Peak1D F1="12.054435" intensity="1.600608e-03" type="0"/>
    <Peak1D F1="9.993939" intensity="2.169551e-03" type="0"/>
    <Peak1D F1="9.838457" intensity="2.002895e-03" type="0"/>
    <Peak1D F1="9.799293" intensity="2.120159e-03" type="0"/>
    <Peak1D F1="9.752508" intensity="3.392489e-03" type="0"/>
    <Peak1D F1="9.739428" intensity="4.543303e-03" type="0"/>
    <Peak1D F1="9.731584" intensity="4.102462e-03" type="0"/>
    <Peak1D F1="9.711804" intensity="5.036242e-03" type="0"/>
    <Peak1D F1="9.597542" intensity="5.329247e-01" type="0"/>
    <Peak1D F1="9.560491" intensity="7.503769e-01" type="0"/>
    <Peak1D F1="9.470377" intensity="1.819983e-02" type="0"/>
    <Peak1D F1="9.431713" intensity="3.756747e-03" type="0"/>
    <Peak1D F1="9.423878" intensity="3.716366e-03" type="0"/>
    <Peak1D F1="9.386010" intensity="2.532758e-03" type="0"/>
    <Peak1D F1="8.372077" intensity="1.374687e-03" type="0"/>
    <Peak1D F1="8.362004" intensity="1.516087e-03" type="0"/>
    <Peak1D F1="8.348081" intensity="1.653450e-03" type="0"/>
    <Peak1D F1="8.295471" intensity="1.380867e-03" type="0"/>
    <Peak1D F1="8.277713" intensity="1.505782e-03" type="0"/>
    <Peak1D F1="8.225671" intensity="2.096474e-03" type="0"/>
    <Peak1D F1="8.190791" intensity="1.611918e-03" type="0"/>
    <Peak1D F1="8.178531" intensity="1.940637e-03" type="0"/>
    <Peak1D F1="8.140671" intensity="2.086012e-03" type="0"/>
    <Peak1D F1="8.127918" intensity="3.100401e-03" type="0"/>
    <Peak1D F1="8.111964" intensity="2.905238e-03" type="0"/>
    <Peak1D F1="8.100925" intensity="8.310452e-03" type="0"/>
    <Peak1D F1="8.062416" intensity="1.341993e-02" type="0"/>
    <Peak1D F1="8.060296" intensity="1.335238e-02" type="0"/>
    <Peak1D F1="8.049030" intensity="1.526791e-02" type="0"/>
    <Peak1D F1="8.046781" intensity="1.509874e-02" type="0"/>
    <Peak1D F1="8.036652" intensity="2.659071e-03" type="0"/>
    <Peak1D F1="8.007738" intensity="2.589101e-03" type="0"/>
    <Peak1D F1="7.980122" intensity="2.751899e-03" type="0"/>
    <Peak1D F1="7.949362" intensity="2.579625e-03" type="0"/>
    <Peak1D F1="7.937337" intensity="3.821054e-03" type="0"/>
    <Peak1D F1="7.927529" intensity="3.170594e-03" type="0"/>
    <Peak1D F1="7.909631" intensity="2.579134e-03" type="0"/>
    <Peak1D F1="7.883911" intensity="9.421359e-03" type="0"/>
    <Peak1D F1="7.871681" intensity="1.088283e-02" type="0"/>
    <Peak1D F1="7.835767" intensity="4.379270e-03" type="0"/>
    <Peak1D F1="7.824403" intensity="4.886107e-03" type="0"/>
    <Peak1D F1="7.810679" intensity="4.796062e-03" type="0"/>
    <Peak1D F1="7.783013" intensity="5.670667e-03" type="0"/>
    <Peak1D F1="7.770408" intensity="6.051382e-03" type="0"/>
    <Peak1D F1="7.754498" intensity="5.510445e-03" type="0"/>
    <Peak1D F1="7.741651" intensity="6.761000e-03" type="0"/>
    <Peak1D F1="7.728535" intensity="9.904673e-03" type="0"/>
    <Peak1D F1="7.719430" intensity="7.862706e-03" type="0"/>
    <Peak1D F1="7.713660" intensity="1.154380e-02" type="0"/>
    <Peak1D F1="7.706964" intensity="1.373792e-02" type="0"/>
    <Peak1D F1="7.703276" intensity="1.250915e-02" type="0"/>
    <Peak1D F1="7.691947" intensity="1.625424e-02" type="0"/>
    <Peak1D F1="7.660492" intensity="2.814092e-02" type="0"/>
    <Peak1D F1="7.658135" intensity="3.037035e-02" type="0"/>
    <Peak1D F1="7.648161" intensity="4.519027e-02" type="0"/>
    <Peak1D F1="7.634154" intensity="3.254795e-02" type="0"/>
    <Peak1D F1="7.582331" intensity="2.062474e-02" type="0"/>
    <Peak1D F1="7.570978" intensity="3.719955e-02" type="0"/>
    <Peak1D F1="7.558310" intensity="3.724332e-02" type="0"/>
    <Peak1D F1="7.554181" intensity="4.747867e-02" type="0"/>
    <Peak1D F1="7.541519" intensity="4.312315e-02" type="0"/>
    <Peak1D F1="7.537365" intensity="3.706561e-02" type="0"/>
    <Peak1D F1="7.533374" intensity="3.315788e-02" type="0"/>
    <Peak1D F1="7.525222" intensity="4.663099e-02" type="0"/>
    <Peak1D F1="7.510697" intensity="4.405736e-02" type="0"/>
    <Peak1D F1="7.502395" intensity="4.750759e-02" type="0"/>
    <Peak1D F1="7.500001" intensity="4.933592e-02" type="0"/>
    <Peak1D F1="7.488072" intensity="5.954252e-02" type="0"/>
    <Peak1D F1="7.476872" intensity="3.345952e-02" type="0"/>
    <Peak1D F1="7.473587" intensity="3.352973e-02" type="0"/>
    <Peak1D F1="7.466394" intensity="2.959720e-02" type="0"/>
    <Peak1D F1="7.456652" intensity="5.295950e-02" type="0"/>
    <Peak1D F1="7.444239" intensity="4.755608e-02" type="0"/>
    <Peak1D F1="7.431914" intensity="5.375956e-02" type="0"/>
    <Peak1D F1="7.423041" intensity="5.622492e-02" type="0"/>
    <Peak1D F1="7.420096" intensity="5.962119e-02" type="0"/>
    <Peak1D F1="7.412030" intensity="6.975315e-02" type="0"/>
    <Peak1D F1="7.400133" intensity="9.714787e-02" type="0"/>
    <Peak1D F1="7.390632" intensity="2.448145e-01" type="0"/>
    <Peak1D F1="7.381768" intensity="1.300709e+00" type="0"/>
    <Peak1D F1="7.369393" intensity="3.494961e+00" type="0"/>
    <Peak1D F1="7.355920" intensity="3.989759e+00" type="0"/>
    <Peak1D F1="7.342632" intensity="2.018175e+00" type="0"/>
    <Peak1D F1="7.325717" intensity="3.294199e+00" type="0"/>
    <Peak1D F1="7.312070" intensity="5.072225e+00" type="0"/>
    <Peak1D F1="7.298621" intensity="2.140782e+00" type="0"/>
    <Peak1D F1="7.284854" intensity="4.106107e+00" type="0"/>
    <Peak1D F1="7.273252" intensity="1.857095e+00" type="0"/>
    <Peak1D F1="7.271031" intensity="2.315103e+00" type="0"/>
    <Peak1D F1="7.258999" intensity="1.749228e+00" type="0"/>
    <Peak1D F1="7.244526" intensity="4.894765e-01" type="0"/>
    <Peak1D F1="7.232233" intensity="4.295928e-01" type="0"/>
    <Peak1D F1="7.223533" intensity="8.597934e-02" type="0"/>
    <Peak1D F1="7.205773" intensity="3.093607e+00" type="0"/>
    <Peak1D F1="7.193471" intensity="2.653450e+00" type="0"/>
    <Peak1D F1="7.180748" intensity="5.475406e-02" type="0"/>
    <Peak1D F1="7.176252" intensity="5.741743e-02" type="0"/>
    <Peak1D F1="7.161465" intensity="7.200532e-02" type="0"/>
    <Peak1D F1="7.148572" intensity="2.007257e-01" type="0"/>
    <Peak1D F1="7.134886" intensity="2.310930e-01" type="0"/>
    <Peak1D F1="7.125961" intensity="7.377467e-02" type="0"/>
    <Peak1D F1="7.122527" intensity="7.847256e-02" type="0"/>
    <Peak1D F1="7.113335" intensity="3.295369e-02" type="0"/>
    <Peak1D F1="7.107863" intensity="3.116677e-02" type="0"/>
    <Peak1D F1="7.104514" intensity="2.130228e-02" type="0"/>
    <Peak1D F1="7.099290" intensity="1.626575e-02" type="0"/>
    <Peak1D F1="7.089122" intensity="8.571453e-03" type="0"/>
    <Peak1D F1="7.085034" intensity="5.959652e-03" type="0"/>
    <Peak1D F1="7.073637" intensity="1.579313e-02" type="0"/>
    <Peak1D F1="7.062719" intensity="1.636540e-02" type="0"/>
    <Peak1D F1="7.047948" intensity="1.266575e-02" type="0"/>
    <Peak1D F1="7.036536" intensity="7.692504e-02" type="0"/>
    <Peak1D F1="7.028766" intensity="1.836833e-02" type="0"/>
    <Peak1D F1="7.022379" intensity="2.075800e-02" type="0"/>
    <Peak1D F1="7.014614" intensity="2.203547e-02" type="0"/>
    <Peak1D F1="7.008637" intensity="1.939271e-02" type="0"/>
    <Peak1D F1="7.003058" intensity="2.267638e-02" type="0"/>
    <Peak1D F1="6.987442" intensity="1.983325e-02" type="0"/>
    <Peak1D F1="6.958160" intensity="2.226813e-01" type="0"/>
    <Peak1D F1="6.945507" intensity="4.645795e-02" type="0"/>
    <Peak1D F1="6.931146" intensity="5.918614e-02" type="0"/>
    <Peak1D F1="6.922721" intensity="5.308197e-02" type="0"/>
    <Peak1D F1="6.907700" intensity="5.934101e-02" type="0"/>
    <Peak1D F1="6.890695" intensity="2.333303e+00" type="0"/>
    <Peak1D F1="6.886267" intensity="1.261218e+00" type="0"/>
    <Peak1D F1="6.876688" intensity="2.164846e+00" type="0"/>
    <Peak1D F1="6.871283" intensity="1.851000e+00" type="0"/>
    <Peak1D F1="6.856914" intensity="1.128755e+00" type="0"/>
    <Peak1D F1="6.841532" intensity="1.293102e-01" type="0"/>
    <Peak1D F1="6.837904" intensity="1.214067e-01" type="0"/>
    <Peak1D F1="6.825205" intensity="2.013389e-02" type="0"/>
    <Peak1D F1="6.790738" intensity="7.927749e-02" type="0"/>
    <Peak1D F1="6.776709" intensity="1.126177e-01" type="0"/>
    <Peak1D F1="6.763495" intensity="8.292545e-02" type="0"/>
    <Peak1D F1="6.742109" intensity="1.775067e+00" type="0"/>
    <Peak1D F1="6.739477" intensity="1.753797e+00" type="0"/>
    <Peak1D F1="6.720452" intensity="2.695422e-02" type="0"/>
    <Peak1D F1="6.709020" intensity="9.651724e-02" type="0"/>
    <Peak1D F1="6.700579" intensity="5.409885e-02" type="0"/>
    <Peak1D F1="6.688356" intensity="3.942225e-02" type="0"/>
    <Peak1D F1="6.679589" intensity="2.113214e-02" type="0"/>
    <Peak1D F1="6.642072" intensity="2.792526e-02" type="0"/>
    <Peak1D F1="6.626427" intensity="1.127873e-02" type="0"/>
    <Peak1D F1="6.608634" intensity="1.268320e-02" type="0"/>
    <Peak1D F1="6.597196" intensity="9.153533e-03" type="0"/>
    <Peak1D F1="6.583663" intensity="4.249599e-03" type="0"/>
    <Peak1D F1="6.571908" intensity="8.081454e-03" type="0"/>
    <Peak1D F1="6.525973" intensity="1.474806e-03" type="0"/>
    <Peak1D F1="5.982489" intensity="2.964625e-02" type="0"/>
    <Peak1D F1="5.883068" intensity="1.384159e-03" type="0"/>
    <Peak1D F1="5.832515" intensity="2.039279e-02" type="0"/>
    <Peak1D F1="5.826484" intensity="1.918157e-02" type="0"/>
    <Peak1D F1="5.715158" intensity="1.559081e-03" type="0"/>
    <Peak1D F1="5.682828" intensity="9.187469e-03" type="0"/>
    <Peak1D F1="5.649821" intensity="2.261185e-03" type="0"/>
    <Peak1D F1="5.639959" intensity="3.714271e-03" type="0"/>
    <Peak1D F1="5.572295" intensity="1.744232e+00" type="0"/>
    <Peak1D F1="5.541242" intensity="5.384864e-03" type="0"/>
    <Peak1D F1="5.512711" intensity="1.519619e-03" type="0"/>
    <Peak1D F1="5.458747" intensity="7.932174e-02" type="0"/>
    <Peak1D F1="5.388069" intensity="6.546368e-03" type="0"/>
    <Peak1D F1="5.381000" intensity="1.654596e-02" type="0"/>
    <Peak1D F1="5.346635" intensity="4.403697e-02" type="0"/>
    <Peak1D F1="5.313686" intensity="1.283573e+01" type="0"/>
    <Peak1D F1="5.281381" intensity="2.374063e-02" type="0"/>
    <Peak1D F1="5.279790" intensity="2.076648e-02" type="0"/>
    <Peak1D F1="5.270919" intensity="1.372748e-02" type="0"/>
    <Peak1D F1="5.241619" intensity="5.538147e-03" type="0"/>
    <Peak1D F1="5.205107" intensity="1.895906e-01" type="0"/>
    <Peak1D F1="5.177924" intensity="1.876057e+00" type="0"/>
    <Peak1D F1="5.163039" intensity="9.734757e-02" type="0"/>
    <Peak1D F1="5.150552" intensity="8.519293e-02" type="0"/>
    <Peak1D F1="5.081175" intensity="2.440172e-02" type="0"/>
    <Peak1D F1="5.074098" intensity="2.641673e-02" type="0"/>
    <Peak1D F1="5.050467" intensity="2.914695e-02" type="0"/>
    <Peak1D F1="5.042557" intensity="3.302619e-02" type="0"/>
    <Peak1D F1="5.036349" intensity="4.912433e-02" type="0"/>
    <Peak1D F1="5.012317" intensity="3.689402e-03" type="0"/>
    <Peak1D F1="4.991001" intensity="1.332941e-02" type="0"/>
    <Peak1D F1="4.983259" intensity="1.499963e-02" type="0"/>
    <Peak1D F1="4.961635" intensity="1.775819e-02" type="0"/>
    <Peak1D F1="4.954538" intensity="1.944975e-02" type="0"/>
    <Peak1D F1="4.928675" intensity="9.591398e-03" type="0"/>
    <Peak1D F1="4.870977" intensity="2.249806e-02" type="0"/>
    <Peak1D F1="4.846035" intensity="5.069887e-01" type="0"/>
    <Peak1D F1="4.838531" intensity="1.005616e+00" type="0"/>
    <Peak1D F1="4.831305" intensity="6.166946e-01" type="0"/>
    <Peak1D F1="4.817544" intensity="7.227157e-01" type="0"/>
    <Peak1D F1="4.809981" intensity="1.445475e+00" type="0"/>
    <Peak1D F1="4.802779" intensity="8.565659e-01" type="0"/>
    <Peak1D F1="4.783575" intensity="1.073770e-01" type="0"/>
    <Peak1D F1="4.776132" intensity="9.443518e-02" type="0"/>
    <Peak1D F1="4.731392" intensity="1.237974e-02" type="0"/>
    <Peak1D F1="4.676788" intensity="1.007240e+00" type="0"/>
    <Peak1D F1="4.667403" intensity="1.323456e+00" type="0"/>
    <Peak1D F1="4.648227" intensity="7.502533e-01" type="0"/>
    <Peak1D F1="4.639018" intensity="1.000376e+00" type="0"/>
    <Peak1D F1="4.614648" intensity="1.105349e-01" type="0"/>
    <Peak1D F1="4.580908" intensity="5.367236e-03" type="0"/>
    <Peak1D F1="4.552794" intensity="7.719089e-03" type="0"/>
    <Peak1D F1="4.523808" intensity="4.710822e-02" type="0"/>
    <Peak1D F1="4.493508" intensity="3.975203e-02" type="0"/>
    <Peak1D F1="4.413764" intensity="3.993004e-03" type="0"/>
    <Peak1D F1="4.383735" intensity="1.590736e-02" type="0"/>
    <Peak1D F1="4.354395" intensity="1.682190e-02" type="0"/>
    <Peak1D F1="4.338890" intensity="2.115789e-03" type="0"/>
    <Peak1D F1="4.328884" intensity="8.901308e-03" type="0"/>
    <Peak1D F1="4.318502" intensity="4.567507e-03" type="0"/>
    <Peak1D F1="4.306921" intensity="3.027489e-03" type="0"/>
    <Peak1D F1="4.297764" intensity="2.994316e-03" type="0"/>
    <Peak1D F1="4.243916" intensity="2.858351e-03" type="0"/>
    <Peak1D F1="4.197684" intensity="4.228051e-03" type="0"/>
    <Peak1D F1="4.181079" intensity="4.253921e-03" type="0"/>
    <Peak1D F1="4.159736" intensity="4.870919e-03" type="0"/>
    <Peak1D F1="4.138821" intensity="5.258743e-03" type="0"/>
    <Peak1D F1="4.118325" intensity="2.114642e-02" type="0"/>
    <Peak1D F1="4.092546" intensity="2.772937e-02" type="0"/>
    <Peak1D F1="4.084057" intensity="1.004489e-02" type="0"/>
    <Peak1D F1="4.070346" intensity="1.460061e-02" type="0"/>
    <Peak1D F1="4.055190" intensity="6.138887e-02" type="0"/>
    <Peak1D F1="4.042182" intensity="2.381125e-02" type="0"/>
    <Peak1D F1="4.035128" intensity="3.154514e-02" type="0"/>
    <Peak1D F1="4.017129" intensity="4.217500e-02" type="0"/>
    <Peak1D F1="4.010195" intensity="2.449938e-02" type="0"/>
    <Peak1D F1="4.003938" intensity="2.841512e-02" type="0"/>
    <Peak1D F1="3.991782" intensity="6.036840e-02" type="0"/>
    <Peak1D F1="3.970127" intensity="5.589365e-02" type="0"/>
    <Peak1D F1="3.936975" intensity="1.083393e+01" type="0"/>
    <Peak1D F1="3.917496" intensity="2.220996e-01" type="0"/>
    <Peak1D F1="3.904699" intensity="4.927991e-01" type="0"/>
    <Peak1D F1="3.892287" intensity="8.080561e-01" type="0"/>
    <Peak1D F1="3.883245" intensity="9.224056e-01" type="0"/>
    <Peak1D F1="3.874374" intensity="9.202299e-01" type="0"/>
    <Peak1D F1="3.865072" intensity="7.658365e-01" type="0"/>
    <Peak1D F1="3.855090" intensity="3.783215e-01" type="0"/>
    <Peak1D F1="3.835387" intensity="2.461342e-01" type="0"/>
    <Peak1D F1="3.821896" intensity="5.412870e-01" type="0"/>
    <Peak1D F1="3.811729" intensity="1.710087e+00" type="0"/>
    <Peak1D F1="3.796047" intensity="1.970570e+00" type="0"/>
    <Peak1D F1="3.783568" intensity="1.500000e+01" type="0"/>
    <Peak1D F1="3.775609" intensity="2.146285e+00" type="0"/>
    <Peak1D F1="3.759661" intensity="5.048983e-01" type="0"/>
    <Peak1D F1="3.749581" intensity="1.153188e-01" type="0"/>
    <Peak1D F1="3.744571" intensity="1.898019e-01" type="0"/>
    <Peak1D F1="3.738070" intensity="1.952262e-01" type="0"/>
    <Peak1D F1="3.729035" intensity="2.118241e-01" type="0"/>
    <Peak1D F1="3.715828" intensity="9.498761e-02" type="0"/>
    <Peak1D F1="3.707308" intensity="2.670405e-02" type="0"/>
    <Peak1D F1="3.699425" intensity="3.065803e-02" type="0"/>
    <Peak1D F1="3.689449" intensity="2.049995e-02" type="0"/>
    <Peak1D F1="3.661029" intensity="8.653125e-02" type="0"/>
    <Peak1D F1="3.650782" intensity="2.398390e-02" type="0"/>
    <Peak1D F1="3.646194" intensity="2.937891e-02" type="0"/>
    <Peak1D F1="3.628023" intensity="1.312940e-02" type="0"/>
    <Peak1D F1="3.615511" intensity="1.376937e-02" type="0"/>
    <Peak1D F1="3.593792" intensity="3.068970e-01" type="0"/>
    <Peak1D F1="3.584963" intensity="3.395626e-01" type="0"/>
    <Peak1D F1="3.581508" intensity="3.505044e-01" type="0"/>
    <Peak1D F1="3.574690" intensity="4.770762e-01" type="0"/>
    <Peak1D F1="3.567823" intensity="3.124010e-01" type="0"/>
    <Peak1D F1="3.555825" intensity="2.602022e-01" type="0"/>
    <Peak1D F1="3.547657" intensity="3.639615e-02" type="0"/>
    <Peak1D F1="3.509989" intensity="4.212977e-01" type="0"/>
    <Peak1D F1="3.500101" intensity="5.371183e-01" type="0"/>
    <Peak1D F1="3.497542" intensity="5.398016e-01" type="0"/>
    <Peak1D F1="3.490712" intensity="6.816024e-01" type="0"/>
    <Peak1D F1="3.483000" intensity="4.868671e-01" type="0"/>
    <Peak1D F1="3.472074" intensity="3.497363e-01" type="0"/>
    <Peak1D F1="3.448254" intensity="3.375703e-02" type="0"/>
    <Peak1D F1="3.438618" intensity="2.838573e-02" type="0"/>
    <Peak1D F1="3.429353" intensity="2.618326e-02" type="0"/>
    <Peak1D F1="3.420430" intensity="1.899554e-02" type="0"/>
    <Peak1D F1="3.385654" intensity="2.178777e-03" type="0"/>
    <Peak1D F1="3.375088" intensity="5.223021e-03" type="0"/>
    <Peak1D F1="3.365856" intensity="5.878335e-03" type="0"/>
    <Peak1D F1="3.355188" intensity="6.493196e-03" type="0"/>
    <Peak1D F1="3.268213" intensity="1.918329e-03" type="0"/>
    <Peak1D F1="3.254512" intensity="2.634996e-03" type="0"/>
    <Peak1D F1="3.246883" intensity="1.748133e-03" type="0"/>
    <Peak1D F1="3.050160" intensity="1.632848e-03" type="0"/>
    <Peak1D F1="3.037982" intensity="3.997188e-03" type="0"/>
    <Peak1D F1="3.029982" intensity="2.672143e-03" type="0"/>
    <Peak1D F1="3.026127" intensity="2.504814e-03" type="0"/>
    <Peak1D F1="3.019098" intensity="3.105844e-03" type="0"/>
    <Peak1D F1="2.972337" intensity="4.668581e-03" type="0"/>
    <Peak1D F1="2.947355" intensity="3.119721e-02" type="0"/>
    <Peak1D F1="2.894469" intensity="3.120043e-03" type="0"/>
    <Peak1D F1="2.825831" intensity="1.732662e-02" type="0"/>
    <Peak1D F1="2.818366" intensity="2.298176e-02" type="0"/>
    <Peak1D F1="2.663415" intensity="1.772455e-03" type="0"/>
    <Peak1D F1="2.627969" intensity="4.320813e-03" type="0"/>
    <Peak1D F1="2.610627" intensity="3.982386e-03" type="0"/>
    <Peak1D F1="2.599753" intensity="2.331454e-03" type="0"/>
    <Peak1D F1="2.592016" intensity="1.654659e-03" type="0"/>
    <Peak1D F1="2.581064" intensity="1.823383e-03" type="0"/>
    <Peak1D F1="2.570104" intensity="1.642829e-03" type="0"/>
    <Peak1D F1="2.562473" intensity="1.536591e-03" type="0"/>
    <Peak1D F1="2.524868" intensity="2.343206e-03" type="0"/>
    <Peak1D F1="2.511142" intensity="3.268158e-03" type="0"/>
    <Peak1D F1="2.498528" intensity="2.546344e-03" type="0"/>
    <Peak1D F1="2.477171" intensity="1.680135e-03" type="0"/>
    <Peak1D F1="2.461433" intensity="2.073296e-03" type="0"/>
    <Peak1D F1="2.443548" intensity="2.088235e-03" type="0"/>
    <Peak1D F1="2.422383" intensity="2.316476e-03" type="0"/>
    <Peak1D F1="2.409134" intensity="2.276004e-03" type="0"/>
    <Peak1D F1="2.402566" intensity="2.935196e-03" type="0"/>
    <Peak1D F1="2.379643" intensity="3.315195e-03" type="0"/>
    <Peak1D F1="2.366797" intensity="3.707107e-03" type="0"/>
    <Peak1D F1="2.345602" intensity="5.888959e-03" type="0"/>
    <Peak1D F1="2.333041" intensity="7.967464e-03" type="0"/>
    <Peak1D F1="2.321676" intensity="6.546326e-03" type="0"/>
    <Peak1D F1="2.288419" intensity="2.872785e-02" type="0"/>
    <Peak1D F1="2.264056" intensity="1.027029e-02" type="0"/>
    <Peak1D F1="2.251544" intensity="1.740930e-02" type="0"/>
    <Peak1D F1="2.241218" intensity="1.786554e-02" type="0"/>
    <Peak1D F1="2.217244" intensity="3.587029e-02" type="0"/>
    <Peak1D F1="2.184212" intensity="5.874110e+00" type="0"/>
    <Peak1D F1="2.164554" intensity="1.616264e-01" type="0"/>
    <Peak1D F1="2.154590" intensity="3.907174e-01" type="0"/>
    <Peak1D F1="2.143491" intensity="8.168007e-01" type="0"/>
    <Peak1D F1="2.131360" intensity="1.093995e+00" type="0"/>
    <Peak1D F1="2.118541" intensity="1.229197e+00" type="0"/>
    <Peak1D F1="2.115479" intensity="1.306704e+00" type="0"/>
    <Peak1D F1="2.104254" intensity="2.072300e+00" type="0"/>
    <Peak1D F1="2.092779" intensity="2.110118e+00" type="0"/>
    <Peak1D F1="2.082767" intensity="1.486825e+00" type="0"/>
    <Peak1D F1="2.071861" intensity="1.004844e+00" type="0"/>
    <Peak1D F1="2.060858" intensity="5.278943e-01" type="0"/>
    <Peak1D F1="2.050719" intensity="1.905051e-01" type="0"/>
    <Peak1D F1="2.030560" intensity="3.427403e-02" type="0"/>
    <Peak1D F1="2.013623" intensity="6.347612e-02" type="0"/>
    <Peak1D F1="1.996808" intensity="2.843153e-01" type="0"/>
    <Peak1D F1="1.984620" intensity="6.947422e-01" type="0"/>
    <Peak1D F1="1.977049" intensity="6.057389e-01" type="0"/>
    <Peak1D F1="1.970743" intensity="8.898336e-01" type="0"/>
    <Peak1D F1="1.966265" intensity="6.322459e-01" type="0"/>
    <Peak1D F1="1.958567" intensity="7.684273e-01" type="0"/>
    <Peak1D F1="1.950730" intensity="4.759024e-01" type="0"/>
    <Peak1D F1="1.939220" intensity="3.102470e-01" type="0"/>
    <Peak1D F1="1.926125" intensity="1.210816e-01" type="0"/>
    <Peak1D F1="1.897984" intensity="2.753702e-02" type="0"/>
    <Peak1D F1="1.855321" intensity="7.322665e-01" type="0"/>
    <Peak1D F1="1.780460" intensity="8.181361e-03" type="0"/>
    <Peak1D F1="1.772296" intensity="8.403895e-03" type="0"/>
    <Peak1D F1="1.760710" intensity="1.033599e-02" type="0"/>
    <Peak1D F1="1.750005" intensity="8.122652e-03" type="0"/>
    <Peak1D F1="1.739580" intensity="5.830048e-03" type="0"/>
    <Peak1D F1="1.727690" intensity="5.257273e-03" type="0"/>
    <Peak1D F1="1.722072" intensity="4.823653e-03" type="0"/>
    <Peak1D F1="1.716734" intensity="3.997547e-03" type="0"/>
    <Peak1D F1="1.701261" intensity="2.864093e-03" type="0"/>
    <Peak1D F1="1.674183" intensity="5.009142e-03" type="0"/>
    <Peak1D F1="1.652559" intensity="2.098207e-02" type="0"/>
    <Peak1D F1="1.641532" intensity="4.605506e-02" type="0"/>
    <Peak1D F1="1.630525" intensity="2.135241e-02" type="0"/>
    <Peak1D F1="1.577547" intensity="2.090390e-02" type="0"/>
    <Peak1D F1="1.566567" intensity="4.263963e-02" type="0"/>
    <Peak1D F1="1.555903" intensity="1.697594e-02" type="0"/>
    <Peak1D F1="1.537335" intensity="6.064481e-03" type="0"/>
    <Peak1D F1="1.490561" intensity="9.419011e-03" type="0"/>
    <Peak1D F1="1.464388" intensity="8.233266e-03" type="0"/>
    <Peak1D F1="1.451434" intensity="5.164693e-03" type="0"/>
    <Peak1D F1="1.443069" intensity="8.823797e-03" type="0"/>
    <Peak1D F1="1.439088" intensity="1.083739e-02" type="0"/>
    <Peak1D F1="1.409656" intensity="1.692048e-02" type="0"/>
    <Peak1D F1="1.391609" intensity="7.226714e-03" type="0"/>
    <Peak1D F1="1.385118" intensity="7.158813e-03" type="0"/>
    <Peak1D F1="1.379092" intensity="9.524453e-03" type="0"/>
    <Peak1D F1="1.373665" intensity="7.619153e-03" type="0"/>
    <Peak1D F1="1.366539" intensity="9.499203e-03" type="0"/>
    <Peak1D F1="1.360963" intensity="1.323897e-02" type="0"/>
    <Peak1D F1="1.351551" intensity="2.768502e-02" type="0"/>
    <Peak1D F1="1.300528" intensity="5.262499e-02" type="0"/>
    <Peak1D F1="1.296830" intensity="4.867177e-02" type="0"/>
    <Peak1D F1="1.272427" intensity="2.132242e-01" type="0"/>
    <Peak1D F1="1.264028" intensity="1.207158e-01" type="0"/>
    <Peak1D F1="1.252145" intensity="1.520988e-01" type="0"/>
    <Peak1D F1="1.240429" intensity="8.096467e-02" type="0"/>
    <Peak1D F1="1.183123" intensity="5.845504e-03" type="0"/>
    <Peak1D F1="1.166242" intensity="5.354956e-03" type="0"/>
    <Peak1D F1="1.146091" intensity="4.667926e-03" type="0"/>
    <Peak1D F1="1.129224" intensity="4.486623e-03" type="0"/>
    <Peak1D F1="1.075787" intensity="5.284181e-03" type="0"/>
    <Peak1D F1="1.026612" intensity="4.150972e-03" type="0"/>
    <Peak1D F1="1.009969" intensity="3.968135e-03" type="0"/>
    <Peak1D F1="0.997711" intensity="3.804211e-03" type="0"/>
    <Peak1D F1="0.989271" intensity="3.898212e-03" type="0"/>
    <Peak1D F1="0.976844" intensity="6.240661e-03" type="0"/>
    <Peak1D F1="0.965183" intensity="4.239587e-03" type="0"/>
    <Peak1D F1="0.950666" intensity="3.102472e-03" type="0"/>
    <Peak1D F1="0.906324" intensity="2.584756e-02" type="0"/>
    <Peak1D F1="0.895239" intensity="4.291095e-02" type="0"/>
    <Peak1D F1="0.883365" intensity="2.979201e-02" type="0"/>
    <Peak1D F1="0.875853" intensity="2.472843e-02" type="0"/>
    <Peak1D F1="0.864973" intensity="3.783031e-02" type="0"/>
    <Peak1D F1="0.857902" intensity="3.910538e-02" type="0"/>
    <Peak1D F1="0.827875" intensity="1.657576e-02" type="0"/>
    <Peak1D F1="0.089772" intensity="2.575301e-02" type="0"/>
    <Peak1D F1="-1.611607" intensity="1.370526e-03" type="0"/>
    <Peak1D F1="-1.754613" intensity="1.391431e-03" type="0"/>
    <Peak1D F1="-2.189219" intensity="1.401106e-03" type="0"/>
  </PeakList1D>
</PeakList>
