<?xml version="1.0" encoding="UTF-8"?>
<PeakList>
  <PeakList1D>
    <PeakList1DHeader creator="Lijin_Xu" date="2017-11-30T14:49:45.941+08:00" expNo="2" name="zhq-481" owner="" procNo="1" source="D:">
      <PeakPickDetails>F1=235.494ppm, F2=-15.494ppm, MI=0.00cm, MAXI=10000.00cm, PC=1.400
      </PeakPickDetails>
    </PeakList1DHeader>
    <Peak1D F1="159.5413" intensity="2.82" type="0"/>
    <Peak1D F1="150.9754" intensity="6.35" type="0"/>
    <Peak1D F1="150.8597" intensity="4.33" type="0"/>
    <Peak1D F1="150.0996" intensity="14.38" type="0"/>
    <Peak1D F1="139.3567" intensity="6.29" type="0"/>
    <Peak1D F1="139.3091" intensity="5.79" type="0"/>
    <Peak1D F1="138.8549" intensity="13.48" type="0"/>
    <Peak1D F1="124.4824" intensity="14.00" type="0"/>
    <Peak1D F1="124.1374" intensity="1.61" type="0"/>
    <Peak1D F1="123.5706" intensity="15.00" type="0"/>
    <Peak1D F1="121.4403" intensity="1.85" type="0"/>
    <Peak1D F1="118.2762" intensity="1.60" type="0"/>
    <Peak1D F1="104.5964" intensity="14.75" type="0"/>
    <Peak1D F1="77.3597" intensity="58.23" type="0"/>
    <Peak1D F1="77.0422" intensity="59.65" type="0"/>
    <Peak1D F1="76.7242" intensity="59.04" type="0"/>
    <Peak1D F1="21.0097" intensity="14.37" type="0"/>
  </PeakList1D>
</PeakList>
