<?xml version="1.0" encoding="UTF-8"?>
<PeakList modified="2020-02-08T12:13:45">
  <PeakList1D>
    <PeakList1DHeader creator="Dell" date="2020-02-08T12:13:17" expNo="1" name="SDT310A" owner="" procNo="1" source="C:/Users/Dell/Desktop/NMR/Boronate">
      <PeakPickDetails>F1=7.978655ppm, F2=6.157292ppm, MI=1.93cm, MAXI=3.49cm, PC=1.000
      </PeakPickDetails>
    </PeakList1DHeader>
    <Peak1D F1="7.25999" intensity="2.801632" type="0"/>
  </PeakList1D>
  <PeakList1D>
    <PeakList1DHeader creator="Dell" date="2020-02-08T12:13:17" expNo="1" name="SDT310A" owner="" procNo="1" source="C:/Users/Dell/Desktop/NMR/Boronate">
      <PeakPickDetails>F1=4.607775ppm, F2=4.085250ppm, MI=0.30cm, MAXI=1.02cm, PC=1.000
      </PeakPickDetails>
    </PeakList1DHeader>
  </PeakList1D>
  <PeakList1D>
    <PeakList1DHeader creator="Dell" date="2020-02-08T12:13:17" expNo="1" name="SDT310A" owner="" procNo="1" source="C:/Users/Dell/Desktop/NMR/Boronate">
      <PeakPickDetails>F1=4.085250ppm, F2=4.020932ppm, MI=0.14cm, MAXI=1.18cm, PC=1.000
      </PeakPickDetails>
    </PeakList1DHeader>
    <Peak1D F1="4.054793" intensity="0.3671664" type="0"/>
  </PeakList1D>
  <PeakList1D>
    <PeakList1DHeader creator="Dell" date="2020-02-08T12:13:17" expNo="1" name="SDT310A" owner="" procNo="1" source="C:/Users/Dell/Desktop/NMR/Boronate">
      <PeakPickDetails>F1=4.020932ppm, F2=3.757229ppm, MI=0.30cm, MAXI=1.02cm, PC=1.000
      </PeakPickDetails>
    </PeakList1DHeader>
    <Peak1D F1="3.955076" intensity="0.4356151" type="0"/>
    <Peak1D F1="3.947602" intensity="0.4639999" type="0"/>
    <Peak1D F1="3.942757" intensity="0.5147203" type="0"/>
    <Peak1D F1="3.934857" intensity="0.4519143" type="0"/>
    <Peak1D F1="3.816506" intensity="0.3226359" type="0"/>
    <Peak1D F1="3.806958" intensity="0.5518194" type="0"/>
    <Peak1D F1="3.79816" intensity="0.6224601" type="0"/>
    <Peak1D F1="3.784211" intensity="0.551211" type="0"/>
    <Peak1D F1="3.775848" intensity="0.3203318" type="0"/>
  </PeakList1D>
  <PeakList1D>
    <PeakList1DHeader creator="Dell" date="2020-02-08T12:13:17" expNo="1" name="SDT310A" owner="" procNo="1" source="C:/Users/Dell/Desktop/NMR/Boronate">
      <PeakPickDetails>F1=3.757229ppm, F2=3.666112ppm, MI=0.08cm, MAXI=1.20cm, PC=1.000
      </PeakPickDetails>
    </PeakList1DHeader>
    <Peak1D F1="3.723895" intensity="0.2829806" type="0"/>
    <Peak1D F1="3.712942" intensity="0.5338561" type="0"/>
    <Peak1D F1="3.699298" intensity="0.4827479" type="0"/>
    <Peak1D F1="3.688197" intensity="0.2286651" type="0"/>
  </PeakList1D>
  <PeakList1D>
    <PeakList1DHeader creator="Dell" date="2020-02-08T12:13:17" expNo="1" name="SDT310A" owner="" procNo="1" source="C:/Users/Dell/Desktop/NMR/Boronate">
      <PeakPickDetails>F1=3.666112ppm, F2=3.166996ppm, MI=0.30cm, MAXI=1.02cm, PC=1.000
      </PeakPickDetails>
    </PeakList1DHeader>
  </PeakList1D>
  <PeakList1D>
    <PeakList1DHeader creator="Dell" date="2020-02-08T12:13:17" expNo="1" name="SDT310A" owner="" procNo="1" source="C:/Users/Dell/Desktop/NMR/Boronate">
      <PeakPickDetails>F1=1.984470ppm, F2=1.631071ppm, MI=0.37cm, MAXI=1.00cm, PC=1.000
      </PeakPickDetails>
    </PeakList1DHeader>
    <Peak1D F1="1.870238" intensity="0.4394592" type="0"/>
    <Peak1D F1="1.860389" intensity="0.8417913" type="0"/>
    <Peak1D F1="1.851386" intensity="0.8334162" type="0"/>
  </PeakList1D>
  <PeakList1D>
    <PeakList1DHeader creator="Dell" date="2020-02-08T12:13:17" expNo="1" name="SDT310A" owner="" procNo="1" source="C:/Users/Dell/Desktop/NMR/Boronate">
      <PeakPickDetails>F1=1.467964ppm, F2=-0.217476ppm, MI=1.24cm, MAXI=16.63cm, PC=1.000
      </PeakPickDetails>
    </PeakList1DHeader>
    <Peak1D F1="1.248823" intensity="4.092438" type="0"/>
    <Peak1D F1="1.239181" intensity="4.085369" type="0"/>
    <Peak1D F1="1.21026" intensity="3.780048" type="0"/>
    <Peak1D F1="1.200677" intensity="3.717176" type="0"/>
    <Peak1D F1="1.175485" intensity="15.0" type="0"/>
    <Peak1D F1="0.891054" intensity="14.10965" type="0"/>
    <Peak1D F1="0.04957" intensity="9.582165" type="0"/>
  </PeakList1D>
  <PeakList1D>
    <PeakList1DHeader creator="Dell@Dell-PC" date="2020-02-08T12:14:12" expNo="1" name="SDT310A" owner="Dell" procNo="1" source="C:/Users/Dell/Desktop/NMR/Boronate">
      <PeakPickDetails>Manually picked peaks
</PeakPickDetails>
    </PeakList1DHeader>
    <Peak1D F1="4.063810624564735" intensity="0.29685392095137947" type="1"/>
    <Peak1D F1="4.0455872585352965" intensity="0.30465808482085915" type="1"/>
    <Peak1D F1="1.8408741655935537" intensity="0.35983158123872194" type="1"/>
  </PeakList1D>
</PeakList>
