<?xml version="1.0" encoding="UTF-8"?>
<PeakList>
  <PeakList1D>
    <PeakList1DHeader creator="Lijin_Xu" date="2018-03-10T15:06:47.602+08:00" expNo="2" name="zhq-515b-2-c" owner="" procNo="1" source="D:">
      <PeakPickDetails>F1=235.494ppm, F2=-15.494ppm, MI=0.00cm, MAXI=10000.00cm, PC=1.400
      </PeakPickDetails>
    </PeakList1DHeader>
    <Peak1D F1="163.9662" intensity="4.42" type="0"/>
    <Peak1D F1="150.2013" intensity="13.45" type="0"/>
    <Peak1D F1="149.5998" intensity="4.55" type="0"/>
    <Peak1D F1="145.9631" intensity="6.31" type="0"/>
    <Peak1D F1="140.0574" intensity="13.51" type="0"/>
    <Peak1D F1="139.2564" intensity="13.91" type="0"/>
    <Peak1D F1="133.9124" intensity="6.87" type="0"/>
    <Peak1D F1="122.7814" intensity="14.21" type="0"/>
    <Peak1D F1="118.5956" intensity="13.99" type="0"/>
    <Peak1D F1="106.1237" intensity="13.40" type="0"/>
    <Peak1D F1="77.3638" intensity="67.73" type="0"/>
    <Peak1D F1="77.2500" intensity="9.04" type="0"/>
    <Peak1D F1="77.0459" intensity="68.35" type="0"/>
    <Peak1D F1="76.7285" intensity="67.60" type="0"/>
    <Peak1D F1="29.6876" intensity="1.47" type="0"/>
    <Peak1D F1="20.6212" intensity="15.00" type="0"/>
    <Peak1D F1="18.1354" intensity="11.42" type="0"/>
    <Peak1D F1="1.0123" intensity="10.20" type="0"/>
  </PeakList1D>
</PeakList>
