<?xml version="1.0" encoding="UTF-8"?>
<PeakList modified="2020-02-03T19:24:33">
  <PeakList1D>
    <PeakList1DHeader creator="Dell" date="2020-02-03T19:24:33" expNo="2" name="SDT516" owner="" procNo="1" source="C:/Users/Dell/Desktop/NMR/E synthesis">
      <PeakPickDetails>F1=154.909210ppm, F2=101.037148ppm, MI=0.13cm, MAXI=2.86cm, PC=1.400
      </PeakPickDetails>
    </PeakList1DHeader>
    <Peak1D F1="149.001007" intensity="1.054843" type="0"/>
    <Peak1D F1="147.699005" intensity="0.7388623" type="0"/>
    <Peak1D F1="147.377289" intensity="0.855164" type="0"/>
    <Peak1D F1="143.905029" intensity="0.8444645" type="0"/>
    <Peak1D F1="129.185455" intensity="0.4306501" type="0"/>
    <Peak1D F1="126.574615" intensity="0.146081" type="0"/>
    <Peak1D F1="126.247284" intensity="0.4326447" type="0"/>
    <Peak1D F1="123.582619" intensity="0.876644" type="0"/>
    <Peak1D F1="120.570351" intensity="0.5125597" type="0"/>
    <Peak1D F1="120.149986" intensity="2.113311" type="0"/>
    <Peak1D F1="115.857399" intensity="2.021025" type="0"/>
    <Peak1D F1="111.476288" intensity="1.884873" type="0"/>
    <Peak1D F1="109.867752" intensity="1.611155" type="0"/>
    <Peak1D F1="109.582809" intensity="1.852084" type="0"/>
  </PeakList1D>
  <PeakList1D>
    <PeakList1DHeader creator="Dell" date="2020-02-03T19:24:33" expNo="2" name="SDT516" owner="" procNo="1" source="C:/Users/Dell/Desktop/NMR/E synthesis">
      <PeakPickDetails>F1=77.581070ppm, F2=76.638115ppm, MI=11.16cm, MAXI=22.16cm, PC=1.400
      </PeakPickDetails>
    </PeakList1DHeader>
    <Peak1D F1="77.382614" intensity="14.69529" type="0"/>
    <Peak1D F1="77.201057" intensity="15.0" type="0"/>
    <Peak1D F1="77.019524" intensity="14.87246" type="0"/>
  </PeakList1D>
  <PeakList1D>
    <PeakList1DHeader creator="Dell" date="2020-02-03T19:24:33" expNo="2" name="SDT516" owner="" procNo="1" source="C:/Users/Dell/Desktop/NMR/E synthesis">
      <PeakPickDetails>F1=70.314934ppm, F2=45.650620ppm, MI=0.24cm, MAXI=3.99cm, PC=1.400
      </PeakPickDetails>
    </PeakList1DHeader>
    <Peak1D F1="66.860817" intensity="1.98831" type="0"/>
    <Peak1D F1="57.818913" intensity="0.7411187" type="0"/>
    <Peak1D F1="56.090599" intensity="2.352998" type="0"/>
    <Peak1D F1="56.059731" intensity="3.113714" type="0"/>
    <Peak1D F1="55.828545" intensity="0.8234998" type="0"/>
    <Peak1D F1="51.184048" intensity="1.336146" type="0"/>
  </PeakList1D>
  <PeakList1D>
    <PeakList1DHeader creator="Dell" date="2020-02-03T19:24:33" expNo="2" name="SDT516" owner="" procNo="1" source="C:/Users/Dell/Desktop/NMR/E synthesis">
      <PeakPickDetails>F1=30.073156ppm, F2=20.553596ppm, MI=0.27cm, MAXI=2.66cm, PC=1.400
      </PeakPickDetails>
    </PeakList1DHeader>
    <Peak1D F1="28.806482" intensity="0.5753439" type="0"/>
    <Peak1D F1="26.108601" intensity="1.080545" type="0"/>
    <Peak1D F1="25.92408" intensity="2.005164" type="0"/>
  </PeakList1D>
</PeakList>
