<?xml version="1.0" encoding="UTF-8"?>
<PeakList>
  <PeakList1D>
    <PeakList1DHeader creator="nmr600" date="2019-09-18T12:40:25.427+02:00" expNo="31" name="6Sep1819" owner="" procNo="1" source="/opt/topspin3.0/data/nmr600/nmr">
      <PeakPickDetails>F1=219.446198ppm, F2=-19.452496ppm, MI=0.00cm, MAXI=10000.00cm, PC=1.400
      </PeakPickDetails>
    </PeakList1DHeader>
    <Peak1D F1="172.845840" intensity="-1.749935e+00" type="0"/>
    <Peak1D F1="158.706894" intensity="-1.912399e+00" type="0"/>
    <Peak1D F1="138.916107" intensity="-2.201709e+00" type="0"/>
    <Peak1D F1="132.727188" intensity="-2.458437e+00" type="0"/>
    <Peak1D F1="129.987259" intensity="8.065332e+00" type="0"/>
    <Peak1D F1="128.737213" intensity="1.240809e+00" type="0"/>
    <Peak1D F1="128.688873" intensity="1.384988e+01" type="0"/>
    <Peak1D F1="128.000748" intensity="1.500000e+01" type="0"/>
    <Peak1D F1="127.300659" intensity="-2.026643e+00" type="0"/>
    <Peak1D F1="127.188057" intensity="6.939480e+00" type="0"/>
    <Peak1D F1="126.633934" intensity="6.024320e-01" type="0"/>
    <Peak1D F1="123.802254" intensity="-1.934300e-01" type="0"/>
    <Peak1D F1="113.815781" intensity="7.869219e+00" type="0"/>
    <Peak1D F1="113.504524" intensity="4.705284e-01" type="0"/>
    <Peak1D F1="113.383583" intensity="4.946824e-01" type="0"/>
    <Peak1D F1="110.611832" intensity="7.908088e+00" type="0"/>
    <Peak1D F1="77.245522" intensity="-1.042551e+01" type="0"/>
    <Peak1D F1="77.033554" intensity="-1.144245e+01" type="0"/>
    <Peak1D F1="76.821899" intensity="-1.160999e+01" type="0"/>
    <Peak1D F1="55.732430" intensity="2.027204e-01" type="0"/>
    <Peak1D F1="55.404194" intensity="1.316913e+01" type="0"/>
    <Peak1D F1="55.355667" intensity="1.212996e+00" type="0"/>
    <Peak1D F1="53.436440" intensity="-1.788677e-01" type="0"/>
    <Peak1D F1="52.699619" intensity="3.829710e-01" type="0"/>
    <Peak1D F1="51.685001" intensity="6.498814e+00" type="0"/>
    <Peak1D F1="45.220322" intensity="-1.116079e+01" type="0"/>
    <Peak1D F1="44.544117" intensity="-7.107563e-01" type="0"/>
    <Peak1D F1="30.946804" intensity="7.725817e-01" type="0"/>
    <Peak1D F1="29.711802" intensity="-2.596205e-01" type="0"/>
  </PeakList1D>
</PeakList>
