<?xml version="1.0" encoding="UTF-8"?>
<PeakList modified="2019-10-14T10:25:05">
  <PeakList1D>
    <PeakList1DHeader creator="tanpures" date="2019-10-14T10:25:05" expNo="1" name="SDT460" owner="" procNo="1" source="/opt/osu/chemistry/data/tanpures/nmr">
      <PeakPickDetails>F1=8.249218ppm, F2=6.635240ppm, MI=1.83cm, MAXI=11.95cm, PC=1.000
      </PeakPickDetails>
    </PeakList1DHeader>
    <Peak1D F1="7.818153" intensity="6.082924" type="0"/>
    <Peak1D F1="7.806908" intensity="6.244703" type="0"/>
    <Peak1D F1="7.558806" intensity="6.10436" type="0"/>
    <Peak1D F1="7.547737" intensity="6.342678" type="0"/>
    <Peak1D F1="7.260042" intensity="2.817538" type="0"/>
    <Peak1D F1="6.975364" intensity="4.452158" type="0"/>
    <Peak1D F1="6.964196" intensity="8.461395" type="0"/>
    <Peak1D F1="6.953055" intensity="4.173754" type="0"/>
  </PeakList1D>
  <PeakList1D>
    <PeakList1DHeader creator="tanpures" date="2019-10-14T10:25:05" expNo="1" name="SDT460" owner="" procNo="1" source="/opt/osu/chemistry/data/tanpures/nmr">
      <PeakPickDetails>F1=4.933990ppm, F2=2.378645ppm, MI=3.65cm, MAXI=17.94cm, PC=1.000
      </PeakPickDetails>
    </PeakList1DHeader>
    <Peak1D F1="4.661538" intensity="8.989526" type="0"/>
    <Peak1D F1="4.652165" intensity="15.0" type="0"/>
    <Peak1D F1="4.64309" intensity="9.26163" type="0"/>
    <Peak1D F1="2.86145" intensity="9.238629" type="0"/>
    <Peak1D F1="2.852042" intensity="14.73665" type="0"/>
    <Peak1D F1="2.843005" intensity="9.116733" type="0"/>
  </PeakList1D>
</PeakList>
