<?xml version="1.0" encoding="UTF-8"?>
<PeakList modified="2020-02-04T10:13:33">
  <PeakList1D>
    <PeakList1DHeader creator="Dell" date="2020-02-04T10:13:33" expNo="2" name="SDT290" owner="" procNo="1" source="C:/Users/Dell/Desktop/NMR/Tetrahydroisoquinoline">
      <PeakPickDetails>F1=164.645126ppm, F2=148.418594ppm, MI=0.45cm, MAXI=1.99cm, PC=1.400
      </PeakPickDetails>
    </PeakList1DHeader>
    <Peak1D F1="155.602829" intensity="1.350109" type="0"/>
  </PeakList1D>
  <PeakList1D>
    <PeakList1DHeader creator="Dell" date="2020-02-04T10:13:33" expNo="2" name="SDT290" owner="" procNo="1" source="C:/Users/Dell/Desktop/NMR/Tetrahydroisoquinoline">
      <PeakPickDetails>F1=85.892395ppm, F2=67.935043ppm, MI=6.34cm, MAXI=20.13cm, PC=1.400
      </PeakPickDetails>
    </PeakList1DHeader>
    <Peak1D F1="77.381973" intensity="14.78536" type="0"/>
    <Peak1D F1="77.200417" intensity="15.0" type="0"/>
    <Peak1D F1="77.018867" intensity="14.81779" type="0"/>
  </PeakList1D>
  <PeakList1D>
    <PeakList1DHeader creator="Dell" date="2020-02-04T10:13:33" expNo="2" name="SDT290" owner="" procNo="1" source="C:/Users/Dell/Desktop/NMR/Tetrahydroisoquinoline">
      <PeakPickDetails>F1=66.420570ppm, F2=48.895924ppm, MI=3.94cm, MAXI=14.70cm, PC=1.400
      </PeakPickDetails>
    </PeakList1DHeader>
    <Peak1D F1="61.551079" intensity="11.52028" type="0"/>
  </PeakList1D>
  <PeakList1D>
    <PeakList1DHeader creator="Dell" date="2020-02-04T10:13:33" expNo="2" name="SDT290" owner="" procNo="1" source="C:/Users/Dell/Desktop/NMR/Tetrahydroisoquinoline">
      <PeakPickDetails>F1=48.895924ppm, F2=43.270729ppm, MI=0.17cm, MAXI=0.86cm, PC=1.400
      </PeakPickDetails>
    </PeakList1DHeader>
    <Peak1D F1="46.549255" intensity="0.2655215" type="0"/>
    <Peak1D F1="45.434734" intensity="0.2946272" type="0"/>
  </PeakList1D>
  <PeakList1D>
    <PeakList1DHeader creator="Dell" date="2020-02-04T10:13:33" expNo="2" name="SDT290" owner="" procNo="1" source="C:/Users/Dell/Desktop/NMR/Tetrahydroisoquinoline">
      <PeakPickDetails>F1=43.270729ppm, F2=37.429180ppm, MI=3.94cm, MAXI=14.70cm, PC=1.400
      </PeakPickDetails>
    </PeakList1DHeader>
    <Peak1D F1="41.853416" intensity="8.924189" type="0"/>
  </PeakList1D>
  <PeakList1D>
    <PeakList1DHeader creator="Dell" date="2020-02-04T10:13:33" expNo="2" name="SDT290" owner="" procNo="1" source="C:/Users/Dell/Desktop/NMR/Tetrahydroisoquinoline">
      <PeakPickDetails>F1=37.429180ppm, F2=24.447962ppm, MI=3.27cm, MAXI=13.86cm, PC=1.400
      </PeakPickDetails>
    </PeakList1DHeader>
    <Peak1D F1="32.333782" intensity="11.18564" type="0"/>
  </PeakList1D>
  <PeakList1D>
    <PeakList1DHeader creator="Dell" date="2020-02-04T10:13:33" expNo="2" name="SDT290" owner="" procNo="1" source="C:/Users/Dell/Desktop/NMR/Tetrahydroisoquinoline">
      <PeakPickDetails>F1=24.447962ppm, F2=16.875584ppm, MI=0.47cm, MAXI=1.34cm, PC=1.400
      </PeakPickDetails>
    </PeakList1DHeader>
    <Peak1D F1="21.604315" intensity="0.6271854" type="0"/>
    <Peak1D F1="20.712034" intensity="0.6567849" type="0"/>
  </PeakList1D>
</PeakList>
