<?xml version="1.0" encoding="UTF-8"?>
<PeakList>
  <PeakList1D>
    <PeakList1DHeader creator="nmrsu" date="2019-10-05T16:14:53.656-03:00" expNo="2" name="2B239_MS5291.32k" owner="" procNo="1" source="C:/NMRData/data/marcio_marilia/nmr">
      <PeakPickDetails>F1=222.593201ppm, F2=-22.602512ppm, MI=0.00cm, MAXI=10000.00cm, PC=1.400
      </PeakPickDetails>
    </PeakList1DHeader>
    <Peak1D F1="171.842941" intensity="9.555316e+000" type="0"/>
    <Peak1D F1="160.376083" intensity="7.178298e+000" type="0"/>
    <Peak1D F1="151.623657" intensity="9.339869e+000" type="0"/>
    <Peak1D F1="146.512497" intensity="7.674546e+000" type="0"/>
    <Peak1D F1="143.878265" intensity="8.766337e+000" type="0"/>
    <Peak1D F1="137.850204" intensity="8.994085e+000" type="0"/>
    <Peak1D F1="130.317337" intensity="7.686213e+000" type="0"/>
    <Peak1D F1="127.381554" intensity="8.913834e+000" type="0"/>
    <Peak1D F1="123.883621" intensity="9.771485e+000" type="0"/>
    <Peak1D F1="120.067680" intensity="1.001399e+001" type="0"/>
    <Peak1D F1="119.526459" intensity="1.018725e+001" type="0"/>
    <Peak1D F1="118.215233" intensity="8.106045e+000" type="0"/>
    <Peak1D F1="115.472694" intensity="6.965797e+000" type="0"/>
    <Peak1D F1="111.724792" intensity="1.063880e+001" type="0"/>
    <Peak1D F1="91.805855" intensity="9.705957e+000" type="0"/>
    <Peak1D F1="87.612442" intensity="9.741958e+000" type="0"/>
    <Peak1D F1="77.352997" intensity="7.644032e+001" type="0"/>
    <Peak1D F1="77.241196" intensity="8.380336e+000" type="0"/>
    <Peak1D F1="77.035255" intensity="7.834920e+001" type="0"/>
    <Peak1D F1="76.717850" intensity="7.711652e+001" type="0"/>
    <Peak1D F1="73.660408" intensity="1.006561e+001" type="0"/>
    <Peak1D F1="72.782784" intensity="1.018812e+001" type="0"/>
    <Peak1D F1="63.349121" intensity="8.014036e+000" type="0"/>
    <Peak1D F1="52.025673" intensity="1.500000e+001" type="0"/>
    <Peak1D F1="30.859608" intensity="1.079831e+001" type="0"/>
  </PeakList1D>
</PeakList>
