<?xml version="1.0" encoding="UTF-8"?>
<PeakList>
  <PeakList1D>
    <PeakList1DHeader creator="Lijin_Xu" date="2017-10-19T15:22:18.092+08:00" expNo="2" name="zhq-429" owner="" procNo="1" source="D:">
      <PeakPickDetails>F1=235.494ppm, F2=-15.494ppm, MI=0.00cm, MAXI=10000.00cm, PC=1.400
      </PeakPickDetails>
    </PeakList1DHeader>
    <Peak1D F1="163.7336" intensity="5.19" type="0"/>
    <Peak1D F1="152.7037" intensity="6.38" type="0"/>
    <Peak1D F1="151.6322" intensity="4.45" type="0"/>
    <Peak1D F1="149.6759" intensity="13.72" type="0"/>
    <Peak1D F1="140.2012" intensity="12.72" type="0"/>
    <Peak1D F1="138.3021" intensity="12.60" type="0"/>
    <Peak1D F1="124.2164" intensity="13.92" type="0"/>
    <Peak1D F1="123.9228" intensity="13.74" type="0"/>
    <Peak1D F1="118.4672" intensity="13.50" type="0"/>
    <Peak1D F1="103.1375" intensity="12.88" type="0"/>
    <Peak1D F1="77.4773" intensity="15.16" type="0"/>
    <Peak1D F1="77.1590" intensity="15.35" type="0"/>
    <Peak1D F1="76.8406" intensity="15.06" type="0"/>
    <Peak1D F1="37.4707" intensity="14.20" type="0"/>
    <Peak1D F1="28.4824" intensity="1.58" type="0"/>
    <Peak1D F1="27.4266" intensity="1.63" type="0"/>
    <Peak1D F1="17.5859" intensity="15.00" type="0"/>
  </PeakList1D>
</PeakList>
