<?xml version="1.0" encoding="UTF-8"?>
<PeakList>
  <PeakList1D>
    <PeakList1DHeader creator="Lijin_Xu" date="2017-11-30T14:25:16.855+08:00" expNo="2" name="zhq-482" owner="" procNo="1" source="D:">
      <PeakPickDetails>F1=235.494ppm, F2=-15.494ppm, MI=0.00cm, MAXI=10000.00cm, PC=1.400
      </PeakPickDetails>
    </PeakList1DHeader>
    <Peak1D F1="157.3841" intensity="1.80" type="0"/>
    <Peak1D F1="157.1238" intensity="2.06" type="0"/>
    <Peak1D F1="152.1853" intensity="2.83" type="0"/>
    <Peak1D F1="151.1819" intensity="3.77" type="0"/>
    <Peak1D F1="150.1157" intensity="6.01" type="0"/>
    <Peak1D F1="149.7235" intensity="2.66" type="0"/>
    <Peak1D F1="140.9387" intensity="4.11" type="0"/>
    <Peak1D F1="140.8858" intensity="3.72" type="0"/>
    <Peak1D F1="138.9680" intensity="6.97" type="0"/>
    <Peak1D F1="124.4491" intensity="11.81" type="0"/>
    <Peak1D F1="123.5738" intensity="7.62" type="0"/>
    <Peak1D F1="120.7068" intensity="5.96" type="0"/>
    <Peak1D F1="120.5450" intensity="6.19" type="0"/>
    <Peak1D F1="103.6026" intensity="7.52" type="0"/>
    <Peak1D F1="103.5550" intensity="7.38" type="0"/>
    <Peak1D F1="77.3810" intensity="55.17" type="0"/>
    <Peak1D F1="77.2663" intensity="6.73" type="0"/>
    <Peak1D F1="77.0630" intensity="55.78" type="0"/>
    <Peak1D F1="76.7453" intensity="55.41" type="0"/>
    <Peak1D F1="20.2187" intensity="15.00" type="0"/>
  </PeakList1D>
</PeakList>
