<?xml version="1.0" encoding="UTF-8"?>
<PeakList>
  <PeakList1D>
    <PeakList1DHeader creator="Lijin_Xu" date="2018-01-08T21:36:16.466+08:00" expNo="2" name="zhq-497B" owner="" procNo="1" source="D:">
      <PeakPickDetails>F1=235.494ppm, F2=-15.494ppm, MI=0.00cm, MAXI=10000.00cm, PC=1.400
      </PeakPickDetails>
    </PeakList1DHeader>
    <Peak1D F1="162.3248" intensity="5.41" type="0"/>
    <Peak1D F1="151.8809" intensity="5.13" type="0"/>
    <Peak1D F1="150.1888" intensity="9.18" type="0"/>
    <Peak1D F1="142.5197" intensity="6.02" type="0"/>
    <Peak1D F1="141.6274" intensity="12.80" type="0"/>
    <Peak1D F1="139.0332" intensity="9.39" type="0"/>
    <Peak1D F1="124.3683" intensity="13.49" type="0"/>
    <Peak1D F1="123.6176" intensity="10.83" type="0"/>
    <Peak1D F1="119.5669" intensity="15.00" type="0"/>
    <Peak1D F1="112.0836" intensity="5.24" type="0"/>
    <Peak1D F1="77.4288" intensity="30.64" type="0"/>
    <Peak1D F1="77.3146" intensity="3.86" type="0"/>
    <Peak1D F1="77.1111" intensity="31.30" type="0"/>
    <Peak1D F1="76.7926" intensity="30.63" type="0"/>
    <Peak1D F1="60.3706" intensity="1.15" type="0"/>
    <Peak1D F1="49.4241" intensity="0.77" type="0"/>
    <Peak1D F1="21.0429" intensity="0.75" type="0"/>
    <Peak1D F1="18.0339" intensity="13.34" type="0"/>
    <Peak1D F1="14.1949" intensity="1.47" type="0"/>
  </PeakList1D>
</PeakList>
