<?xml version="1.0" encoding="UTF-8"?>
<PeakList>
  <PeakList1D>
    <PeakList1DHeader creator="Lijin_Xu" date="2017-11-17T15:25:04.281+08:00" expNo="2" name="zhq-455b" owner="" procNo="1" source="D:">
      <PeakPickDetails>F1=235.494ppm, F2=-15.494ppm, MI=0.00cm, MAXI=10000.00cm, PC=1.400
      </PeakPickDetails>
    </PeakList1DHeader>
    <Peak1D F1="163.8507" intensity="2.51" type="0"/>
    <Peak1D F1="151.6607" intensity="2.71" type="0"/>
    <Peak1D F1="149.7929" intensity="6.59" type="0"/>
    <Peak1D F1="149.5623" intensity="3.96" type="0"/>
    <Peak1D F1="141.0310" intensity="3.54" type="0"/>
    <Peak1D F1="140.1380" intensity="6.80" type="0"/>
    <Peak1D F1="138.4582" intensity="6.42" type="0"/>
    <Peak1D F1="128.3845" intensity="14.80" type="0"/>
    <Peak1D F1="128.2837" intensity="15.00" type="0"/>
    <Peak1D F1="126.0002" intensity="7.41" type="0"/>
    <Peak1D F1="124.0078" intensity="7.14" type="0"/>
    <Peak1D F1="123.9625" intensity="7.58" type="0"/>
    <Peak1D F1="118.6913" intensity="6.85" type="0"/>
    <Peak1D F1="105.1208" intensity="6.92" type="0"/>
    <Peak1D F1="77.4630" intensity="16.88" type="0"/>
    <Peak1D F1="77.3473" intensity="2.04" type="0"/>
    <Peak1D F1="77.1448" intensity="17.21" type="0"/>
    <Peak1D F1="76.8267" intensity="16.80" type="0"/>
    <Peak1D F1="35.1750" intensity="7.56" type="0"/>
    <Peak1D F1="32.4830" intensity="7.48" type="0"/>
    <Peak1D F1="29.5599" intensity="7.94" type="0"/>
  </PeakList1D>
</PeakList>
