<?xml version="1.0" encoding="UTF-8"?>
<PeakList>
  <PeakList1D>
    <PeakList1DHeader creator="nmr" date="2018-05-22T17:02:12.065+08:00" expNo="2" name="zhq-597-C" owner="" procNo="1" source="D:/bruker">
      <PeakPickDetails>F1=235.494ppm, F2=-15.494ppm, MI=0.00cm, MAXI=10000.00cm, PC=1.400
      </PeakPickDetails>
    </PeakList1DHeader>
    <Peak1D F1="170.7050" intensity="6.01" type="0"/>
    <Peak1D F1="153.8281" intensity="4.18" type="0"/>
    <Peak1D F1="148.5247" intensity="12.80" type="0"/>
    <Peak1D F1="137.1573" intensity="12.34" type="0"/>
    <Peak1D F1="123.5142" intensity="13.09" type="0"/>
    <Peak1D F1="121.4611" intensity="13.05" type="0"/>
    <Peak1D F1="77.4244" intensity="24.45" type="0"/>
    <Peak1D F1="77.1064" intensity="25.68" type="0"/>
    <Peak1D F1="76.7885" intensity="25.30" type="0"/>
    <Peak1D F1="52.6762" intensity="14.23" type="0"/>
    <Peak1D F1="48.8500" intensity="1.48" type="0"/>
    <Peak1D F1="33.0085" intensity="14.54" type="0"/>
    <Peak1D F1="30.1926" intensity="15.00" type="0"/>
    <Peak1D F1="20.6395" intensity="13.95" type="0"/>
    <Peak1D F1="17.8849" intensity="13.61" type="0"/>
  </PeakList1D>
</PeakList>
