<?xml version="1.0" encoding="UTF-8"?>
<PeakList>
  <PeakList1D>
    <PeakList1DHeader creator="nmr600" date="2019-08-22T13:52:53.046+02:00" expNo="40" name="6Aug2219" owner="" procNo="1" source="/opt/topspin3.0/data/nmr600/nmr">
      <PeakPickDetails>F1=16.369459ppm, F2=-4.181187ppm, MI=0.00cm, MAXI=10000.00cm, PC=1.000
      </PeakPickDetails>
    </PeakList1DHeader>
    <Peak1D F1="16.289700" intensity="1.470013e-04" type="0"/>
    <Peak1D F1="16.249413" intensity="1.497525e-04" type="0"/>
    <Peak1D F1="16.152151" intensity="1.607273e-04" type="0"/>
    <Peak1D F1="16.065781" intensity="1.644903e-04" type="0"/>
    <Peak1D F1="16.037529" intensity="1.534014e-04" type="0"/>
    <Peak1D F1="16.025894" intensity="1.463631e-04" type="0"/>
    <Peak1D F1="16.004023" intensity="1.495473e-04" type="0"/>
    <Peak1D F1="9.252539" intensity="2.093743e-04" type="0"/>
    <Peak1D F1="9.155419" intensity="5.396541e-03" type="0"/>
    <Peak1D F1="8.631342" intensity="4.727081e-04" type="0"/>
    <Peak1D F1="8.264749" intensity="1.932321e-04" type="0"/>
    <Peak1D F1="8.193789" intensity="1.524429e-04" type="0"/>
    <Peak1D F1="8.069211" intensity="2.953341e-04" type="0"/>
    <Peak1D F1="8.055388" intensity="5.516613e-04" type="0"/>
    <Peak1D F1="8.040428" intensity="2.698925e-04" type="0"/>
    <Peak1D F1="8.013680" intensity="8.960388e-04" type="0"/>
    <Peak1D F1="7.966762" intensity="1.670264e-04" type="0"/>
    <Peak1D F1="7.950892" intensity="1.413624e-03" type="0"/>
    <Peak1D F1="7.948577" intensity="1.518281e-03" type="0"/>
    <Peak1D F1="7.937475" intensity="1.645239e-03" type="0"/>
    <Peak1D F1="7.935263" intensity="1.565860e-03" type="0"/>
    <Peak1D F1="7.914538" intensity="1.363332e-03" type="0"/>
    <Peak1D F1="7.900014" intensity="1.569187e-03" type="0"/>
    <Peak1D F1="7.883528" intensity="1.489216e-04" type="0"/>
    <Peak1D F1="7.842738" intensity="2.729300e-04" type="0"/>
    <Peak1D F1="7.831291" intensity="1.853105e-04" type="0"/>
    <Peak1D F1="7.810817" intensity="2.894688e-04" type="0"/>
    <Peak1D F1="7.801602" intensity="2.492357e-04" type="0"/>
    <Peak1D F1="7.797055" intensity="2.875036e-04" type="0"/>
    <Peak1D F1="7.745579" intensity="2.588833e-04" type="0"/>
    <Peak1D F1="7.732183" intensity="3.158551e-04" type="0"/>
    <Peak1D F1="7.720036" intensity="2.324836e-04" type="0"/>
    <Peak1D F1="7.661893" intensity="1.677256e-04" type="0"/>
    <Peak1D F1="7.650838" intensity="2.314173e-04" type="0"/>
    <Peak1D F1="7.638130" intensity="3.057548e-04" type="0"/>
    <Peak1D F1="7.615059" intensity="1.630066e-03" type="0"/>
    <Peak1D F1="7.603594" intensity="1.962164e-03" type="0"/>
    <Peak1D F1="7.584312" intensity="9.488260e-04" type="0"/>
    <Peak1D F1="7.582083" intensity="9.704088e-04" type="0"/>
    <Peak1D F1="7.570033" intensity="1.814072e-03" type="0"/>
    <Peak1D F1="7.562263" intensity="1.392037e-03" type="0"/>
    <Peak1D F1="7.558129" intensity="1.241872e-03" type="0"/>
    <Peak1D F1="7.555675" intensity="1.226084e-03" type="0"/>
    <Peak1D F1="7.540537" intensity="7.015840e-04" type="0"/>
    <Peak1D F1="7.498017" intensity="5.814005e-04" type="0"/>
    <Peak1D F1="7.480772" intensity="1.734384e-03" type="0"/>
    <Peak1D F1="7.469379" intensity="3.993252e-03" type="0"/>
    <Peak1D F1="7.456433" intensity="3.690119e-03" type="0"/>
    <Peak1D F1="7.431122" intensity="6.770758e-03" type="0"/>
    <Peak1D F1="7.421230" intensity="1.225538e-02" type="0"/>
    <Peak1D F1="7.414720" intensity="9.690126e-03" type="0"/>
    <Peak1D F1="7.407445" intensity="8.230646e-03" type="0"/>
    <Peak1D F1="7.400802" intensity="4.886471e-03" type="0"/>
    <Peak1D F1="7.396457" intensity="3.206356e-03" type="0"/>
    <Peak1D F1="7.393838" intensity="3.565755e-03" type="0"/>
    <Peak1D F1="7.381850" intensity="3.879718e-03" type="0"/>
    <Peak1D F1="7.374527" intensity="4.239918e-03" type="0"/>
    <Peak1D F1="7.369280" intensity="3.146381e-03" type="0"/>
    <Peak1D F1="7.352506" intensity="6.453886e-03" type="0"/>
    <Peak1D F1="7.347713" intensity="7.264901e-03" type="0"/>
    <Peak1D F1="7.344732" intensity="6.922423e-03" type="0"/>
    <Peak1D F1="7.337919" intensity="9.016064e-03" type="0"/>
    <Peak1D F1="7.334408" intensity="1.138349e-02" type="0"/>
    <Peak1D F1="7.328775" intensity="1.277370e-02" type="0"/>
    <Peak1D F1="7.321390" intensity="2.003555e-02" type="0"/>
    <Peak1D F1="7.318595" intensity="2.383785e-02" type="0"/>
    <Peak1D F1="7.308067" intensity="6.687737e-02" type="0"/>
    <Peak1D F1="7.301208" intensity="2.582315e-01" type="0"/>
    <Peak1D F1="7.289010" intensity="2.562908e+00" type="0"/>
    <Peak1D F1="7.286169" intensity="3.241904e+00" type="0"/>
    <Peak1D F1="7.274129" intensity="3.282890e-01" type="0"/>
    <Peak1D F1="7.260162" intensity="1.431577e-02" type="0"/>
    <Peak1D F1="7.253052" intensity="9.819236e-03" type="0"/>
    <Peak1D F1="7.246443" intensity="6.287013e-03" type="0"/>
    <Peak1D F1="7.235517" intensity="3.862594e-03" type="0"/>
    <Peak1D F1="7.219174" intensity="3.441125e-03" type="0"/>
    <Peak1D F1="7.202808" intensity="3.163050e-01" type="0"/>
    <Peak1D F1="7.168562" intensity="4.236127e-03" type="0"/>
    <Peak1D F1="7.160962" intensity="6.497760e-03" type="0"/>
    <Peak1D F1="7.156497" intensity="6.346197e-03" type="0"/>
    <Peak1D F1="7.153934" intensity="7.064510e-03" type="0"/>
    <Peak1D F1="7.147344" intensity="7.028204e-03" type="0"/>
    <Peak1D F1="7.141872" intensity="5.632814e-03" type="0"/>
    <Peak1D F1="7.137527" intensity="3.652935e-03" type="0"/>
    <Peak1D F1="7.133041" intensity="3.361893e-03" type="0"/>
    <Peak1D F1="7.126987" intensity="2.183601e-03" type="0"/>
    <Peak1D F1="7.094926" intensity="5.332167e-04" type="0"/>
    <Peak1D F1="7.087439" intensity="7.673895e-04" type="0"/>
    <Peak1D F1="7.073516" intensity="8.641814e-04" type="0"/>
    <Peak1D F1="7.062376" intensity="5.929439e-04" type="0"/>
    <Peak1D F1="7.047065" intensity="6.392902e-03" type="0"/>
    <Peak1D F1="7.025897" intensity="2.070513e-03" type="0"/>
    <Peak1D F1="7.007917" intensity="4.411061e-04" type="0"/>
    <Peak1D F1="6.991196" intensity="2.774543e-04" type="0"/>
    <Peak1D F1="6.966979" intensity="2.539322e-04" type="0"/>
    <Peak1D F1="6.954740" intensity="4.101613e-04" type="0"/>
    <Peak1D F1="6.941945" intensity="3.538913e-04" type="0"/>
    <Peak1D F1="6.930504" intensity="2.688269e-04" type="0"/>
    <Peak1D F1="6.905828" intensity="2.179100e-04" type="0"/>
    <Peak1D F1="6.884576" intensity="1.550842e-04" type="0"/>
    <Peak1D F1="6.859729" intensity="2.236867e-04" type="0"/>
    <Peak1D F1="6.736010" intensity="3.806373e-04" type="0"/>
    <Peak1D F1="6.710619" intensity="2.928809e-04" type="0"/>
    <Peak1D F1="6.700315" intensity="2.879412e-04" type="0"/>
    <Peak1D F1="6.625410" intensity="4.060370e-04" type="0"/>
    <Peak1D F1="6.572142" intensity="4.034081e-03" type="0"/>
    <Peak1D F1="6.537797" intensity="1.006278e-03" type="0"/>
    <Peak1D F1="6.328961" intensity="8.681893e-03" type="0"/>
    <Peak1D F1="6.323298" intensity="8.836112e-03" type="0"/>
    <Peak1D F1="6.236739" intensity="4.762187e-03" type="0"/>
    <Peak1D F1="6.144702" intensity="1.589899e-03" type="0"/>
    <Peak1D F1="6.139157" intensity="1.494758e-03" type="0"/>
    <Peak1D F1="6.083831" intensity="1.034491e-02" type="0"/>
    <Peak1D F1="6.033467" intensity="6.687256e-04" type="0"/>
    <Peak1D F1="6.023622" intensity="1.037330e-03" type="0"/>
    <Peak1D F1="6.001425" intensity="1.926843e-03" type="0"/>
    <Peak1D F1="5.967544" intensity="6.327541e-03" type="0"/>
    <Peak1D F1="5.941437" intensity="4.406434e-02" type="0"/>
    <Peak1D F1="5.934862" intensity="1.946505e+00" type="0"/>
    <Peak1D F1="5.927796" intensity="3.538938e-02" type="0"/>
    <Peak1D F1="5.924213" intensity="2.050007e-02" type="0"/>
    <Peak1D F1="5.911520" intensity="2.284758e-03" type="0"/>
    <Peak1D F1="5.901299" intensity="2.565422e-03" type="0"/>
    <Peak1D F1="5.873861" intensity="1.014177e-03" type="0"/>
    <Peak1D F1="5.868747" intensity="1.872141e-03" type="0"/>
    <Peak1D F1="5.855577" intensity="1.774870e-03" type="0"/>
    <Peak1D F1="5.843815" intensity="1.868037e-04" type="0"/>
    <Peak1D F1="5.781422" intensity="9.506343e-03" type="0"/>
    <Peak1D F1="5.758816" intensity="8.770365e-03" type="0"/>
    <Peak1D F1="5.702404" intensity="1.401108e-03" type="0"/>
    <Peak1D F1="5.683895" intensity="4.787948e-04" type="0"/>
    <Peak1D F1="5.668579" intensity="4.998177e-03" type="0"/>
    <Peak1D F1="5.635921" intensity="1.817358e+00" type="0"/>
    <Peak1D F1="5.620122" intensity="5.569854e-03" type="0"/>
    <Peak1D F1="5.612004" intensity="2.534569e-03" type="0"/>
    <Peak1D F1="5.603940" intensity="3.482531e-03" type="0"/>
    <Peak1D F1="5.583488" intensity="1.939839e-04" type="0"/>
    <Peak1D F1="5.509401" intensity="9.130931e-03" type="0"/>
    <Peak1D F1="5.440275" intensity="5.256410e-04" type="0"/>
    <Peak1D F1="5.368795" intensity="4.504388e-04" type="0"/>
    <Peak1D F1="5.223909" intensity="1.413559e-01" type="0"/>
    <Peak1D F1="5.073293" intensity="3.523567e-04" type="0"/>
    <Peak1D F1="4.955314" intensity="4.145088e-03" type="0"/>
    <Peak1D F1="4.605537" intensity="6.013447e-04" type="0"/>
    <Peak1D F1="4.116852" intensity="2.260587e-04" type="0"/>
    <Peak1D F1="4.107301" intensity="4.065570e-04" type="0"/>
    <Peak1D F1="4.096604" intensity="2.397742e-04" type="0"/>
    <Peak1D F1="4.064454" intensity="5.556786e-04" type="0"/>
    <Peak1D F1="4.012614" intensity="3.201927e-03" type="0"/>
    <Peak1D F1="3.984828" intensity="3.644825e-04" type="0"/>
    <Peak1D F1="3.916004" intensity="1.238487e-03" type="0"/>
    <Peak1D F1="3.895108" intensity="9.075361e-04" type="0"/>
    <Peak1D F1="3.887058" intensity="9.692078e-04" type="0"/>
    <Peak1D F1="3.876009" intensity="9.652976e-04" type="0"/>
    <Peak1D F1="3.868924" intensity="1.003530e-03" type="0"/>
    <Peak1D F1="3.847563" intensity="1.386705e-03" type="0"/>
    <Peak1D F1="3.784712" intensity="2.755632e-03" type="0"/>
    <Peak1D F1="3.778092" intensity="2.843966e-03" type="0"/>
    <Peak1D F1="3.769698" intensity="3.079354e-03" type="0"/>
    <Peak1D F1="3.759178" intensity="3.482273e-03" type="0"/>
    <Peak1D F1="3.751519" intensity="3.795823e-03" type="0"/>
    <Peak1D F1="3.745094" intensity="4.683809e-03" type="0"/>
    <Peak1D F1="3.698798" intensity="6.093797e-03" type="0"/>
    <Peak1D F1="3.688447" intensity="6.827268e-03" type="0"/>
    <Peak1D F1="3.668216" intensity="7.724394e-03" type="0"/>
    <Peak1D F1="3.653467" intensity="8.202834e-03" type="0"/>
    <Peak1D F1="3.634337" intensity="9.637696e-03" type="0"/>
    <Peak1D F1="3.607235" intensity="2.835550e-02" type="0"/>
    <Peak1D F1="3.444731" intensity="2.043651e-01" type="0"/>
    <Peak1D F1="3.328174" intensity="2.201751e-02" type="0"/>
    <Peak1D F1="3.270081" intensity="1.769286e-02" type="0"/>
    <Peak1D F1="3.252517" intensity="1.734027e-02" type="0"/>
    <Peak1D F1="3.182806" intensity="1.677607e-02" type="0"/>
    <Peak1D F1="3.168590" intensity="1.680313e-02" type="0"/>
    <Peak1D F1="3.153818" intensity="1.682893e-02" type="0"/>
    <Peak1D F1="3.138386" intensity="1.681259e-02" type="0"/>
    <Peak1D F1="2.914264" intensity="6.412792e-03" type="0"/>
    <Peak1D F1="2.896683" intensity="7.070162e-03" type="0"/>
    <Peak1D F1="2.885026" intensity="8.878878e-03" type="0"/>
    <Peak1D F1="2.802742" intensity="4.151858e-03" type="0"/>
    <Peak1D F1="2.758372" intensity="3.369818e-03" type="0"/>
    <Peak1D F1="2.731007" intensity="1.762265e-03" type="0"/>
    <Peak1D F1="2.722798" intensity="1.532161e-03" type="0"/>
    <Peak1D F1="2.630337" intensity="3.742370e-04" type="0"/>
    <Peak1D F1="2.611406" intensity="3.195436e-04" type="0"/>
    <Peak1D F1="2.564896" intensity="2.343332e-04" type="0"/>
    <Peak1D F1="2.542901" intensity="1.425155e-03" type="0"/>
    <Peak1D F1="2.281443" intensity="2.494089e-04" type="0"/>
    <Peak1D F1="2.269347" intensity="5.370383e-04" type="0"/>
    <Peak1D F1="2.256190" intensity="5.609321e-04" type="0"/>
    <Peak1D F1="2.242508" intensity="5.454592e-04" type="0"/>
    <Peak1D F1="2.231180" intensity="3.647144e-04" type="0"/>
    <Peak1D F1="2.207897" intensity="7.736050e-04" type="0"/>
    <Peak1D F1="2.096828" intensity="7.723820e-03" type="0"/>
    <Peak1D F1="2.029864" intensity="4.106178e-04" type="0"/>
    <Peak1D F1="2.009485" intensity="1.097370e-03" type="0"/>
    <Peak1D F1="1.993451" intensity="2.693344e-03" type="0"/>
    <Peak1D F1="1.982881" intensity="2.149825e-03" type="0"/>
    <Peak1D F1="1.972059" intensity="2.759372e-03" type="0"/>
    <Peak1D F1="1.962532" intensity="3.118374e-03" type="0"/>
    <Peak1D F1="1.950052" intensity="2.687243e-03" type="0"/>
    <Peak1D F1="1.941241" intensity="2.709246e-03" type="0"/>
    <Peak1D F1="1.928205" intensity="4.717276e-03" type="0"/>
    <Peak1D F1="1.882804" intensity="9.948766e-02" type="0"/>
    <Peak1D F1="1.874592" intensity="2.253965e-01" type="0"/>
    <Peak1D F1="1.867669" intensity="3.436094e-01" type="0"/>
    <Peak1D F1="1.861171" intensity="3.861236e-01" type="0"/>
    <Peak1D F1="1.851001" intensity="3.030393e-01" type="0"/>
    <Peak1D F1="1.769075" intensity="2.499629e-01" type="0"/>
    <Peak1D F1="1.591310" intensity="1.736681e-03" type="0"/>
    <Peak1D F1="1.579351" intensity="1.669554e-03" type="0"/>
    <Peak1D F1="1.570290" intensity="3.313572e-03" type="0"/>
    <Peak1D F1="1.559129" intensity="6.203334e-03" type="0"/>
    <Peak1D F1="1.547622" intensity="3.049774e-03" type="0"/>
    <Peak1D F1="1.538137" intensity="1.749691e-03" type="0"/>
    <Peak1D F1="1.528601" intensity="1.626066e-03" type="0"/>
    <Peak1D F1="1.508025" intensity="1.839696e-03" type="0"/>
    <Peak1D F1="1.497207" intensity="1.870986e-03" type="0"/>
    <Peak1D F1="1.486794" intensity="1.525458e-03" type="0"/>
    <Peak1D F1="1.476474" intensity="2.677637e-03" type="0"/>
    <Peak1D F1="1.465674" intensity="5.395253e-03" type="0"/>
    <Peak1D F1="1.454635" intensity="2.318172e-03" type="0"/>
    <Peak1D F1="1.406986" intensity="1.016093e-03" type="0"/>
    <Peak1D F1="1.376495" intensity="7.225233e-04" type="0"/>
    <Peak1D F1="1.366758" intensity="8.430003e-04" type="0"/>
    <Peak1D F1="1.351115" intensity="1.744369e-03" type="0"/>
    <Peak1D F1="1.338727" intensity="6.830893e-04" type="0"/>
    <Peak1D F1="1.329455" intensity="6.897313e-04" type="0"/>
    <Peak1D F1="1.324660" intensity="7.125127e-04" type="0"/>
    <Peak1D F1="1.316685" intensity="7.830015e-04" type="0"/>
    <Peak1D F1="1.310252" intensity="1.130441e-03" type="0"/>
    <Peak1D F1="1.299660" intensity="2.437308e-03" type="0"/>
    <Peak1D F1="1.283633" intensity="1.914328e-03" type="0"/>
    <Peak1D F1="1.277915" intensity="2.071627e-03" type="0"/>
    <Peak1D F1="1.271203" intensity="2.092265e-03" type="0"/>
    <Peak1D F1="1.262361" intensity="4.043267e-03" type="0"/>
    <Peak1D F1="1.249213" intensity="3.102485e-03" type="0"/>
    <Peak1D F1="1.234392" intensity="7.359210e-03" type="0"/>
    <Peak1D F1="1.224171" intensity="9.433875e-03" type="0"/>
    <Peak1D F1="1.221627" intensity="9.749984e-03" type="0"/>
    <Peak1D F1="1.212827" intensity="1.210418e-02" type="0"/>
    <Peak1D F1="1.206804" intensity="1.275010e-02" type="0"/>
    <Peak1D F1="1.195250" intensity="9.543697e-02" type="0"/>
    <Peak1D F1="1.182933" intensity="4.504729e-02" type="0"/>
    <Peak1D F1="1.170569" intensity="2.648606e-02" type="0"/>
    <Peak1D F1="1.158730" intensity="6.433131e-03" type="0"/>
    <Peak1D F1="1.156431" intensity="6.010942e-03" type="0"/>
    <Peak1D F1="1.148215" intensity="4.740521e-03" type="0"/>
    <Peak1D F1="1.141780" intensity="6.334780e-03" type="0"/>
    <Peak1D F1="1.131880" intensity="3.998623e-03" type="0"/>
    <Peak1D F1="1.121158" intensity="2.738643e-03" type="0"/>
    <Peak1D F1="1.109213" intensity="2.263176e-03" type="0"/>
    <Peak1D F1="1.104515" intensity="2.186082e-03" type="0"/>
    <Peak1D F1="1.093059" intensity="7.439124e-03" type="0"/>
    <Peak1D F1="1.087049" intensity="2.352226e-03" type="0"/>
    <Peak1D F1="1.082649" intensity="3.205348e-03" type="0"/>
    <Peak1D F1="1.074526" intensity="2.183264e-03" type="0"/>
    <Peak1D F1="1.064884" intensity="7.974708e-03" type="0"/>
    <Peak1D F1="1.053648" intensity="5.023102e-03" type="0"/>
    <Peak1D F1="1.044765" intensity="1.762129e-03" type="0"/>
    <Peak1D F1="1.037536" intensity="1.652577e-03" type="0"/>
    <Peak1D F1="1.030349" intensity="3.597409e-03" type="0"/>
    <Peak1D F1="1.024678" intensity="2.442547e-03" type="0"/>
    <Peak1D F1="1.018031" intensity="2.997798e-03" type="0"/>
    <Peak1D F1="1.006698" intensity="6.447888e-03" type="0"/>
    <Peak1D F1="0.997166" intensity="3.512816e-03" type="0"/>
    <Peak1D F1="0.973625" intensity="3.355117e-02" type="0"/>
    <Peak1D F1="0.956552" intensity="2.120968e-03" type="0"/>
    <Peak1D F1="0.949600" intensity="1.936654e-03" type="0"/>
    <Peak1D F1="0.937330" intensity="1.852344e-03" type="0"/>
    <Peak1D F1="0.932743" intensity="1.896813e-03" type="0"/>
    <Peak1D F1="0.925399" intensity="1.618173e-03" type="0"/>
    <Peak1D F1="0.919006" intensity="3.244162e-03" type="0"/>
    <Peak1D F1="0.913654" intensity="2.346606e-03" type="0"/>
    <Peak1D F1="0.905669" intensity="1.272667e-03" type="0"/>
    <Peak1D F1="0.897840" intensity="1.297253e-03" type="0"/>
    <Peak1D F1="0.891898" intensity="1.440521e-03" type="0"/>
    <Peak1D F1="0.873812" intensity="6.446879e-02" type="0"/>
    <Peak1D F1="0.857204" intensity="2.004684e-03" type="0"/>
    <Peak1D F1="0.846339" intensity="5.981550e-03" type="0"/>
    <Peak1D F1="0.843833" intensity="5.764472e-03" type="0"/>
    <Peak1D F1="0.836914" intensity="1.430447e-02" type="0"/>
    <Peak1D F1="0.817841" intensity="1.005335e-02" type="0"/>
    <Peak1D F1="0.803194" intensity="5.388253e-02" type="0"/>
    <Peak1D F1="0.770451" intensity="1.500000e+01" type="0"/>
    <Peak1D F1="0.737302" intensity="3.549418e-02" type="0"/>
    <Peak1D F1="0.728085" intensity="1.447568e-02" type="0"/>
    <Peak1D F1="0.703342" intensity="5.892970e-03" type="0"/>
    <Peak1D F1="0.693072" intensity="5.000260e-03" type="0"/>
    <Peak1D F1="0.689029" intensity="4.372419e-03" type="0"/>
    <Peak1D F1="0.685457" intensity="4.255779e-03" type="0"/>
    <Peak1D F1="0.676451" intensity="3.848028e-03" type="0"/>
    <Peak1D F1="0.663458" intensity="6.660414e-02" type="0"/>
    <Peak1D F1="0.637730" intensity="2.609619e-03" type="0"/>
    <Peak1D F1="0.632112" intensity="4.722005e-03" type="0"/>
    <Peak1D F1="0.620575" intensity="4.272069e-03" type="0"/>
    <Peak1D F1="0.612631" intensity="1.505719e-03" type="0"/>
    <Peak1D F1="0.598605" intensity="1.175340e-03" type="0"/>
    <Peak1D F1="0.586383" intensity="2.382960e-03" type="0"/>
    <Peak1D F1="0.580379" intensity="1.214234e-03" type="0"/>
    <Peak1D F1="0.574044" intensity="3.707238e-03" type="0"/>
    <Peak1D F1="0.561779" intensity="1.957448e-03" type="0"/>
    <Peak1D F1="0.536964" intensity="8.720414e-04" type="0"/>
    <Peak1D F1="0.531736" intensity="7.594191e-04" type="0"/>
    <Peak1D F1="0.516379" intensity="6.301155e-04" type="0"/>
    <Peak1D F1="0.512432" intensity="5.990997e-04" type="0"/>
    <Peak1D F1="0.506632" intensity="6.227356e-04" type="0"/>
    <Peak1D F1="0.494402" intensity="5.204675e-04" type="0"/>
    <Peak1D F1="0.477408" intensity="1.065241e-03" type="0"/>
    <Peak1D F1="0.465573" intensity="4.268619e-04" type="0"/>
    <Peak1D F1="0.457672" intensity="3.839939e-04" type="0"/>
    <Peak1D F1="0.437106" intensity="3.807451e-04" type="0"/>
    <Peak1D F1="0.402152" intensity="3.215370e-04" type="0"/>
    <Peak1D F1="0.387591" intensity="2.750278e-04" type="0"/>
    <Peak1D F1="0.385031" intensity="2.636171e-04" type="0"/>
    <Peak1D F1="0.369177" intensity="2.620690e-04" type="0"/>
    <Peak1D F1="0.347189" intensity="2.231848e-04" type="0"/>
    <Peak1D F1="0.338109" intensity="2.535713e-04" type="0"/>
    <Peak1D F1="0.321636" intensity="1.951393e-04" type="0"/>
    <Peak1D F1="0.311051" intensity="1.389284e-03" type="0"/>
    <Peak1D F1="0.298726" intensity="2.798383e-03" type="0"/>
    <Peak1D F1="0.286355" intensity="1.297645e-03" type="0"/>
    <Peak1D F1="0.244289" intensity="1.611094e-04" type="0"/>
    <Peak1D F1="0.016097" intensity="1.749118e-04" type="0"/>
    <Peak1D F1="-0.000159" intensity="8.418488e-03" type="0"/>
    <Peak1D F1="-2.328375" intensity="1.493930e-04" type="0"/>
    <Peak1D F1="-2.428760" intensity="1.447856e-04" type="0"/>
    <Peak1D F1="-2.716247" intensity="1.504409e-04" type="0"/>
  </PeakList1D>
</PeakList>
