<?xml version="1.0" encoding="UTF-8"?>
<PeakList>
  <PeakList1D>
    <PeakList1DHeader creator="nmr" date="2018-06-15T16:25:41.648+08:00" expNo="2" name="zhq-589B" owner="" procNo="1" source="D:/bruker">
      <PeakPickDetails>F1=235.494ppm, F2=-15.494ppm, MI=0.00cm, MAXI=10000.00cm, PC=1.400
      </PeakPickDetails>
    </PeakList1DHeader>
    <Peak1D F1="164.0647" intensity="5.00" type="0"/>
    <Peak1D F1="151.7774" intensity="4.85" type="0"/>
    <Peak1D F1="149.6668" intensity="12.90" type="0"/>
    <Peak1D F1="148.6715" intensity="8.68" type="0"/>
    <Peak1D F1="139.9915" intensity="13.74" type="0"/>
    <Peak1D F1="138.2901" intensity="8.31" type="0"/>
    <Peak1D F1="131.5277" intensity="7.05" type="0"/>
    <Peak1D F1="124.3915" intensity="4.60" type="0"/>
    <Peak1D F1="124.0368" intensity="11.97" type="0"/>
    <Peak1D F1="123.9425" intensity="13.64" type="0"/>
    <Peak1D F1="118.5970" intensity="14.85" type="0"/>
    <Peak1D F1="109.8057" intensity="1.45" type="0"/>
    <Peak1D F1="106.8369" intensity="5.83" type="0"/>
    <Peak1D F1="77.4344" intensity="25.94" type="0"/>
    <Peak1D F1="77.1161" intensity="26.61" type="0"/>
    <Peak1D F1="76.7982" intensity="26.09" type="0"/>
    <Peak1D F1="40.6940" intensity="4.92" type="0"/>
    <Peak1D F1="36.8628" intensity="2.30" type="0"/>
    <Peak1D F1="31.1818" intensity="13.33" type="0"/>
    <Peak1D F1="29.6730" intensity="1.15" type="0"/>
    <Peak1D F1="25.6852" intensity="14.43" type="0"/>
    <Peak1D F1="25.1603" intensity="15.00" type="0"/>
    <Peak1D F1="24.6097" intensity="1.53" type="0"/>
    <Peak1D F1="22.3393" intensity="1.29" type="0"/>
    <Peak1D F1="19.2775" intensity="5.48" type="0"/>
    <Peak1D F1="17.6227" intensity="11.66" type="0"/>
  </PeakList1D>
</PeakList>
