<?xml version="1.0" encoding="UTF-8"?>
<PeakList>
  <PeakList1D>
    <PeakList1DHeader creator="nmrsu" date="2018-08-31T11:27:36.934-03:00" expNo="1" name="2B234_MS230B" owner="" procNo="1" source="C:/NMRData/data/marcio_marilia/nmr">
      <PeakPickDetails>F1=15.927ppm, F2=-1.113ppm, MI=0.00cm, MAXI=10000.00cm, PC=1.000
      </PeakPickDetails>
    </PeakList1DHeader>
    <Peak1D F1="15.1447" intensity="4.132782e-002" type="0"/>
    <Peak1D F1="12.4271" intensity="4.104233e-002" type="0"/>
    <Peak1D F1="8.6250" intensity="5.911658e-002" type="0"/>
    <Peak1D F1="8.6171" intensity="6.262376e-002" type="0"/>
    <Peak1D F1="8.3283" intensity="4.976043e-002" type="0"/>
    <Peak1D F1="8.3091" intensity="4.110573e-002" type="0"/>
    <Peak1D F1="8.1445" intensity="1.513284e-001" type="0"/>
    <Peak1D F1="8.1107" intensity="3.803805e-002" type="0"/>
    <Peak1D F1="8.0205" intensity="4.343699e-002" type="0"/>
    <Peak1D F1="8.0127" intensity="3.273741e-001" type="0"/>
    <Peak1D F1="8.0085" intensity="3.197301e-001" type="0"/>
    <Peak1D F1="7.8801" intensity="8.094380e-002" type="0"/>
    <Peak1D F1="7.8632" intensity="1.337270e+000" type="0"/>
    <Peak1D F1="7.8390" intensity="9.753468e-002" type="0"/>
    <Peak1D F1="7.8234" intensity="1.464031e+000" type="0"/>
    <Peak1D F1="7.8143" intensity="3.422599e-001" type="0"/>
    <Peak1D F1="7.8096" intensity="2.189021e-001" type="0"/>
    <Peak1D F1="7.8067" intensity="1.823795e-001" type="0"/>
    <Peak1D F1="7.7918" intensity="4.082821e-001" type="0"/>
    <Peak1D F1="7.7657" intensity="2.930038e-001" type="0"/>
    <Peak1D F1="7.7524" intensity="4.228510e-002" type="0"/>
    <Peak1D F1="7.7431" intensity="5.989211e-002" type="0"/>
    <Peak1D F1="7.6949" intensity="4.274037e-002" type="0"/>
    <Peak1D F1="7.6900" intensity="6.409175e-002" type="0"/>
    <Peak1D F1="7.6661" intensity="1.013410e+000" type="0"/>
    <Peak1D F1="7.6457" intensity="1.115547e+000" type="0"/>
    <Peak1D F1="7.5905" intensity="5.885657e-002" type="0"/>
    <Peak1D F1="7.5876" intensity="5.274726e-002" type="0"/>
    <Peak1D F1="7.5741" intensity="1.841511e-001" type="0"/>
    <Peak1D F1="7.5702" intensity="1.925901e-001" type="0"/>
    <Peak1D F1="7.5618" intensity="5.630217e-002" type="0"/>
    <Peak1D F1="7.5546" intensity="1.839898e-001" type="0"/>
    <Peak1D F1="7.5507" intensity="1.696176e-001" type="0"/>
    <Peak1D F1="7.5412" intensity="5.958283e-002" type="0"/>
    <Peak1D F1="7.5192" intensity="6.561847e-002" type="0"/>
    <Peak1D F1="7.5088" intensity="4.980179e-002" type="0"/>
    <Peak1D F1="7.5015" intensity="8.658432e-002" type="0"/>
    <Peak1D F1="7.4876" intensity="8.044500e-002" type="0"/>
    <Peak1D F1="7.4794" intensity="8.642812e-001" type="0"/>
    <Peak1D F1="7.4756" intensity="8.890226e-001" type="0"/>
    <Peak1D F1="7.4596" intensity="1.016334e+000" type="0"/>
    <Peak1D F1="7.4560" intensity="9.970662e-001" type="0"/>
    <Peak1D F1="7.4502" intensity="1.675736e-001" type="0"/>
    <Peak1D F1="7.4398" intensity="2.923292e-001" type="0"/>
    <Peak1D F1="7.4349" intensity="2.946084e-001" type="0"/>
    <Peak1D F1="7.4287" intensity="7.293436e-002" type="0"/>
    <Peak1D F1="7.4184" intensity="2.407243e-001" type="0"/>
    <Peak1D F1="7.4134" intensity="2.701811e-001" type="0"/>
    <Peak1D F1="7.4021" intensity="9.184653e-002" type="0"/>
    <Peak1D F1="7.3919" intensity="1.221050e-001" type="0"/>
    <Peak1D F1="7.3879" intensity="1.019632e-001" type="0"/>
    <Peak1D F1="7.3817" intensity="1.439158e-001" type="0"/>
    <Peak1D F1="7.3734" intensity="1.414425e-001" type="0"/>
    <Peak1D F1="7.3698" intensity="1.799200e-001" type="0"/>
    <Peak1D F1="7.3602" intensity="8.113359e-002" type="0"/>
    <Peak1D F1="7.3566" intensity="7.101856e-002" type="0"/>
    <Peak1D F1="7.3519" intensity="1.465128e-001" type="0"/>
    <Peak1D F1="7.3481" intensity="1.425190e-001" type="0"/>
    <Peak1D F1="7.3346" intensity="4.673222e-002" type="0"/>
    <Peak1D F1="7.3263" intensity="9.237409e-002" type="0"/>
    <Peak1D F1="7.3165" intensity="5.912752e-001" type="0"/>
    <Peak1D F1="7.3131" intensity="5.783985e-001" type="0"/>
    <Peak1D F1="7.3080" intensity="2.132444e-001" type="0"/>
    <Peak1D F1="7.2958" intensity="8.766288e-001" type="0"/>
    <Peak1D F1="7.2884" intensity="2.042390e-001" type="0"/>
    <Peak1D F1="7.2781" intensity="6.449296e-001" type="0"/>
    <Peak1D F1="7.2745" intensity="5.818364e-001" type="0"/>
    <Peak1D F1="7.2671" intensity="1.695999e-001" type="0"/>
    <Peak1D F1="7.2556" intensity="1.681757e-001" type="0"/>
    <Peak1D F1="7.2484" intensity="3.052956e-001" type="0"/>
    <Peak1D F1="7.2340" intensity="1.390265e-001" type="0"/>
    <Peak1D F1="7.2295" intensity="3.933827e-001" type="0"/>
    <Peak1D F1="7.2147" intensity="1.023656e-001" type="0"/>
    <Peak1D F1="7.2106" intensity="1.850712e-001" type="0"/>
    <Peak1D F1="7.1912" intensity="1.180006e+001" type="0"/>
    <Peak1D F1="7.1783" intensity="1.139582e-001" type="0"/>
    <Peak1D F1="7.1698" intensity="1.338229e-001" type="0"/>
    <Peak1D F1="7.1664" intensity="1.397750e-001" type="0"/>
    <Peak1D F1="7.1466" intensity="2.344803e-001" type="0"/>
    <Peak1D F1="7.1336" intensity="3.748311e-001" type="0"/>
    <Peak1D F1="7.1265" intensity="6.193722e-001" type="0"/>
    <Peak1D F1="7.1239" intensity="6.293789e-001" type="0"/>
    <Peak1D F1="7.1177" intensity="2.154322e+000" type="0"/>
    <Peak1D F1="7.1128" intensity="8.701492e-001" type="0"/>
    <Peak1D F1="7.1073" intensity="5.238943e-001" type="0"/>
    <Peak1D F1="7.1013" intensity="1.527202e+000" type="0"/>
    <Peak1D F1="7.0968" intensity="3.448539e+000" type="0"/>
    <Peak1D F1="7.0911" intensity="6.373693e-001" type="0"/>
    <Peak1D F1="7.0796" intensity="1.186071e+000" type="0"/>
    <Peak1D F1="7.0679" intensity="2.759461e-001" type="0"/>
    <Peak1D F1="7.0635" intensity="6.837821e-001" type="0"/>
    <Peak1D F1="7.0604" intensity="6.971110e-001" type="0"/>
    <Peak1D F1="7.0489" intensity="4.332046e-001" type="0"/>
    <Peak1D F1="7.0340" intensity="1.301624e+000" type="0"/>
    <Peak1D F1="7.0206" intensity="2.316432e+000" type="0"/>
    <Peak1D F1="7.0131" intensity="9.147661e-001" type="0"/>
    <Peak1D F1="7.0000" intensity="1.581505e+000" type="0"/>
    <Peak1D F1="6.9834" intensity="1.149647e+000" type="0"/>
    <Peak1D F1="6.9778" intensity="8.577375e-001" type="0"/>
    <Peak1D F1="6.9572" intensity="5.394457e-001" type="0"/>
    <Peak1D F1="6.9472" intensity="6.444972e-002" type="0"/>
    <Peak1D F1="6.9410" intensity="5.736559e-002" type="0"/>
    <Peak1D F1="6.9321" intensity="5.406844e-002" type="0"/>
    <Peak1D F1="6.9269" intensity="8.873337e-002" type="0"/>
    <Peak1D F1="6.9145" intensity="5.879151e-002" type="0"/>
    <Peak1D F1="6.9055" intensity="2.072926e-001" type="0"/>
    <Peak1D F1="6.8960" intensity="6.596748e-002" type="0"/>
    <Peak1D F1="6.8848" intensity="1.848412e-001" type="0"/>
    <Peak1D F1="6.8754" intensity="4.209079e-002" type="0"/>
    <Peak1D F1="6.8619" intensity="3.999981e-002" type="0"/>
    <Peak1D F1="6.8467" intensity="5.043855e-002" type="0"/>
    <Peak1D F1="6.8451" intensity="4.044011e-002" type="0"/>
    <Peak1D F1="6.8310" intensity="5.619339e-002" type="0"/>
    <Peak1D F1="6.8256" intensity="4.282135e-002" type="0"/>
    <Peak1D F1="6.8079" intensity="4.336527e-002" type="0"/>
    <Peak1D F1="6.7998" intensity="8.369590e-002" type="0"/>
    <Peak1D F1="6.7945" intensity="9.995490e-002" type="0"/>
    <Peak1D F1="6.7813" intensity="4.659367e-002" type="0"/>
    <Peak1D F1="6.7576" intensity="6.240382e-002" type="0"/>
    <Peak1D F1="6.7542" intensity="5.454667e-002" type="0"/>
    <Peak1D F1="6.7521" intensity="6.713981e-002" type="0"/>
    <Peak1D F1="6.7374" intensity="7.639971e-002" type="0"/>
    <Peak1D F1="6.7315" intensity="6.387427e-002" type="0"/>
    <Peak1D F1="6.6991" intensity="4.285926e-001" type="0"/>
    <Peak1D F1="6.6950" intensity="2.320006e-001" type="0"/>
    <Peak1D F1="6.6859" intensity="6.391864e-002" type="0"/>
    <Peak1D F1="6.6846" intensity="8.662488e-002" type="0"/>
    <Peak1D F1="6.6746" intensity="3.585851e-001" type="0"/>
    <Peak1D F1="6.6588" intensity="1.425381e-001" type="0"/>
    <Peak1D F1="6.6534" intensity="1.930046e-001" type="0"/>
    <Peak1D F1="6.6492" intensity="5.542787e-001" type="0"/>
    <Peak1D F1="6.6439" intensity="6.456484e-001" type="0"/>
    <Peak1D F1="6.6394" intensity="1.016628e-001" type="0"/>
    <Peak1D F1="6.6379" intensity="1.204067e-001" type="0"/>
    <Peak1D F1="6.6328" intensity="8.838131e-002" type="0"/>
    <Peak1D F1="6.6196" intensity="4.203988e-002" type="0"/>
    <Peak1D F1="6.6077" intensity="8.885208e-002" type="0"/>
    <Peak1D F1="6.6021" intensity="1.165782e-001" type="0"/>
    <Peak1D F1="6.5978" intensity="5.549770e-001" type="0"/>
    <Peak1D F1="6.5924" intensity="5.734018e-001" type="0"/>
    <Peak1D F1="6.5867" intensity="1.002914e-001" type="0"/>
    <Peak1D F1="6.5812" intensity="7.189254e-002" type="0"/>
    <Peak1D F1="6.5759" intensity="2.884229e-001" type="0"/>
    <Peak1D F1="6.5704" intensity="2.570218e-001" type="0"/>
    <Peak1D F1="6.5565" intensity="4.063104e-002" type="0"/>
    <Peak1D F1="6.4821" intensity="4.189833e-002" type="0"/>
    <Peak1D F1="6.4780" intensity="5.147442e-002" type="0"/>
    <Peak1D F1="6.4725" intensity="5.171847e-002" type="0"/>
    <Peak1D F1="6.4467" intensity="2.934572e-001" type="0"/>
    <Peak1D F1="6.4412" intensity="2.849764e-001" type="0"/>
    <Peak1D F1="6.4261" intensity="2.612807e-001" type="0"/>
    <Peak1D F1="6.4207" intensity="2.719353e-001" type="0"/>
    <Peak1D F1="6.4096" intensity="9.921036e-002" type="0"/>
    <Peak1D F1="6.4046" intensity="4.361308e-002" type="0"/>
    <Peak1D F1="6.3884" intensity="5.540776e-002" type="0"/>
    <Peak1D F1="6.3703" intensity="1.033741e-001" type="0"/>
    <Peak1D F1="6.3487" intensity="7.208571e-002" type="0"/>
    <Peak1D F1="6.3216" intensity="2.407615e+000" type="0"/>
    <Peak1D F1="6.2819" intensity="2.282165e+000" type="0"/>
    <Peak1D F1="6.0778" intensity="4.209119e-002" type="0"/>
    <Peak1D F1="5.9855" intensity="4.390108e-002" type="0"/>
    <Peak1D F1="5.8963" intensity="6.528575e-002" type="0"/>
    <Peak1D F1="5.8915" intensity="4.179535e-002" type="0"/>
    <Peak1D F1="5.8488" intensity="4.601199e-002" type="0"/>
    <Peak1D F1="5.3337" intensity="9.727484e-001" type="0"/>
    <Peak1D F1="5.2301" intensity="2.428628e+000" type="0"/>
    <Peak1D F1="4.4664" intensity="5.882049e-002" type="0"/>
    <Peak1D F1="4.4346" intensity="5.555624e-002" type="0"/>
    <Peak1D F1="4.4165" intensity="5.607915e-002" type="0"/>
    <Peak1D F1="4.4133" intensity="5.408395e-002" type="0"/>
    <Peak1D F1="4.4107" intensity="7.484203e-002" type="0"/>
    <Peak1D F1="4.3907" intensity="1.195175e-001" type="0"/>
    <Peak1D F1="4.3470" intensity="6.760960e-002" type="0"/>
    <Peak1D F1="4.3391" intensity="8.013779e-002" type="0"/>
    <Peak1D F1="4.3237" intensity="9.263251e-002" type="0"/>
    <Peak1D F1="4.3173" intensity="1.175095e-001" type="0"/>
    <Peak1D F1="4.3153" intensity="1.328964e-001" type="0"/>
    <Peak1D F1="4.3052" intensity="1.358109e-001" type="0"/>
    <Peak1D F1="4.2778" intensity="7.931321e-002" type="0"/>
    <Peak1D F1="4.2619" intensity="8.808619e-002" type="0"/>
    <Peak1D F1="4.1476" intensity="4.191280e-002" type="0"/>
    <Peak1D F1="4.0607" intensity="4.459266e-002" type="0"/>
    <Peak1D F1="4.0433" intensity="6.326213e-002" type="0"/>
    <Peak1D F1="3.9937" intensity="4.096659e-002" type="0"/>
    <Peak1D F1="3.9648" intensity="4.775399e-001" type="0"/>
    <Peak1D F1="3.9572" intensity="1.194124e-001" type="0"/>
    <Peak1D F1="3.9433" intensity="7.680774e-001" type="0"/>
    <Peak1D F1="3.9278" intensity="4.490162e-002" type="0"/>
    <Peak1D F1="3.9157" intensity="4.766269e-002" type="0"/>
    <Peak1D F1="3.8923" intensity="4.232886e-002" type="0"/>
    <Peak1D F1="3.8552" intensity="8.809050e-002" type="0"/>
    <Peak1D F1="3.8448" intensity="3.048013e-001" type="0"/>
    <Peak1D F1="3.8373" intensity="5.347144e-002" type="0"/>
    <Peak1D F1="3.8319" intensity="6.929698e-002" type="0"/>
    <Peak1D F1="3.8088" intensity="4.014654e-002" type="0"/>
    <Peak1D F1="3.7966" intensity="8.246323e-002" type="0"/>
    <Peak1D F1="3.7486" intensity="6.997067e-002" type="0"/>
    <Peak1D F1="3.7363" intensity="3.983268e-002" type="0"/>
    <Peak1D F1="3.7298" intensity="1.042466e-001" type="0"/>
    <Peak1D F1="3.7251" intensity="5.610860e-002" type="0"/>
    <Peak1D F1="3.7192" intensity="5.603044e-001" type="0"/>
    <Peak1D F1="3.7144" intensity="8.003040e-002" type="0"/>
    <Peak1D F1="3.7063" intensity="2.705114e-001" type="0"/>
    <Peak1D F1="3.6928" intensity="1.157646e-001" type="0"/>
    <Peak1D F1="3.6741" intensity="1.500000e+001" type="0"/>
    <Peak1D F1="3.6473" intensity="8.107276e-002" type="0"/>
    <Peak1D F1="3.6411" intensity="9.525819e-002" type="0"/>
    <Peak1D F1="3.6262" intensity="2.722139e+000" type="0"/>
    <Peak1D F1="3.6204" intensity="6.910114e-001" type="0"/>
    <Peak1D F1="3.6157" intensity="3.886090e-001" type="0"/>
    <Peak1D F1="3.6117" intensity="1.119278e-001" type="0"/>
    <Peak1D F1="3.6072" intensity="1.294339e-001" type="0"/>
    <Peak1D F1="3.5946" intensity="6.936004e-002" type="0"/>
    <Peak1D F1="3.5865" intensity="7.924529e-002" type="0"/>
    <Peak1D F1="3.5572" intensity="6.917852e-001" type="0"/>
    <Peak1D F1="3.5364" intensity="6.624333e-002" type="0"/>
    <Peak1D F1="3.5292" intensity="8.101019e-002" type="0"/>
    <Peak1D F1="3.5210" intensity="2.641343e-001" type="0"/>
    <Peak1D F1="3.5109" intensity="9.563414e-002" type="0"/>
    <Peak1D F1="3.4882" intensity="9.848565e-002" type="0"/>
    <Peak1D F1="3.4789" intensity="4.081367e-002" type="0"/>
    <Peak1D F1="3.4651" intensity="4.034578e-002" type="0"/>
    <Peak1D F1="3.2464" intensity="2.867715e-001" type="0"/>
    <Peak1D F1="3.1687" intensity="1.384304e-001" type="0"/>
    <Peak1D F1="2.9777" intensity="5.044035e-002" type="0"/>
    <Peak1D F1="2.9106" intensity="8.243812e-002" type="0"/>
    <Peak1D F1="2.7815" intensity="6.641760e-002" type="0"/>
    <Peak1D F1="2.7619" intensity="6.088463e-002" type="0"/>
    <Peak1D F1="2.7351" intensity="5.723163e-002" type="0"/>
    <Peak1D F1="2.7253" intensity="5.174737e-002" type="0"/>
    <Peak1D F1="2.6389" intensity="2.860551e-001" type="0"/>
    <Peak1D F1="2.5669" intensity="4.483193e-002" type="0"/>
    <Peak1D F1="2.3762" intensity="4.570028e-002" type="0"/>
    <Peak1D F1="2.2650" intensity="5.861210e-002" type="0"/>
    <Peak1D F1="2.2382" intensity="4.955431e-002" type="0"/>
    <Peak1D F1="2.2211" intensity="7.522948e+000" type="0"/>
    <Peak1D F1="2.2077" intensity="2.385300e-001" type="0"/>
    <Peak1D F1="2.1890" intensity="1.040982e-001" type="0"/>
    <Peak1D F1="2.1800" intensity="4.386178e-002" type="0"/>
    <Peak1D F1="2.1097" intensity="4.274916e-002" type="0"/>
    <Peak1D F1="2.1055" intensity="1.020870e-001" type="0"/>
    <Peak1D F1="2.0616" intensity="6.591512e-002" type="0"/>
    <Peak1D F1="1.9779" intensity="1.934319e-001" type="0"/>
    <Peak1D F1="1.9679" intensity="1.065554e-001" type="0"/>
    <Peak1D F1="1.9291" intensity="3.844776e-002" type="0"/>
    <Peak1D F1="1.8893" intensity="4.001370e-002" type="0"/>
    <Peak1D F1="1.8495" intensity="4.517775e-002" type="0"/>
    <Peak1D F1="1.8367" intensity="5.544672e-002" type="0"/>
    <Peak1D F1="1.8188" intensity="4.819295e-002" type="0"/>
    <Peak1D F1="1.8100" intensity="5.301791e-002" type="0"/>
    <Peak1D F1="1.7955" intensity="4.252530e-002" type="0"/>
    <Peak1D F1="1.7918" intensity="3.810345e-002" type="0"/>
    <Peak1D F1="1.7557" intensity="4.027694e-002" type="0"/>
    <Peak1D F1="1.7499" intensity="4.656404e-002" type="0"/>
    <Peak1D F1="1.7487" intensity="4.459811e-002" type="0"/>
    <Peak1D F1="1.7284" intensity="4.793917e-002" type="0"/>
    <Peak1D F1="1.7195" intensity="5.509847e-002" type="0"/>
    <Peak1D F1="1.6674" intensity="1.174641e-001" type="0"/>
    <Peak1D F1="1.6617" intensity="1.396067e-001" type="0"/>
    <Peak1D F1="1.5905" intensity="7.827586e-001" type="0"/>
    <Peak1D F1="1.5450" intensity="2.735785e-001" type="0"/>
    <Peak1D F1="1.5396" intensity="2.658249e-001" type="0"/>
    <Peak1D F1="1.5369" intensity="2.375622e-001" type="0"/>
    <Peak1D F1="1.5270" intensity="2.207777e-001" type="0"/>
    <Peak1D F1="1.5206" intensity="1.667470e-001" type="0"/>
    <Peak1D F1="1.5059" intensity="1.813387e-001" type="0"/>
    <Peak1D F1="1.4871" intensity="1.654023e-001" type="0"/>
    <Peak1D F1="1.4813" intensity="1.054262e-001" type="0"/>
    <Peak1D F1="1.4686" intensity="1.103013e-001" type="0"/>
    <Peak1D F1="1.4637" intensity="9.196558e-002" type="0"/>
    <Peak1D F1="1.4535" intensity="1.125180e-001" type="0"/>
    <Peak1D F1="1.4358" intensity="1.112142e-001" type="0"/>
    <Peak1D F1="1.4161" intensity="9.470050e-002" type="0"/>
    <Peak1D F1="1.4028" intensity="8.698353e-002" type="0"/>
    <Peak1D F1="1.3872" intensity="6.673866e-002" type="0"/>
    <Peak1D F1="1.3563" intensity="6.127519e-002" type="0"/>
    <Peak1D F1="1.3301" intensity="6.535650e-001" type="0"/>
    <Peak1D F1="1.3131" intensity="6.509585e-002" type="0"/>
    <Peak1D F1="1.2929" intensity="1.462368e-001" type="0"/>
    <Peak1D F1="1.2868" intensity="6.131019e-002" type="0"/>
    <Peak1D F1="1.2757" intensity="6.740610e-002" type="0"/>
    <Peak1D F1="1.2614" intensity="8.050005e-002" type="0"/>
    <Peak1D F1="1.2516" intensity="9.169831e-002" type="0"/>
    <Peak1D F1="1.2486" intensity="9.872711e-002" type="0"/>
    <Peak1D F1="1.2165" intensity="1.350778e-001" type="0"/>
    <Peak1D F1="1.2073" intensity="1.796104e-001" type="0"/>
    <Peak1D F1="1.1992" intensity="2.090324e-001" type="0"/>
    <Peak1D F1="1.1825" intensity="1.150351e+000" type="0"/>
    <Peak1D F1="1.1644" intensity="1.848232e-001" type="0"/>
    <Peak1D F1="1.1477" intensity="3.376035e-001" type="0"/>
    <Peak1D F1="1.1419" intensity="1.180207e-001" type="0"/>
    <Peak1D F1="1.1290" intensity="8.335520e-002" type="0"/>
    <Peak1D F1="1.1134" intensity="5.556346e-002" type="0"/>
    <Peak1D F1="1.1100" intensity="6.003560e-002" type="0"/>
    <Peak1D F1="1.0974" intensity="7.995555e-002" type="0"/>
    <Peak1D F1="1.0908" intensity="4.740626e-002" type="0"/>
    <Peak1D F1="1.0735" intensity="2.132639e-001" type="0"/>
    <Peak1D F1="1.0671" intensity="6.857580e-002" type="0"/>
    <Peak1D F1="1.0570" intensity="4.431319e-002" type="0"/>
    <Peak1D F1="1.0505" intensity="4.695579e-002" type="0"/>
    <Peak1D F1="1.0477" intensity="4.663317e-002" type="0"/>
    <Peak1D F1="1.0440" intensity="4.005722e-002" type="0"/>
    <Peak1D F1="1.0364" intensity="4.216592e-002" type="0"/>
    <Peak1D F1="1.0256" intensity="4.898977e-002" type="0"/>
    <Peak1D F1="1.0172" intensity="4.315021e-002" type="0"/>
    <Peak1D F1="1.0128" intensity="4.221592e-002" type="0"/>
    <Peak1D F1="0.9925" intensity="4.905492e-002" type="0"/>
    <Peak1D F1="0.9855" intensity="4.611585e-002" type="0"/>
    <Peak1D F1="0.9781" intensity="5.046771e-002" type="0"/>
    <Peak1D F1="0.9689" intensity="4.269569e-002" type="0"/>
    <Peak1D F1="0.9263" intensity="4.635601e-002" type="0"/>
    <Peak1D F1="0.9123" intensity="5.059727e-002" type="0"/>
    <Peak1D F1="0.9043" intensity="1.094683e-001" type="0"/>
    <Peak1D F1="0.9015" intensity="4.453795e-002" type="0"/>
    <Peak1D F1="0.8934" intensity="4.687053e-002" type="0"/>
    <Peak1D F1="0.8880" intensity="9.051028e-002" type="0"/>
    <Peak1D F1="0.8714" intensity="7.100099e-002" type="0"/>
    <Peak1D F1="0.8615" intensity="8.009521e-002" type="0"/>
    <Peak1D F1="0.8577" intensity="8.184120e-002" type="0"/>
    <Peak1D F1="0.8533" intensity="1.144145e-001" type="0"/>
    <Peak1D F1="0.8427" intensity="1.069282e-001" type="0"/>
    <Peak1D F1="0.8337" intensity="1.049060e-001" type="0"/>
    <Peak1D F1="0.8280" intensity="2.304443e-001" type="0"/>
    <Peak1D F1="0.8230" intensity="1.614680e-001" type="0"/>
    <Peak1D F1="0.8092" intensity="4.212596e-001" type="0"/>
    <Peak1D F1="0.7901" intensity="2.065082e-001" type="0"/>
    <Peak1D F1="0.7827" intensity="1.369487e-001" type="0"/>
    <Peak1D F1="0.7750" intensity="1.218005e-001" type="0"/>
    <Peak1D F1="0.7583" intensity="1.082650e-001" type="0"/>
    <Peak1D F1="0.7419" intensity="7.655599e-002" type="0"/>
    <Peak1D F1="0.7390" intensity="8.199090e-002" type="0"/>
    <Peak1D F1="0.7262" intensity="5.543123e-002" type="0"/>
    <Peak1D F1="0.6975" intensity="4.438145e-002" type="0"/>
    <Peak1D F1="0.0082" intensity="4.420412e-002" type="0"/>
    <Peak1D F1="-0.0001" intensity="1.076486e+000" type="0"/>
  </PeakList1D>
</PeakList>
