<?xml version="1.0" encoding="UTF-8"?>
<PeakList>
  <PeakList1D>
    <PeakList1DHeader creator="pjw" date="2020-02-21T15:39:11.194-05:00" expNo="2" name="hz-3aa" owner="" procNo="1" source="D:\pjw-UNI500">
      <PeakPickDetails>F1=218.326508ppm, F2=-18.334021ppm, MI=0.00cm, MAXI=10000.00cm, PC=1.400
      </PeakPickDetails>
    </PeakList1DHeader>
    <Peak1D F1="163.780762" intensity="3.582052e+000" type="0"/>
    <Peak1D F1="152.004929" intensity="3.778728e+000" type="0"/>
    <Peak1D F1="149.919327" intensity="1.424403e+001" type="0"/>
    <Peak1D F1="145.789734" intensity="6.427222e+000" type="0"/>
    <Peak1D F1="140.206985" intensity="1.500000e+001" type="0"/>
    <Peak1D F1="138.749680" intensity="1.311550e+001" type="0"/>
    <Peak1D F1="124.047676" intensity="1.410345e+001" type="0"/>
    <Peak1D F1="123.569016" intensity="1.365304e+001" type="0"/>
    <Peak1D F1="118.532547" intensity="1.491948e+001" type="0"/>
    <Peak1D F1="106.205467" intensity="1.422593e+001" type="0"/>
    <Peak1D F1="77.464424" intensity="1.090471e+001" type="0"/>
    <Peak1D F1="77.209061" intensity="1.095467e+001" type="0"/>
    <Peak1D F1="76.954124" intensity="1.105307e+001" type="0"/>
    <Peak1D F1="20.593758" intensity="1.424706e+001" type="0"/>
  </PeakList1D>
</PeakList>
