<?xml version="1.0" encoding="UTF-8"?>
<PeakList modified="2020-02-01T18:50:49">
  <PeakList1D>
    <PeakList1DHeader creator="Dell" date="2020-02-01T18:49:57" expNo="3" name="SDT340" owner="" procNo="1" source="C:/Users/Dell/Desktop/NMR/Z-synthesis">
      <PeakPickDetails>F1=131.487839ppm, F2=101.417465ppm, MI=2.76cm, MAXI=12.14cm, PC=1.400
      </PeakPickDetails>
    </PeakList1DHeader>
    <Peak1D F1="123.050728" intensity="4.916699" type="0"/>
    <Peak1D F1="120.474945" intensity="9.949615" type="0"/>
    <Peak1D F1="119.136856" intensity="10.20862" type="0"/>
    <Peak1D F1="110.797867" intensity="8.058638" type="0"/>
  </PeakList1D>
  <PeakList1D>
    <PeakList1DHeader creator="Dell" date="2020-02-01T18:49:57" expNo="3" name="SDT340" owner="" procNo="1" source="C:/Users/Dell/Desktop/NMR/Z-synthesis">
      <PeakPickDetails>F1=60.514290ppm, F2=49.494713ppm, MI=3.54cm, MAXI=23.21cm, PC=1.400
      </PeakPickDetails>
    </PeakList1DHeader>
    <Peak1D F1="56.083744" intensity="15.0" type="0"/>
  </PeakList1D>
  <PeakList1D>
    <PeakList1DHeader creator="Dell@Dell-PC" date="2020-02-01T18:50:50" expNo="3" name="SDT340" owner="Dell" procNo="1" source="C:/Users/Dell/Desktop/NMR/Z-synthesis">
      <PeakPickDetails>Manually picked peaks
</PeakPickDetails>
    </PeakList1DHeader>
    <Peak1D F1="68.71069246550881" intensity="-9.877069163933168" type="1"/>
    <Peak1D F1="62.967435571054374" intensity="-6.91382062079322" type="1"/>
    <Peak1D F1="33.50609559203684" intensity="-8.76368503848198" type="1"/>
    <Peak1D F1="32.85109436650714" intensity="-9.465357652301947" type="1"/>
  </PeakList1D>
</PeakList>
