<?xml version="1.0" encoding="UTF-8"?>
<PeakList>
  <PeakList1D>
    <PeakList1DHeader creator="nmr600" date="2019-09-18T12:24:14.329+02:00" expNo="30" name="6Sep1819" owner="" procNo="1" source="/opt/topspin3.0/data/nmr600/nmr">
      <PeakPickDetails>F1=16.355350ppm, F2=-4.195295ppm, MI=0.00cm, MAXI=10000.00cm, PC=1.000
      </PeakPickDetails>
    </PeakList1DHeader>
    <Peak1D F1="13.665684" intensity="1.276991e-03" type="0"/>
    <Peak1D F1="13.482513" intensity="1.162568e-03" type="0"/>
    <Peak1D F1="11.458321" intensity="1.113747e-03" type="0"/>
    <Peak1D F1="10.522287" intensity="1.217801e-03" type="0"/>
    <Peak1D F1="10.032503" intensity="1.412027e-02" type="0"/>
    <Peak1D F1="9.779866" intensity="3.350765e-03" type="0"/>
    <Peak1D F1="9.066156" intensity="1.401724e-03" type="0"/>
    <Peak1D F1="9.050007" intensity="1.533777e-03" type="0"/>
    <Peak1D F1="8.785838" intensity="1.782496e-03" type="0"/>
    <Peak1D F1="8.703698" intensity="5.446262e-03" type="0"/>
    <Peak1D F1="8.624838" intensity="2.221372e-03" type="0"/>
    <Peak1D F1="8.563347" intensity="1.686573e-03" type="0"/>
    <Peak1D F1="8.550298" intensity="1.375633e-03" type="0"/>
    <Peak1D F1="8.442064" intensity="3.997485e-03" type="0"/>
    <Peak1D F1="8.402218" intensity="1.694343e-03" type="0"/>
    <Peak1D F1="8.396629" intensity="1.673019e-03" type="0"/>
    <Peak1D F1="8.366351" intensity="2.528853e-03" type="0"/>
    <Peak1D F1="8.358661" intensity="1.930319e-03" type="0"/>
    <Peak1D F1="8.344985" intensity="1.835015e-03" type="0"/>
    <Peak1D F1="8.311340" intensity="4.413691e-03" type="0"/>
    <Peak1D F1="8.267716" intensity="2.307952e-03" type="0"/>
    <Peak1D F1="8.237644" intensity="2.344774e-03" type="0"/>
    <Peak1D F1="8.199080" intensity="2.693764e-03" type="0"/>
    <Peak1D F1="8.175543" intensity="1.826605e-03" type="0"/>
    <Peak1D F1="8.168312" intensity="2.089718e-03" type="0"/>
    <Peak1D F1="8.162069" intensity="1.497779e-03" type="0"/>
    <Peak1D F1="8.154040" intensity="1.701578e-03" type="0"/>
    <Peak1D F1="8.148697" intensity="2.419791e-03" type="0"/>
    <Peak1D F1="8.135305" intensity="2.421266e-03" type="0"/>
    <Peak1D F1="8.120744" intensity="2.271084e-03" type="0"/>
    <Peak1D F1="8.087672" intensity="6.054738e-03" type="0"/>
    <Peak1D F1="8.073362" intensity="5.437779e-03" type="0"/>
    <Peak1D F1="8.060842" intensity="3.262484e-03" type="0"/>
    <Peak1D F1="8.048859" intensity="2.851744e-03" type="0"/>
    <Peak1D F1="8.030599" intensity="1.484678e-03" type="0"/>
    <Peak1D F1="8.025192" intensity="1.715555e-03" type="0"/>
    <Peak1D F1="7.996594" intensity="2.114994e-03" type="0"/>
    <Peak1D F1="7.984475" intensity="2.343671e-03" type="0"/>
    <Peak1D F1="7.961399" intensity="1.271257e-03" type="0"/>
    <Peak1D F1="7.946015" intensity="1.263521e-03" type="0"/>
    <Peak1D F1="7.911544" intensity="2.127495e-03" type="0"/>
    <Peak1D F1="7.897034" intensity="2.851571e-03" type="0"/>
    <Peak1D F1="7.881974" intensity="2.053074e-03" type="0"/>
    <Peak1D F1="7.860660" intensity="1.590313e-03" type="0"/>
    <Peak1D F1="7.836688" intensity="5.923895e-03" type="0"/>
    <Peak1D F1="7.818673" intensity="7.174262e-03" type="0"/>
    <Peak1D F1="7.784149" intensity="1.716150e-03" type="0"/>
    <Peak1D F1="7.765976" intensity="2.603489e-03" type="0"/>
    <Peak1D F1="7.752563" intensity="8.280280e-03" type="0"/>
    <Peak1D F1="7.740654" intensity="9.729494e-03" type="0"/>
    <Peak1D F1="7.722632" intensity="5.814433e-03" type="0"/>
    <Peak1D F1="7.708940" intensity="5.361840e-03" type="0"/>
    <Peak1D F1="7.700030" intensity="8.331817e-03" type="0"/>
    <Peak1D F1="7.695529" intensity="1.190757e-02" type="0"/>
    <Peak1D F1="7.690914" intensity="7.350226e-03" type="0"/>
    <Peak1D F1="7.661564" intensity="1.028912e-02" type="0"/>
    <Peak1D F1="7.646681" intensity="2.781367e-02" type="0"/>
    <Peak1D F1="7.641702" intensity="2.717393e-02" type="0"/>
    <Peak1D F1="7.627009" intensity="1.780149e-02" type="0"/>
    <Peak1D F1="7.622253" intensity="1.642785e-02" type="0"/>
    <Peak1D F1="7.606666" intensity="7.198062e-03" type="0"/>
    <Peak1D F1="7.596799" intensity="2.615147e-02" type="0"/>
    <Peak1D F1="7.592239" intensity="2.583285e-02" type="0"/>
    <Peak1D F1="7.582630" intensity="4.917672e-03" type="0"/>
    <Peak1D F1="7.556890" intensity="5.733444e-03" type="0"/>
    <Peak1D F1="7.544854" intensity="7.130014e-03" type="0"/>
    <Peak1D F1="7.532283" intensity="5.545255e-03" type="0"/>
    <Peak1D F1="7.512598" intensity="6.082349e-03" type="0"/>
    <Peak1D F1="7.500628" intensity="6.057461e-03" type="0"/>
    <Peak1D F1="7.489884" intensity="7.790912e-03" type="0"/>
    <Peak1D F1="7.475436" intensity="1.828366e-02" type="0"/>
    <Peak1D F1="7.470985" intensity="3.993204e-02" type="0"/>
    <Peak1D F1="7.456613" intensity="5.000094e-02" type="0"/>
    <Peak1D F1="7.430119" intensity="1.091528e-02" type="0"/>
    <Peak1D F1="7.416594" intensity="1.458808e-02" type="0"/>
    <Peak1D F1="7.407382" intensity="1.144426e-02" type="0"/>
    <Peak1D F1="7.391093" intensity="9.910565e-03" type="0"/>
    <Peak1D F1="7.386654" intensity="1.023682e-02" type="0"/>
    <Peak1D F1="7.376428" intensity="1.194970e-02" type="0"/>
    <Peak1D F1="7.359870" intensity="3.017332e-02" type="0"/>
    <Peak1D F1="7.347929" intensity="2.163198e-02" type="0"/>
    <Peak1D F1="7.335808" intensity="2.949659e-02" type="0"/>
    <Peak1D F1="7.323370" intensity="1.917155e-02" type="0"/>
    <Peak1D F1="7.317241" intensity="1.300233e-02" type="0"/>
    <Peak1D F1="7.287639" intensity="3.348142e-02" type="0"/>
    <Peak1D F1="7.273846" intensity="3.767740e-02" type="0"/>
    <Peak1D F1="7.267898" intensity="4.198437e-02" type="0"/>
    <Peak1D F1="7.254537" intensity="3.670598e-02" type="0"/>
    <Peak1D F1="7.224400" intensity="2.289479e-01" type="0"/>
    <Peak1D F1="7.217798" intensity="1.132614e+00" type="0"/>
    <Peak1D F1="7.215088" intensity="7.106712e-01" type="0"/>
    <Peak1D F1="7.205951" intensity="2.883266e+00" type="0"/>
    <Peak1D F1="7.193188" intensity="2.329424e+00" type="0"/>
    <Peak1D F1="7.188270" intensity="3.728350e+00" type="0"/>
    <Peak1D F1="7.174746" intensity="1.798439e-01" type="0"/>
    <Peak1D F1="7.165898" intensity="1.141383e+00" type="0"/>
    <Peak1D F1="7.153820" intensity="1.425150e+00" type="0"/>
    <Peak1D F1="7.150222" intensity="4.241544e-01" type="0"/>
    <Peak1D F1="7.141643" intensity="4.688739e-01" type="0"/>
    <Peak1D F1="7.126930" intensity="5.457203e-02" type="0"/>
    <Peak1D F1="7.109180" intensity="2.560911e-01" type="0"/>
    <Peak1D F1="7.095693" intensity="2.781139e+00" type="0"/>
    <Peak1D F1="7.083358" intensity="2.287921e+00" type="0"/>
    <Peak1D F1="7.067975" intensity="1.633826e-01" type="0"/>
    <Peak1D F1="7.052412" intensity="2.401381e-02" type="0"/>
    <Peak1D F1="7.028583" intensity="1.945635e-02" type="0"/>
    <Peak1D F1="7.024257" intensity="2.021518e-02" type="0"/>
    <Peak1D F1="7.019698" intensity="2.086513e-02" type="0"/>
    <Peak1D F1="7.011431" intensity="3.148319e-02" type="0"/>
    <Peak1D F1="6.992896" intensity="2.637342e-02" type="0"/>
    <Peak1D F1="6.969803" intensity="1.788193e+00" type="0"/>
    <Peak1D F1="6.955718" intensity="2.045962e+00" type="0"/>
    <Peak1D F1="6.923829" intensity="1.427184e-02" type="0"/>
    <Peak1D F1="6.909420" intensity="1.723813e-02" type="0"/>
    <Peak1D F1="6.905516" intensity="1.931873e-02" type="0"/>
    <Peak1D F1="6.895803" intensity="9.554118e-03" type="0"/>
    <Peak1D F1="6.891341" intensity="1.019651e-02" type="0"/>
    <Peak1D F1="6.870914" intensity="8.046700e-03" type="0"/>
    <Peak1D F1="6.836303" intensity="1.355342e-02" type="0"/>
    <Peak1D F1="6.821904" intensity="2.167592e-02" type="0"/>
    <Peak1D F1="6.807889" intensity="2.298693e-02" type="0"/>
    <Peak1D F1="6.778102" intensity="1.141587e+00" type="0"/>
    <Peak1D F1="6.773905" intensity="1.152116e+00" type="0"/>
    <Peak1D F1="6.764045" intensity="9.906296e-01" type="0"/>
    <Peak1D F1="6.759834" intensity="9.912713e-01" type="0"/>
    <Peak1D F1="6.742270" intensity="2.473159e-02" type="0"/>
    <Peak1D F1="6.735890" intensity="1.837412e-02" type="0"/>
    <Peak1D F1="6.721513" intensity="1.942473e-02" type="0"/>
    <Peak1D F1="6.682206" intensity="1.868522e+00" type="0"/>
    <Peak1D F1="6.678246" intensity="1.713733e+00" type="0"/>
    <Peak1D F1="6.633929" intensity="5.771423e-01" type="0"/>
    <Peak1D F1="6.574859" intensity="1.498666e-01" type="0"/>
    <Peak1D F1="6.570692" intensity="1.419684e-01" type="0"/>
    <Peak1D F1="6.549278" intensity="1.578928e-02" type="0"/>
    <Peak1D F1="6.519107" intensity="4.117704e-03" type="0"/>
    <Peak1D F1="6.494794" intensity="2.953209e-03" type="0"/>
    <Peak1D F1="6.474031" intensity="1.908195e-03" type="0"/>
    <Peak1D F1="6.445682" intensity="2.176921e-03" type="0"/>
    <Peak1D F1="6.201080" intensity="3.121131e-03" type="0"/>
    <Peak1D F1="6.136920" intensity="1.313235e-03" type="0"/>
    <Peak1D F1="5.893844" intensity="1.200286e-03" type="0"/>
    <Peak1D F1="5.872821" intensity="1.212876e-03" type="0"/>
    <Peak1D F1="5.607832" intensity="1.331088e-03" type="0"/>
    <Peak1D F1="5.543244" intensity="1.167735e-03" type="0"/>
    <Peak1D F1="5.502573" intensity="1.969533e-03" type="0"/>
    <Peak1D F1="5.369406" intensity="4.906625e-03" type="0"/>
    <Peak1D F1="5.275334" intensity="4.721973e-03" type="0"/>
    <Peak1D F1="5.270310" intensity="3.952789e-03" type="0"/>
    <Peak1D F1="5.260553" intensity="2.656336e-03" type="0"/>
    <Peak1D F1="5.224528" intensity="9.121579e-01" type="0"/>
    <Peak1D F1="5.190241" intensity="1.747184e-03" type="0"/>
    <Peak1D F1="5.107189" intensity="1.342445e-03" type="0"/>
    <Peak1D F1="5.085818" intensity="2.044758e-03" type="0"/>
    <Peak1D F1="5.073888" intensity="3.885239e-03" type="0"/>
    <Peak1D F1="5.016699" intensity="1.657090e-03" type="0"/>
    <Peak1D F1="5.001754" intensity="1.967334e-03" type="0"/>
    <Peak1D F1="4.919327" intensity="4.969865e-03" type="0"/>
    <Peak1D F1="4.841180" intensity="9.661740e-03" type="0"/>
    <Peak1D F1="4.796957" intensity="1.262791e-02" type="0"/>
    <Peak1D F1="4.751741" intensity="2.183801e-03" type="0"/>
    <Peak1D F1="4.687847" intensity="2.442094e+00" type="0"/>
    <Peak1D F1="4.654191" intensity="1.229634e-02" type="0"/>
    <Peak1D F1="4.598863" intensity="6.707979e-03" type="0"/>
    <Peak1D F1="4.575056" intensity="2.065915e-02" type="0"/>
    <Peak1D F1="4.559852" intensity="1.881449e-03" type="0"/>
    <Peak1D F1="4.544312" intensity="2.459296e-03" type="0"/>
    <Peak1D F1="4.521142" intensity="5.298699e-03" type="0"/>
    <Peak1D F1="4.484865" intensity="1.014759e+00" type="0"/>
    <Peak1D F1="4.458567" intensity="1.350206e+00" type="0"/>
    <Peak1D F1="4.429265" intensity="9.947304e-02" type="0"/>
    <Peak1D F1="4.408668" intensity="8.903248e-03" type="0"/>
    <Peak1D F1="4.403065" intensity="8.173557e-03" type="0"/>
    <Peak1D F1="4.392832" intensity="4.462779e-03" type="0"/>
    <Peak1D F1="4.383109" intensity="5.633621e-03" type="0"/>
    <Peak1D F1="4.375340" intensity="5.445219e-03" type="0"/>
    <Peak1D F1="4.366115" intensity="7.005045e-03" type="0"/>
    <Peak1D F1="4.340104" intensity="1.042312e-02" type="0"/>
    <Peak1D F1="4.295013" intensity="8.477676e-01" type="0"/>
    <Peak1D F1="4.288246" intensity="8.540320e-01" type="0"/>
    <Peak1D F1="4.268750" intensity="6.752675e-01" type="0"/>
    <Peak1D F1="4.261985" intensity="6.500266e-01" type="0"/>
    <Peak1D F1="4.248073" intensity="6.456189e-02" type="0"/>
    <Peak1D F1="4.223567" intensity="2.136771e-02" type="0"/>
    <Peak1D F1="4.212354" intensity="1.735181e-02" type="0"/>
    <Peak1D F1="4.207839" intensity="1.496664e-02" type="0"/>
    <Peak1D F1="4.176782" intensity="7.483607e-03" type="0"/>
    <Peak1D F1="4.171169" intensity="6.580236e-03" type="0"/>
    <Peak1D F1="4.151078" intensity="6.194219e-03" type="0"/>
    <Peak1D F1="4.143344" intensity="6.917175e-03" type="0"/>
    <Peak1D F1="4.130476" intensity="5.328429e-03" type="0"/>
    <Peak1D F1="4.111536" intensity="1.140382e-02" type="0"/>
    <Peak1D F1="4.089506" intensity="2.410262e-03" type="0"/>
    <Peak1D F1="4.067702" intensity="1.733555e-02" type="0"/>
    <Peak1D F1="4.055789" intensity="4.972779e-02" type="0"/>
    <Peak1D F1="4.043889" intensity="5.010894e-02" type="0"/>
    <Peak1D F1="4.031975" intensity="1.675237e-02" type="0"/>
    <Peak1D F1="4.022238" intensity="2.018343e-03" type="0"/>
    <Peak1D F1="4.010946" intensity="3.963722e-03" type="0"/>
    <Peak1D F1="3.989242" intensity="1.701181e-03" type="0"/>
    <Peak1D F1="3.946046" intensity="2.284847e-03" type="0"/>
    <Peak1D F1="3.936810" intensity="5.549082e-03" type="0"/>
    <Peak1D F1="3.920653" intensity="2.491352e-02" type="0"/>
    <Peak1D F1="3.914017" intensity="3.546668e-03" type="0"/>
    <Peak1D F1="3.907695" intensity="3.914983e-03" type="0"/>
    <Peak1D F1="3.904518" intensity="2.806100e-03" type="0"/>
    <Peak1D F1="3.888206" intensity="6.848289e-03" type="0"/>
    <Peak1D F1="3.870590" intensity="5.825061e-02" type="0"/>
    <Peak1D F1="3.867148" intensity="9.165204e-02" type="0"/>
    <Peak1D F1="3.861887" intensity="1.047038e-01" type="0"/>
    <Peak1D F1="3.856133" intensity="4.235329e-02" type="0"/>
    <Peak1D F1="3.837516" intensity="2.985795e-02" type="0"/>
    <Peak1D F1="3.828660" intensity="1.649624e-01" type="0"/>
    <Peak1D F1="3.818072" intensity="8.554976e-03" type="0"/>
    <Peak1D F1="3.815849" intensity="1.785109e-02" type="0"/>
    <Peak1D F1="3.810267" intensity="1.419204e-02" type="0"/>
    <Peak1D F1="3.804925" intensity="1.453506e-02" type="0"/>
    <Peak1D F1="3.793671" intensity="2.044377e-02" type="0"/>
    <Peak1D F1="3.785812" intensity="3.310125e-02" type="0"/>
    <Peak1D F1="3.775825" intensity="6.947241e-02" type="0"/>
    <Peak1D F1="3.769752" intensity="9.680014e-02" type="0"/>
    <Peak1D F1="3.749719" intensity="1.500000e+01" type="0"/>
    <Peak1D F1="3.716352" intensity="4.736082e-02" type="0"/>
    <Peak1D F1="3.702989" intensity="2.697287e-02" type="0"/>
    <Peak1D F1="3.687826" intensity="1.008098e+00" type="0"/>
    <Peak1D F1="3.676329" intensity="3.827648e-02" type="0"/>
    <Peak1D F1="3.655563" intensity="1.330680e-02" type="0"/>
    <Peak1D F1="3.647341" intensity="2.358315e-02" type="0"/>
    <Peak1D F1="3.627461" intensity="8.130392e-02" type="0"/>
    <Peak1D F1="3.622431" intensity="1.939369e-02" type="0"/>
    <Peak1D F1="3.614869" intensity="1.556069e-02" type="0"/>
    <Peak1D F1="3.611124" intensity="1.332855e-02" type="0"/>
    <Peak1D F1="3.585886" intensity="2.296140e-02" type="0"/>
    <Peak1D F1="3.565415" intensity="9.745028e-03" type="0"/>
    <Peak1D F1="3.545225" intensity="2.325549e-02" type="0"/>
    <Peak1D F1="3.526253" intensity="1.498165e-02" type="0"/>
    <Peak1D F1="3.511154" intensity="4.184022e-03" type="0"/>
    <Peak1D F1="3.498866" intensity="5.189105e-03" type="0"/>
    <Peak1D F1="3.467460" intensity="3.891585e-03" type="0"/>
    <Peak1D F1="3.460087" intensity="3.505801e-03" type="0"/>
    <Peak1D F1="3.455161" intensity="4.235017e-03" type="0"/>
    <Peak1D F1="3.443400" intensity="6.987738e-03" type="0"/>
    <Peak1D F1="3.439264" intensity="4.347187e-03" type="0"/>
    <Peak1D F1="3.431331" intensity="7.313549e-03" type="0"/>
    <Peak1D F1="3.419490" intensity="1.323682e-02" type="0"/>
    <Peak1D F1="3.411408" intensity="1.497670e-02" type="0"/>
    <Peak1D F1="3.380795" intensity="3.193965e-03" type="0"/>
    <Peak1D F1="3.360570" intensity="6.940939e-03" type="0"/>
    <Peak1D F1="3.348985" intensity="1.136182e-02" type="0"/>
    <Peak1D F1="3.337820" intensity="7.177761e-03" type="0"/>
    <Peak1D F1="3.325077" intensity="4.243159e-03" type="0"/>
    <Peak1D F1="3.306107" intensity="2.647492e-03" type="0"/>
    <Peak1D F1="3.257869" intensity="2.109595e-03" type="0"/>
    <Peak1D F1="3.230089" intensity="2.288710e-03" type="0"/>
    <Peak1D F1="3.213104" intensity="2.156736e-03" type="0"/>
    <Peak1D F1="3.154754" intensity="2.191531e-03" type="0"/>
    <Peak1D F1="3.141905" intensity="1.832853e-03" type="0"/>
    <Peak1D F1="3.125578" intensity="2.099332e-03" type="0"/>
    <Peak1D F1="3.105443" intensity="1.528994e-03" type="0"/>
    <Peak1D F1="3.101670" intensity="1.569257e-03" type="0"/>
    <Peak1D F1="3.082352" intensity="2.624732e-03" type="0"/>
    <Peak1D F1="3.058043" intensity="1.725612e-03" type="0"/>
    <Peak1D F1="3.041983" intensity="1.306609e-03" type="0"/>
    <Peak1D F1="2.868725" intensity="1.499079e-03" type="0"/>
    <Peak1D F1="2.848824" intensity="1.450369e-03" type="0"/>
    <Peak1D F1="2.768774" intensity="1.972129e-03" type="0"/>
    <Peak1D F1="2.754471" intensity="1.568444e-03" type="0"/>
    <Peak1D F1="2.710114" intensity="1.194538e-03" type="0"/>
    <Peak1D F1="2.553077" intensity="1.243956e-03" type="0"/>
    <Peak1D F1="2.543788" intensity="2.136499e-03" type="0"/>
    <Peak1D F1="2.529150" intensity="2.031998e-03" type="0"/>
    <Peak1D F1="2.515778" intensity="1.735994e-03" type="0"/>
    <Peak1D F1="2.502962" intensity="1.509117e-03" type="0"/>
    <Peak1D F1="2.465458" intensity="1.322135e-03" type="0"/>
    <Peak1D F1="2.398135" intensity="1.553938e-03" type="0"/>
    <Peak1D F1="2.386717" intensity="1.573829e-03" type="0"/>
    <Peak1D F1="2.372668" intensity="2.799795e-03" type="0"/>
    <Peak1D F1="2.349473" intensity="3.026479e-03" type="0"/>
    <Peak1D F1="2.332923" intensity="1.210723e-03" type="0"/>
    <Peak1D F1="2.317549" intensity="2.272204e-03" type="0"/>
    <Peak1D F1="2.302310" intensity="1.742420e-03" type="0"/>
    <Peak1D F1="2.259003" intensity="3.958210e-03" type="0"/>
    <Peak1D F1="2.243195" intensity="3.792203e-03" type="0"/>
    <Peak1D F1="2.230381" intensity="5.063332e-03" type="0"/>
    <Peak1D F1="2.217474" intensity="3.318366e-03" type="0"/>
    <Peak1D F1="2.202718" intensity="1.038631e-02" type="0"/>
    <Peak1D F1="2.190408" intensity="4.744778e-03" type="0"/>
    <Peak1D F1="2.179801" intensity="4.668225e-03" type="0"/>
    <Peak1D F1="2.173729" intensity="7.355238e-03" type="0"/>
    <Peak1D F1="2.170132" intensity="5.027300e-03" type="0"/>
    <Peak1D F1="2.164844" intensity="2.087204e-03" type="0"/>
    <Peak1D F1="2.151070" intensity="6.060019e-03" type="0"/>
    <Peak1D F1="2.138480" intensity="9.493962e-03" type="0"/>
    <Peak1D F1="2.125367" intensity="8.835299e-03" type="0"/>
    <Peak1D F1="2.098512" intensity="2.446207e+00" type="0"/>
    <Peak1D F1="2.059949" intensity="9.412598e-03" type="0"/>
    <Peak1D F1="2.029329" intensity="3.410799e-03" type="0"/>
    <Peak1D F1="2.019742" intensity="5.268057e-03" type="0"/>
    <Peak1D F1="2.013955" intensity="5.679703e-03" type="0"/>
    <Peak1D F1="2.006772" intensity="4.627223e-03" type="0"/>
    <Peak1D F1="1.999602" intensity="5.094301e-03" type="0"/>
    <Peak1D F1="1.991011" intensity="1.317934e-02" type="0"/>
    <Peak1D F1="1.972836" intensity="2.127892e-01" type="0"/>
    <Peak1D F1="1.941825" intensity="9.172374e-03" type="0"/>
    <Peak1D F1="1.932005" intensity="8.237581e-03" type="0"/>
    <Peak1D F1="1.901634" intensity="4.115070e-03" type="0"/>
    <Peak1D F1="1.886631" intensity="4.122929e-03" type="0"/>
    <Peak1D F1="1.863394" intensity="4.969844e-03" type="0"/>
    <Peak1D F1="1.851933" intensity="6.694092e-03" type="0"/>
    <Peak1D F1="1.841105" intensity="9.418177e-03" type="0"/>
    <Peak1D F1="1.829613" intensity="8.189512e-03" type="0"/>
    <Peak1D F1="1.819566" intensity="4.180073e-03" type="0"/>
    <Peak1D F1="1.801006" intensity="4.393818e-03" type="0"/>
    <Peak1D F1="1.774482" intensity="7.579110e-03" type="0"/>
    <Peak1D F1="1.762322" intensity="8.856682e-03" type="0"/>
    <Peak1D F1="1.751471" intensity="6.734855e-03" type="0"/>
    <Peak1D F1="1.738874" intensity="5.293738e-03" type="0"/>
    <Peak1D F1="1.725015" intensity="5.512915e-03" type="0"/>
    <Peak1D F1="1.708705" intensity="6.703666e-03" type="0"/>
    <Peak1D F1="1.675456" intensity="1.015193e-02" type="0"/>
    <Peak1D F1="1.671098" intensity="1.084527e-02" type="0"/>
    <Peak1D F1="1.584450" intensity="1.033257e+00" type="0"/>
    <Peak1D F1="1.527967" intensity="2.068576e-02" type="0"/>
    <Peak1D F1="1.506918" intensity="2.702763e-02" type="0"/>
    <Peak1D F1="1.495333" intensity="2.620155e-02" type="0"/>
    <Peak1D F1="1.485606" intensity="2.589590e-02" type="0"/>
    <Peak1D F1="1.459973" intensity="1.782821e-02" type="0"/>
    <Peak1D F1="1.445158" intensity="1.486027e-02" type="0"/>
    <Peak1D F1="1.432346" intensity="1.776660e-02" type="0"/>
    <Peak1D F1="1.426974" intensity="1.834431e-02" type="0"/>
    <Peak1D F1="1.412702" intensity="2.022133e-02" type="0"/>
    <Peak1D F1="1.398179" intensity="2.155422e-02" type="0"/>
    <Peak1D F1="1.366237" intensity="1.742906e-02" type="0"/>
    <Peak1D F1="1.351235" intensity="5.793968e-02" type="0"/>
    <Peak1D F1="1.339211" intensity="2.149620e-02" type="0"/>
    <Peak1D F1="1.331972" intensity="1.752434e-02" type="0"/>
    <Peak1D F1="1.309377" intensity="2.634047e-02" type="0"/>
    <Peak1D F1="1.300533" intensity="3.092077e-02" type="0"/>
    <Peak1D F1="1.297744" intensity="2.931934e-02" type="0"/>
    <Peak1D F1="1.290218" intensity="2.954048e-02" type="0"/>
    <Peak1D F1="1.262801" intensity="8.854418e-02" type="0"/>
    <Peak1D F1="1.237608" intensity="5.722486e-02" type="0"/>
    <Peak1D F1="1.224795" intensity="6.994640e-02" type="0"/>
    <Peak1D F1="1.213179" intensity="1.372184e-01" type="0"/>
    <Peak1D F1="1.199011" intensity="1.461971e-01" type="0"/>
    <Peak1D F1="1.186914" intensity="3.721996e-01" type="0"/>
    <Peak1D F1="1.175411" intensity="1.470726e-01" type="0"/>
    <Peak1D F1="1.157636" intensity="7.209596e-02" type="0"/>
    <Peak1D F1="1.146581" intensity="5.486279e-02" type="0"/>
    <Peak1D F1="1.140968" intensity="6.444706e-02" type="0"/>
    <Peak1D F1="1.124756" intensity="4.311297e-02" type="0"/>
    <Peak1D F1="1.114246" intensity="3.746976e-02" type="0"/>
    <Peak1D F1="1.104094" intensity="5.360078e-02" type="0"/>
    <Peak1D F1="1.096895" intensity="3.326360e-02" type="0"/>
    <Peak1D F1="1.093846" intensity="3.730821e-02" type="0"/>
    <Peak1D F1="1.082609" intensity="3.471891e-02" type="0"/>
    <Peak1D F1="1.068922" intensity="3.110666e-02" type="0"/>
    <Peak1D F1="1.059136" intensity="2.099997e-02" type="0"/>
    <Peak1D F1="1.050061" intensity="2.266461e-02" type="0"/>
    <Peak1D F1="1.044232" intensity="2.420422e-02" type="0"/>
    <Peak1D F1="1.039813" intensity="2.261816e-02" type="0"/>
    <Peak1D F1="1.022347" intensity="2.089389e-02" type="0"/>
    <Peak1D F1="1.012283" intensity="1.999817e-02" type="0"/>
    <Peak1D F1="1.005174" intensity="2.163436e-02" type="0"/>
    <Peak1D F1="0.977776" intensity="1.909321e-02" type="0"/>
    <Peak1D F1="0.969465" intensity="2.030226e-02" type="0"/>
    <Peak1D F1="0.966994" intensity="1.923512e-02" type="0"/>
    <Peak1D F1="0.952259" intensity="1.631405e-02" type="0"/>
    <Peak1D F1="0.939967" intensity="1.578484e-02" type="0"/>
    <Peak1D F1="0.928631" intensity="1.508457e-02" type="0"/>
    <Peak1D F1="0.919277" intensity="1.632364e-02" type="0"/>
    <Peak1D F1="0.912699" intensity="1.592619e-02" type="0"/>
    <Peak1D F1="0.900462" intensity="1.624586e-02" type="0"/>
    <Peak1D F1="0.889302" intensity="1.213807e-02" type="0"/>
    <Peak1D F1="0.878031" intensity="1.294351e-02" type="0"/>
    <Peak1D F1="0.867172" intensity="2.280183e-02" type="0"/>
    <Peak1D F1="0.862314" intensity="2.150694e-02" type="0"/>
    <Peak1D F1="0.856527" intensity="2.513180e-02" type="0"/>
    <Peak1D F1="0.842340" intensity="4.893538e-02" type="0"/>
    <Peak1D F1="0.820411" intensity="7.699059e-02" type="0"/>
    <Peak1D F1="0.809208" intensity="1.198550e-01" type="0"/>
    <Peak1D F1="0.804108" intensity="9.599093e-02" type="0"/>
    <Peak1D F1="0.799433" intensity="1.114794e-01" type="0"/>
    <Peak1D F1="0.793195" intensity="9.738965e-02" type="0"/>
    <Peak1D F1="0.786996" intensity="1.270548e-01" type="0"/>
    <Peak1D F1="0.775603" intensity="1.658072e-01" type="0"/>
    <Peak1D F1="0.769891" intensity="1.503630e-01" type="0"/>
    <Peak1D F1="0.748254" intensity="7.258361e-02" type="0"/>
    <Peak1D F1="0.732255" intensity="4.461200e-02" type="0"/>
    <Peak1D F1="0.720817" intensity="3.221465e-02" type="0"/>
    <Peak1D F1="0.713582" intensity="2.605244e-02" type="0"/>
    <Peak1D F1="0.702069" intensity="1.921828e-02" type="0"/>
    <Peak1D F1="0.695262" intensity="1.828349e-02" type="0"/>
    <Peak1D F1="0.681839" intensity="1.704940e-02" type="0"/>
    <Peak1D F1="0.669714" intensity="1.305451e-02" type="0"/>
    <Peak1D F1="0.655366" intensity="8.676510e-03" type="0"/>
    <Peak1D F1="0.648109" intensity="7.912684e-03" type="0"/>
    <Peak1D F1="0.643198" intensity="8.362026e-03" type="0"/>
    <Peak1D F1="0.639656" intensity="7.871692e-03" type="0"/>
    <Peak1D F1="0.635629" intensity="8.268464e-03" type="0"/>
    <Peak1D F1="0.624077" intensity="5.789113e-03" type="0"/>
    <Peak1D F1="0.613596" intensity="4.556841e-03" type="0"/>
    <Peak1D F1="0.609071" intensity="4.683648e-03" type="0"/>
    <Peak1D F1="0.602100" intensity="4.115465e-03" type="0"/>
    <Peak1D F1="0.561543" intensity="2.339878e-03" type="0"/>
    <Peak1D F1="0.515377" intensity="2.063009e-03" type="0"/>
    <Peak1D F1="0.506953" intensity="1.851393e-03" type="0"/>
    <Peak1D F1="0.470758" intensity="1.700707e-03" type="0"/>
    <Peak1D F1="0.445384" intensity="1.691483e-03" type="0"/>
    <Peak1D F1="0.407583" intensity="1.197421e-03" type="0"/>
    <Peak1D F1="0.390353" intensity="1.232704e-03" type="0"/>
    <Peak1D F1="0.369595" intensity="1.291296e-03" type="0"/>
    <Peak1D F1="0.364599" intensity="1.396221e-03" type="0"/>
    <Peak1D F1="0.358947" intensity="1.483001e-03" type="0"/>
    <Peak1D F1="0.285978" intensity="1.195565e-03" type="0"/>
    <Peak1D F1="0.107867" intensity="1.260956e-03" type="0"/>
    <Peak1D F1="0.096310" intensity="1.432369e-03" type="0"/>
    <Peak1D F1="0.057051" intensity="1.990204e-02" type="0"/>
    <Peak1D F1="0.029650" intensity="3.805496e-03" type="0"/>
    <Peak1D F1="0.017047" intensity="4.524102e-03" type="0"/>
    <Peak1D F1="-0.000157" intensity="1.362455e-01" type="0"/>
    <Peak1D F1="-0.024539" intensity="2.627979e-03" type="0"/>
    <Peak1D F1="-0.031748" intensity="1.518796e-03" type="0"/>
    <Peak1D F1="-0.047746" intensity="1.325683e-03" type="0"/>
    <Peak1D F1="-3.571880" intensity="1.219091e-03" type="0"/>
    <Peak1D F1="-3.661042" intensity="1.136954e-03" type="0"/>
    <Peak1D F1="-3.961807" intensity="1.201031e-03" type="0"/>
  </PeakList1D>
</PeakList>
