<?xml version="1.0" encoding="UTF-8"?>
<PeakList modified="2020-02-03T18:36:43">
  <PeakList1D>
    <PeakList1DHeader creator="Dell" date="2020-02-03T18:35:44" expNo="3" name="SDT333A2" owner="" procNo="1" source="C:/Users/Dell/Desktop/NMR/E synthesis">
      <PeakPickDetails>F1=121.822906ppm, F2=106.121284ppm, MI=4.57cm, MAXI=13.83cm, PC=1.400
      </PeakPickDetails>
    </PeakList1DHeader>
    <Peak1D F1="120.233673" intensity="8.005907" type="0"/>
    <Peak1D F1="118.270828" intensity="8.321663" type="0"/>
    <Peak1D F1="115.92379" intensity="8.550004" type="0"/>
    <Peak1D F1="110.269829" intensity="7.938104" type="0"/>
  </PeakList1D>
  <PeakList1D>
    <PeakList1DHeader creator="Dell" date="2020-02-03T18:35:44" expNo="3" name="SDT333A2" owner="" procNo="1" source="C:/Users/Dell/Desktop/NMR/E synthesis">
      <PeakPickDetails>F1=61.723606ppm, F2=51.255859ppm, MI=8.30cm, MAXI=18.89cm, PC=1.400
      </PeakPickDetails>
    </PeakList1DHeader>
    <Peak1D F1="56.10157" intensity="15.0" type="0"/>
  </PeakList1D>
  <PeakList1D>
    <PeakList1DHeader creator="Dell@Dell-PC" date="2020-02-03T18:36:44" expNo="3" name="SDT333A2" owner="Dell" procNo="1" source="C:/Users/Dell/Desktop/NMR/E synthesis">
      <PeakPickDetails>Manually picked peaks
</PeakPickDetails>
    </PeakList1DHeader>
    <Peak1D F1="66.76928644633654" intensity="-11.883067554950314" type="1"/>
    <Peak1D F1="44.1945670403378" intensity="-10.206775417796942" type="1"/>
    <Peak1D F1="31.225085319645483" intensity="-11.857984763252455" type="1"/>
    <Peak1D F1="25.959045544571822" intensity="-11.42940714083226" type="1"/>
  </PeakList1D>
</PeakList>
