<?xml version="1.0" encoding="UTF-8"?>
<PeakList>
  <PeakList1D>
    <PeakList1DHeader creator="nmr" date="2018-03-07T16:09:49.329+08:00" expNo="2" name="zhq-523-C" owner="" procNo="1" source="D:/bruker">
      <PeakPickDetails>F1=235.494ppm, F2=-15.494ppm, MI=0.00cm, MAXI=10000.00cm, PC=1.400
      </PeakPickDetails>
    </PeakList1DHeader>
    <Peak1D F1="163.8477" intensity="4.12" type="0"/>
    <Peak1D F1="152.0080" intensity="4.65" type="0"/>
    <Peak1D F1="150.4150" intensity="6.68" type="0"/>
    <Peak1D F1="149.4995" intensity="13.24" type="0"/>
    <Peak1D F1="145.8822" intensity="6.06" type="0"/>
    <Peak1D F1="140.1138" intensity="11.29" type="0"/>
    <Peak1D F1="125.1414" intensity="13.97" type="0"/>
    <Peak1D F1="124.0738" intensity="14.07" type="0"/>
    <Peak1D F1="118.5124" intensity="11.95" type="0"/>
    <Peak1D F1="106.1553" intensity="11.81" type="0"/>
    <Peak1D F1="77.4715" intensity="26.75" type="0"/>
    <Peak1D F1="77.1530" intensity="27.02" type="0"/>
    <Peak1D F1="76.8347" intensity="26.99" type="0"/>
    <Peak1D F1="21.0291" intensity="13.31" type="0"/>
    <Peak1D F1="20.5465" intensity="15.00" type="0"/>
  </PeakList1D>
</PeakList>
