<?xml version="1.0" encoding="UTF-8"?>
<PeakList>
  <PeakList1D>
    <PeakList1DHeader creator="nmr600" date="2019-12-02T13:38:30.881+01:00" expNo="80" name="6Dec0219" owner="" procNo="1" source="/opt/topspin3.0/data/nmr600/nmr">
      <PeakPickDetails>F1=16.450729ppm, F2=-4.099918ppm, MI=0.00cm, MAXI=10000.00cm, PC=1.000
      </PeakPickDetails>
    </PeakList1DHeader>
    <Peak1D F1="8.111886" intensity="3.007892e-02" type="0"/>
    <Peak1D F1="8.099000" intensity="3.201103e-02" type="0"/>
    <Peak1D F1="8.087919" intensity="2.922311e-02" type="0"/>
    <Peak1D F1="8.075150" intensity="3.156110e-02" type="0"/>
    <Peak1D F1="7.624491" intensity="2.145720e-02" type="0"/>
    <Peak1D F1="7.611923" intensity="1.443838e-02" type="0"/>
    <Peak1D F1="7.538165" intensity="1.558526e-02" type="0"/>
    <Peak1D F1="7.503306" intensity="2.331676e-02" type="0"/>
    <Peak1D F1="7.490663" intensity="3.899364e-02" type="0"/>
    <Peak1D F1="7.477396" intensity="2.467696e-02" type="0"/>
    <Peak1D F1="7.459187" intensity="2.536240e-02" type="0"/>
    <Peak1D F1="7.445060" intensity="4.128460e-02" type="0"/>
    <Peak1D F1="7.426002" intensity="4.031117e-02" type="0"/>
    <Peak1D F1="7.416270" intensity="6.499761e-02" type="0"/>
    <Peak1D F1="7.405540" intensity="4.702901e-02" type="0"/>
    <Peak1D F1="7.356816" intensity="1.154632e-01" type="0"/>
    <Peak1D F1="7.342976" intensity="2.265150e-01" type="0"/>
    <Peak1D F1="7.328338" intensity="2.041395e+00" type="0"/>
    <Peak1D F1="7.315873" intensity="5.996279e+00" type="0"/>
    <Peak1D F1="7.303684" intensity="5.955554e+00" type="0"/>
    <Peak1D F1="7.286609" intensity="7.972591e+00" type="0"/>
    <Peak1D F1="7.274637" intensity="3.908028e+00" type="0"/>
    <Peak1D F1="7.257093" intensity="2.068496e+00" type="0"/>
    <Peak1D F1="7.245394" intensity="3.171344e+00" type="0"/>
    <Peak1D F1="7.233382" intensity="1.291875e+00" type="0"/>
    <Peak1D F1="7.191195" intensity="4.215518e-02" type="0"/>
    <Peak1D F1="7.179040" intensity="4.503360e-02" type="0"/>
    <Peak1D F1="7.154589" intensity="4.298512e-02" type="0"/>
    <Peak1D F1="7.142733" intensity="3.475434e-02" type="0"/>
    <Peak1D F1="7.111103" intensity="2.385754e-02" type="0"/>
    <Peak1D F1="6.307024" intensity="4.957765e-02" type="0"/>
    <Peak1D F1="4.933051" intensity="3.438982e-02" type="0"/>
    <Peak1D F1="4.341109" intensity="1.737952e-02" type="0"/>
    <Peak1D F1="4.328354" intensity="2.838528e-02" type="0"/>
    <Peak1D F1="4.315224" intensity="1.758304e-02" type="0"/>
    <Peak1D F1="4.229989" intensity="4.230580e-02" type="0"/>
    <Peak1D F1="4.161256" intensity="4.353139e-02" type="0"/>
    <Peak1D F1="4.122582" intensity="3.720770e+00" type="0"/>
    <Peak1D F1="4.110026" intensity="6.169992e+00" type="0"/>
    <Peak1D F1="4.097145" intensity="3.760183e+00" type="0"/>
    <Peak1D F1="4.040758" intensity="3.457416e+00" type="0"/>
    <Peak1D F1="4.027973" intensity="5.752733e+00" type="0"/>
    <Peak1D F1="4.014968" intensity="3.490780e+00" type="0"/>
    <Peak1D F1="3.972409" intensity="3.810640e-02" type="0"/>
    <Peak1D F1="3.915035" intensity="2.427653e-02" type="0"/>
    <Peak1D F1="3.902158" intensity="3.624951e-02" type="0"/>
    <Peak1D F1="3.889492" intensity="2.452618e-02" type="0"/>
    <Peak1D F1="3.767408" intensity="1.325186e-02" type="0"/>
    <Peak1D F1="3.755671" intensity="1.465181e-02" type="0"/>
    <Peak1D F1="3.605909" intensity="9.159560e-02" type="0"/>
    <Peak1D F1="3.570780" intensity="9.096360e-02" type="0"/>
    <Peak1D F1="3.561167" intensity="1.355777e-01" type="0"/>
    <Peak1D F1="3.513594" intensity="5.957079e-01" type="0"/>
    <Peak1D F1="3.455643" intensity="1.500000e+01" type="0"/>
    <Peak1D F1="3.435128" intensity="1.431279e-01" type="0"/>
    <Peak1D F1="3.347096" intensity="8.537738e-02" type="0"/>
    <Peak1D F1="3.059244" intensity="4.550452e-02" type="0"/>
    <Peak1D F1="3.050399" intensity="7.875720e-02" type="0"/>
    <Peak1D F1="3.041418" intensity="4.070971e-02" type="0"/>
    <Peak1D F1="2.468740" intensity="1.797125e-01" type="0"/>
    <Peak1D F1="2.459065" intensity="2.958544e-01" type="0"/>
    <Peak1D F1="2.448924" intensity="1.642537e-01" type="0"/>
    <Peak1D F1="2.404571" intensity="1.869272e-02" type="0"/>
    <Peak1D F1="2.391628" intensity="2.541108e-02" type="0"/>
    <Peak1D F1="2.378726" intensity="2.101241e-02" type="0"/>
    <Peak1D F1="2.349749" intensity="2.515590e-02" type="0"/>
    <Peak1D F1="2.336895" intensity="3.213679e-02" type="0"/>
    <Peak1D F1="2.324106" intensity="2.525474e-02" type="0"/>
    <Peak1D F1="2.247512" intensity="1.058704e+00" type="0"/>
    <Peak1D F1="2.234813" intensity="3.160268e+00" type="0"/>
    <Peak1D F1="2.222022" intensity="4.409462e+00" type="0"/>
    <Peak1D F1="2.209195" intensity="3.021587e+00" type="0"/>
    <Peak1D F1="2.196159" intensity="9.525166e-01" type="0"/>
    <Peak1D F1="2.116193" intensity="2.180842e-02" type="0"/>
    <Peak1D F1="2.103384" intensity="2.850737e-02" type="0"/>
    <Peak1D F1="2.090638" intensity="2.094252e-02" type="0"/>
    <Peak1D F1="2.024373" intensity="5.609381e-02" type="0"/>
    <Peak1D F1="1.267236" intensity="3.159382e-02" type="0"/>
    <Peak1D F1="1.138625" intensity="1.444002e-02" type="0"/>
    <Peak1D F1="1.126801" intensity="2.633464e-02" type="0"/>
    <Peak1D F1="0.086379" intensity="2.437969e-02" type="0"/>
  </PeakList1D>
</PeakList>
