<?xml version="1.0" encoding="UTF-8"?>
<PeakList>
  <PeakList1D>
    <PeakList1DHeader creator="nmr600" date="2019-06-26T22:03:09.202+02:00" expNo="20" name="6Jun2619" owner="" procNo="1" source="/opt/topspin3.0/data/nmr600/nmr">
      <PeakPickDetails>F1=16.359110ppm, F2=-4.191536ppm, MI=0.00cm, MAXI=10000.00cm, PC=1.000
      </PeakPickDetails>
    </PeakList1DHeader>
    <Peak1D F1="14.744120" intensity="8.133568e-03" type="0"/>
    <Peak1D F1="14.103123" intensity="7.724356e-03" type="0"/>
    <Peak1D F1="13.828445" intensity="7.739138e-03" type="0"/>
    <Peak1D F1="13.621350" intensity="8.920584e-03" type="0"/>
    <Peak1D F1="13.400549" intensity="8.015205e-03" type="0"/>
    <Peak1D F1="13.166085" intensity="9.163190e-03" type="0"/>
    <Peak1D F1="9.900003" intensity="4.412997e-02" type="0"/>
    <Peak1D F1="9.774288" intensity="1.577836e-02" type="0"/>
    <Peak1D F1="9.629884" intensity="9.714869e-03" type="0"/>
    <Peak1D F1="9.613163" intensity="9.499987e-03" type="0"/>
    <Peak1D F1="9.538109" intensity="1.097539e-02" type="0"/>
    <Peak1D F1="9.333911" intensity="7.984374e-03" type="0"/>
    <Peak1D F1="9.318910" intensity="1.201172e-02" type="0"/>
    <Peak1D F1="9.296659" intensity="1.022853e-02" type="0"/>
    <Peak1D F1="9.280538" intensity="1.331952e-02" type="0"/>
    <Peak1D F1="9.267630" intensity="1.220275e-02" type="0"/>
    <Peak1D F1="9.196362" intensity="3.005878e-02" type="0"/>
    <Peak1D F1="9.133959" intensity="1.388852e-01" type="0"/>
    <Peak1D F1="9.064267" intensity="1.913099e+00" type="0"/>
    <Peak1D F1="8.938359" intensity="3.403134e-02" type="0"/>
    <Peak1D F1="8.898010" intensity="2.116066e-02" type="0"/>
    <Peak1D F1="8.868258" intensity="1.445344e-02" type="0"/>
    <Peak1D F1="8.847837" intensity="1.096278e-02" type="0"/>
    <Peak1D F1="8.835208" intensity="9.886616e-03" type="0"/>
    <Peak1D F1="8.814120" intensity="1.008126e-02" type="0"/>
    <Peak1D F1="8.781631" intensity="9.250781e-03" type="0"/>
    <Peak1D F1="8.775132" intensity="8.172054e-03" type="0"/>
    <Peak1D F1="8.766397" intensity="8.708422e-03" type="0"/>
    <Peak1D F1="8.760709" intensity="8.210601e-03" type="0"/>
    <Peak1D F1="8.624069" intensity="2.712707e-02" type="0"/>
    <Peak1D F1="8.275046" intensity="8.271842e-03" type="0"/>
    <Peak1D F1="8.187880" intensity="2.133792e-02" type="0"/>
    <Peak1D F1="8.151403" intensity="3.093096e-02" type="0"/>
    <Peak1D F1="8.139272" intensity="4.116259e-02" type="0"/>
    <Peak1D F1="8.128712" intensity="2.050063e-02" type="0"/>
    <Peak1D F1="8.113838" intensity="1.487150e-02" type="0"/>
    <Peak1D F1="8.102431" intensity="1.074658e-02" type="0"/>
    <Peak1D F1="8.071835" intensity="1.775829e-02" type="0"/>
    <Peak1D F1="8.066289" intensity="1.613161e-02" type="0"/>
    <Peak1D F1="8.056979" intensity="1.694487e-02" type="0"/>
    <Peak1D F1="8.050673" intensity="1.470794e-02" type="0"/>
    <Peak1D F1="8.034725" intensity="1.644705e-02" type="0"/>
    <Peak1D F1="8.014373" intensity="2.827347e-01" type="0"/>
    <Peak1D F1="8.010962" intensity="2.227608e-01" type="0"/>
    <Peak1D F1="7.983871" intensity="2.588362e-02" type="0"/>
    <Peak1D F1="7.969058" intensity="3.972126e-02" type="0"/>
    <Peak1D F1="7.965164" intensity="4.646145e-02" type="0"/>
    <Peak1D F1="7.951202" intensity="7.241285e-02" type="0"/>
    <Peak1D F1="7.948723" intensity="6.890986e-02" type="0"/>
    <Peak1D F1="7.937534" intensity="7.951412e-02" type="0"/>
    <Peak1D F1="7.890181" intensity="7.558435e-02" type="0"/>
    <Peak1D F1="7.877452" intensity="7.216753e-02" type="0"/>
    <Peak1D F1="7.861154" intensity="2.151983e-02" type="0"/>
    <Peak1D F1="7.856292" intensity="2.602771e-02" type="0"/>
    <Peak1D F1="7.850613" intensity="1.371276e-02" type="0"/>
    <Peak1D F1="7.847523" intensity="2.560703e-02" type="0"/>
    <Peak1D F1="7.842062" intensity="2.790762e-02" type="0"/>
    <Peak1D F1="7.833284" intensity="2.431862e-02" type="0"/>
    <Peak1D F1="7.788068" intensity="3.373508e-02" type="0"/>
    <Peak1D F1="7.780677" intensity="1.722126e-02" type="0"/>
    <Peak1D F1="7.766228" intensity="1.943968e-02" type="0"/>
    <Peak1D F1="7.758214" intensity="1.662259e-02" type="0"/>
    <Peak1D F1="7.745198" intensity="3.008026e-02" type="0"/>
    <Peak1D F1="7.732383" intensity="2.477663e-02" type="0"/>
    <Peak1D F1="7.719592" intensity="2.328744e-02" type="0"/>
    <Peak1D F1="7.712046" intensity="3.091713e-02" type="0"/>
    <Peak1D F1="7.706429" intensity="1.632047e-02" type="0"/>
    <Peak1D F1="7.691904" intensity="9.526519e-03" type="0"/>
    <Peak1D F1="7.666629" intensity="8.019644e-03" type="0"/>
    <Peak1D F1="7.644187" intensity="1.920766e-02" type="0"/>
    <Peak1D F1="7.635010" intensity="2.402643e-02" type="0"/>
    <Peak1D F1="7.599651" intensity="7.556948e-02" type="0"/>
    <Peak1D F1="7.588302" intensity="9.167429e-02" type="0"/>
    <Peak1D F1="7.575307" intensity="7.258338e-02" type="0"/>
    <Peak1D F1="7.563062" intensity="9.672112e-02" type="0"/>
    <Peak1D F1="7.550996" intensity="8.163055e-02" type="0"/>
    <Peak1D F1="7.538296" intensity="5.982096e-02" type="0"/>
    <Peak1D F1="7.533483" intensity="5.850884e-02" type="0"/>
    <Peak1D F1="7.521513" intensity="7.137366e-02" type="0"/>
    <Peak1D F1="7.511619" intensity="5.854218e-02" type="0"/>
    <Peak1D F1="7.507815" intensity="5.360334e-02" type="0"/>
    <Peak1D F1="7.494504" intensity="5.846522e-02" type="0"/>
    <Peak1D F1="7.481399" intensity="1.545014e-01" type="0"/>
    <Peak1D F1="7.478168" intensity="1.173091e-01" type="0"/>
    <Peak1D F1="7.469911" intensity="2.113781e-01" type="0"/>
    <Peak1D F1="7.457319" intensity="2.051065e-01" type="0"/>
    <Peak1D F1="7.443011" intensity="1.550205e-01" type="0"/>
    <Peak1D F1="7.437924" intensity="1.962824e-01" type="0"/>
    <Peak1D F1="7.432999" intensity="1.804728e-01" type="0"/>
    <Peak1D F1="7.423325" intensity="2.609673e-01" type="0"/>
    <Peak1D F1="7.419147" intensity="2.156907e-01" type="0"/>
    <Peak1D F1="7.412733" intensity="2.034929e-01" type="0"/>
    <Peak1D F1="7.411103" intensity="1.989959e-01" type="0"/>
    <Peak1D F1="7.403761" intensity="3.395064e-01" type="0"/>
    <Peak1D F1="7.395419" intensity="3.203370e-01" type="0"/>
    <Peak1D F1="7.383125" intensity="2.022863e-01" type="0"/>
    <Peak1D F1="7.379173" intensity="1.772033e-01" type="0"/>
    <Peak1D F1="7.375578" intensity="1.770885e-01" type="0"/>
    <Peak1D F1="7.365246" intensity="2.985865e-01" type="0"/>
    <Peak1D F1="7.356514" intensity="1.632142e-01" type="0"/>
    <Peak1D F1="7.344625" intensity="2.489060e-01" type="0"/>
    <Peak1D F1="7.323693" intensity="5.473611e+00" type="0"/>
    <Peak1D F1="7.312330" intensity="1.534919e+01" type="0"/>
    <Peak1D F1="7.299548" intensity="1.365694e+01" type="0"/>
    <Peak1D F1="7.289373" intensity="7.788390e+00" type="0"/>
    <Peak1D F1="7.277695" intensity="6.591586e+00" type="0"/>
    <Peak1D F1="7.265605" intensity="2.169106e+00" type="0"/>
    <Peak1D F1="7.243437" intensity="4.907367e-01" type="0"/>
    <Peak1D F1="7.231223" intensity="4.644761e-01" type="0"/>
    <Peak1D F1="7.218487" intensity="3.694284e-01" type="0"/>
    <Peak1D F1="7.193572" intensity="2.727754e+01" type="0"/>
    <Peak1D F1="7.185026" intensity="5.074522e+00" type="0"/>
    <Peak1D F1="7.180586" intensity="5.863014e+00" type="0"/>
    <Peak1D F1="7.170891" intensity="5.306190e+00" type="0"/>
    <Peak1D F1="7.146560" intensity="3.253577e-01" type="0"/>
    <Peak1D F1="7.135197" intensity="4.471173e-01" type="0"/>
    <Peak1D F1="7.126856" intensity="6.113382e-01" type="0"/>
    <Peak1D F1="7.120847" intensity="5.210117e-01" type="0"/>
    <Peak1D F1="7.115056" intensity="4.886000e-01" type="0"/>
    <Peak1D F1="7.111908" intensity="5.196463e-01" type="0"/>
    <Peak1D F1="7.097146" intensity="6.487016e-01" type="0"/>
    <Peak1D F1="7.085142" intensity="5.705943e-01" type="0"/>
    <Peak1D F1="7.071957" intensity="3.383383e+00" type="0"/>
    <Peak1D F1="7.067651" intensity="3.557026e+00" type="0"/>
    <Peak1D F1="7.058274" intensity="5.600164e+00" type="0"/>
    <Peak1D F1="7.054091" intensity="5.659398e+00" type="0"/>
    <Peak1D F1="7.044750" intensity="3.123491e+00" type="0"/>
    <Peak1D F1="7.040290" intensity="2.873267e+00" type="0"/>
    <Peak1D F1="7.016692" intensity="3.074034e-01" type="0"/>
    <Peak1D F1="6.999595" intensity="1.483064e-01" type="0"/>
    <Peak1D F1="6.987724" intensity="1.469923e-01" type="0"/>
    <Peak1D F1="6.979114" intensity="1.191756e-01" type="0"/>
    <Peak1D F1="6.970815" intensity="1.561980e-01" type="0"/>
    <Peak1D F1="6.965894" intensity="1.728443e-01" type="0"/>
    <Peak1D F1="6.958162" intensity="2.502407e-01" type="0"/>
    <Peak1D F1="6.953212" intensity="2.425209e-01" type="0"/>
    <Peak1D F1="6.944380" intensity="2.327715e-01" type="0"/>
    <Peak1D F1="6.939395" intensity="1.975751e-01" type="0"/>
    <Peak1D F1="6.916145" intensity="2.848697e-01" type="0"/>
    <Peak1D F1="6.906033" intensity="2.998163e-01" type="0"/>
    <Peak1D F1="6.901228" intensity="3.603882e-01" type="0"/>
    <Peak1D F1="6.882399" intensity="5.538773e+00" type="0"/>
    <Peak1D F1="6.878383" intensity="5.263226e+00" type="0"/>
    <Peak1D F1="6.867546" intensity="5.731807e+00" type="0"/>
    <Peak1D F1="6.863524" intensity="5.192255e+00" type="0"/>
    <Peak1D F1="6.843380" intensity="8.257204e-01" type="0"/>
    <Peak1D F1="6.827868" intensity="1.464779e+01" type="0"/>
    <Peak1D F1="6.816083" intensity="1.264369e+01" type="0"/>
    <Peak1D F1="6.814467" intensity="1.500000e+01" type="0"/>
    <Peak1D F1="6.800161" intensity="6.059246e-01" type="0"/>
    <Peak1D F1="6.798353" intensity="6.124403e-01" type="0"/>
    <Peak1D F1="6.747489" intensity="1.206397e-01" type="0"/>
    <Peak1D F1="6.732446" intensity="9.836943e-02" type="0"/>
    <Peak1D F1="6.711265" intensity="8.339946e-02" type="0"/>
    <Peak1D F1="6.694762" intensity="1.149088e-01" type="0"/>
    <Peak1D F1="6.683218" intensity="1.112231e-01" type="0"/>
    <Peak1D F1="6.662646" intensity="7.561833e-02" type="0"/>
    <Peak1D F1="6.652719" intensity="5.985100e-02" type="0"/>
    <Peak1D F1="6.630165" intensity="3.681956e-02" type="0"/>
    <Peak1D F1="6.613211" intensity="3.073860e-02" type="0"/>
    <Peak1D F1="6.610498" intensity="2.854786e-02" type="0"/>
    <Peak1D F1="6.568394" intensity="2.524936e-02" type="0"/>
    <Peak1D F1="6.554135" intensity="2.635693e-02" type="0"/>
    <Peak1D F1="6.510793" intensity="1.458233e-02" type="0"/>
    <Peak1D F1="6.496665" intensity="1.615053e-02" type="0"/>
    <Peak1D F1="6.475030" intensity="1.423587e-02" type="0"/>
    <Peak1D F1="6.468950" intensity="1.517107e-02" type="0"/>
    <Peak1D F1="6.419205" intensity="1.102028e-02" type="0"/>
    <Peak1D F1="6.408382" intensity="1.146008e-02" type="0"/>
    <Peak1D F1="6.390359" intensity="1.044102e-02" type="0"/>
    <Peak1D F1="6.382972" intensity="1.177044e-02" type="0"/>
    <Peak1D F1="6.347138" intensity="1.093973e-02" type="0"/>
    <Peak1D F1="6.326580" intensity="1.568751e-02" type="0"/>
    <Peak1D F1="6.285161" intensity="9.699390e-03" type="0"/>
    <Peak1D F1="6.279966" intensity="1.596588e-02" type="0"/>
    <Peak1D F1="6.254486" intensity="9.379932e-03" type="0"/>
    <Peak1D F1="6.238215" intensity="2.333684e-02" type="0"/>
    <Peak1D F1="6.195556" intensity="1.741087e-02" type="0"/>
    <Peak1D F1="6.181897" intensity="3.324290e-02" type="0"/>
    <Peak1D F1="5.922201" intensity="3.636727e-02" type="0"/>
    <Peak1D F1="5.885807" intensity="8.285156e-03" type="0"/>
    <Peak1D F1="5.876489" intensity="1.183602e-02" type="0"/>
    <Peak1D F1="5.857838" intensity="8.369702e-03" type="0"/>
    <Peak1D F1="5.848333" intensity="8.076594e-03" type="0"/>
    <Peak1D F1="5.842325" intensity="8.207443e-03" type="0"/>
    <Peak1D F1="5.687070" intensity="3.683035e-02" type="0"/>
    <Peak1D F1="5.451208" intensity="2.464585e-02" type="0"/>
    <Peak1D F1="5.438930" intensity="2.160061e-02" type="0"/>
    <Peak1D F1="5.411640" intensity="6.195819e-02" type="0"/>
    <Peak1D F1="5.384650" intensity="3.874425e-02" type="0"/>
    <Peak1D F1="5.363677" intensity="1.572375e-01" type="0"/>
    <Peak1D F1="5.339192" intensity="7.842199e-02" type="0"/>
    <Peak1D F1="5.306595" intensity="1.293091e+01" type="0"/>
    <Peak1D F1="5.281542" intensity="1.505654e-01" type="0"/>
    <Peak1D F1="5.228812" intensity="1.772819e+00" type="0"/>
    <Peak1D F1="5.198626" intensity="7.663087e-02" type="0"/>
    <Peak1D F1="5.163367" intensity="1.063822e-02" type="0"/>
    <Peak1D F1="5.150607" intensity="8.307930e-03" type="0"/>
    <Peak1D F1="5.147170" intensity="1.102193e-02" type="0"/>
    <Peak1D F1="5.129366" intensity="9.191680e-03" type="0"/>
    <Peak1D F1="5.121114" intensity="1.218024e-02" type="0"/>
    <Peak1D F1="5.090290" intensity="1.119452e-01" type="0"/>
    <Peak1D F1="5.078297" intensity="1.520180e-02" type="0"/>
    <Peak1D F1="4.998126" intensity="1.054868e-02" type="0"/>
    <Peak1D F1="4.798276" intensity="5.105369e-02" type="0"/>
    <Peak1D F1="4.769448" intensity="6.517533e-02" type="0"/>
    <Peak1D F1="4.746411" intensity="7.775995e-03" type="0"/>
    <Peak1D F1="4.736681" intensity="1.603649e-02" type="0"/>
    <Peak1D F1="4.722974" intensity="9.945359e-03" type="0"/>
    <Peak1D F1="4.706376" intensity="8.484188e-03" type="0"/>
    <Peak1D F1="4.694954" intensity="1.339830e-02" type="0"/>
    <Peak1D F1="4.684780" intensity="1.043522e-02" type="0"/>
    <Peak1D F1="4.644305" intensity="8.818708e-03" type="0"/>
    <Peak1D F1="4.629625" intensity="1.397365e-02" type="0"/>
    <Peak1D F1="4.606383" intensity="3.496564e-01" type="0"/>
    <Peak1D F1="4.572154" intensity="5.719582e-02" type="0"/>
    <Peak1D F1="4.427699" intensity="1.973406e-02" type="0"/>
    <Peak1D F1="4.364017" intensity="3.002234e-02" type="0"/>
    <Peak1D F1="4.244435" intensity="1.196478e-02" type="0"/>
    <Peak1D F1="4.232538" intensity="1.793022e-02" type="0"/>
    <Peak1D F1="4.221760" intensity="1.104973e-02" type="0"/>
    <Peak1D F1="4.191459" intensity="1.301662e-02" type="0"/>
    <Peak1D F1="4.095946" intensity="1.709294e-02" type="0"/>
    <Peak1D F1="4.068317" intensity="3.543939e-01" type="0"/>
    <Peak1D F1="4.031539" intensity="5.064616e-02" type="0"/>
    <Peak1D F1="4.017357" intensity="1.881617e-02" type="0"/>
    <Peak1D F1="4.011169" intensity="1.919162e-02" type="0"/>
    <Peak1D F1="3.989637" intensity="1.619007e-02" type="0"/>
    <Peak1D F1="3.968315" intensity="4.250427e-02" type="0"/>
    <Peak1D F1="3.958184" intensity="4.958461e-02" type="0"/>
    <Peak1D F1="3.947541" intensity="3.271652e-02" type="0"/>
    <Peak1D F1="3.929151" intensity="2.024431e-02" type="0"/>
    <Peak1D F1="3.919957" intensity="2.914478e-02" type="0"/>
    <Peak1D F1="3.879233" intensity="9.143717e-01" type="0"/>
    <Peak1D F1="3.867676" intensity="2.171656e+00" type="0"/>
    <Peak1D F1="3.861782" intensity="3.871806e+00" type="0"/>
    <Peak1D F1="3.851398" intensity="7.741534e+00" type="0"/>
    <Peak1D F1="3.840224" intensity="8.367626e+00" type="0"/>
    <Peak1D F1="3.829409" intensity="3.558316e+00" type="0"/>
    <Peak1D F1="3.822749" intensity="1.940570e+00" type="0"/>
    <Peak1D F1="3.814963" intensity="9.270468e-01" type="0"/>
    <Peak1D F1="3.812044" intensity="9.824805e-01" type="0"/>
    <Peak1D F1="3.791351" intensity="1.163988e+00" type="0"/>
    <Peak1D F1="3.781978" intensity="2.025278e+00" type="0"/>
    <Peak1D F1="3.770869" intensity="3.221223e+00" type="0"/>
    <Peak1D F1="3.760935" intensity="4.138354e+00" type="0"/>
    <Peak1D F1="3.749165" intensity="2.732478e+00" type="0"/>
    <Peak1D F1="3.735698" intensity="2.230735e+00" type="0"/>
    <Peak1D F1="3.726224" intensity="3.869289e+00" type="0"/>
    <Peak1D F1="3.715471" intensity="3.407766e+00" type="0"/>
    <Peak1D F1="3.705823" intensity="2.233639e+00" type="0"/>
    <Peak1D F1="3.694581" intensity="1.310588e+00" type="0"/>
    <Peak1D F1="3.655349" intensity="1.609053e-01" type="0"/>
    <Peak1D F1="3.608847" intensity="1.090486e-01" type="0"/>
    <Peak1D F1="3.603796" intensity="1.249668e-01" type="0"/>
    <Peak1D F1="3.583725" intensity="1.900046e-01" type="0"/>
    <Peak1D F1="3.574290" intensity="1.815041e-01" type="0"/>
    <Peak1D F1="3.560009" intensity="1.629928e-01" type="0"/>
    <Peak1D F1="3.535282" intensity="1.984398e-01" type="0"/>
    <Peak1D F1="3.490921" intensity="2.078916e+00" type="0"/>
    <Peak1D F1="3.466531" intensity="3.606277e+00" type="0"/>
    <Peak1D F1="3.414933" intensity="2.581365e+00" type="0"/>
    <Peak1D F1="3.394719" intensity="3.727907e+00" type="0"/>
    <Peak1D F1="3.373735" intensity="1.684302e+00" type="0"/>
    <Peak1D F1="3.313065" intensity="1.036979e-01" type="0"/>
    <Peak1D F1="3.298770" intensity="1.142877e-01" type="0"/>
    <Peak1D F1="3.286836" intensity="1.033693e-01" type="0"/>
    <Peak1D F1="3.279164" intensity="1.101523e-01" type="0"/>
    <Peak1D F1="3.264960" intensity="8.981552e-02" type="0"/>
    <Peak1D F1="3.251410" intensity="9.166109e-02" type="0"/>
    <Peak1D F1="3.238798" intensity="8.683178e-02" type="0"/>
    <Peak1D F1="3.228091" intensity="7.234837e-02" type="0"/>
    <Peak1D F1="3.197225" intensity="8.438798e-02" type="0"/>
    <Peak1D F1="3.167523" intensity="7.372338e-02" type="0"/>
    <Peak1D F1="3.154481" intensity="9.945515e-02" type="0"/>
    <Peak1D F1="3.144731" intensity="1.092438e-01" type="0"/>
    <Peak1D F1="3.123338" intensity="1.640564e+00" type="0"/>
    <Peak1D F1="3.115900" intensity="1.682396e+00" type="0"/>
    <Peak1D F1="3.103303" intensity="1.604911e+00" type="0"/>
    <Peak1D F1="3.094677" intensity="3.206007e+00" type="0"/>
    <Peak1D F1="3.086523" intensity="2.214113e+00" type="0"/>
    <Peak1D F1="3.073988" intensity="2.042565e+00" type="0"/>
    <Peak1D F1="3.066504" intensity="1.848753e+00" type="0"/>
    <Peak1D F1="3.016116" intensity="8.016234e-02" type="0"/>
    <Peak1D F1="3.006476" intensity="9.642359e-02" type="0"/>
    <Peak1D F1="3.001832" intensity="9.258103e-02" type="0"/>
    <Peak1D F1="2.995192" intensity="8.372358e-02" type="0"/>
    <Peak1D F1="2.984609" intensity="6.831843e-02" type="0"/>
    <Peak1D F1="2.971989" intensity="7.322118e-02" type="0"/>
    <Peak1D F1="2.962742" intensity="7.404073e-02" type="0"/>
    <Peak1D F1="2.955085" intensity="7.290735e-02" type="0"/>
    <Peak1D F1="2.921493" intensity="1.277179e-01" type="0"/>
    <Peak1D F1="2.895892" intensity="4.340635e+00" type="0"/>
    <Peak1D F1="2.890164" intensity="2.775813e+00" type="0"/>
    <Peak1D F1="2.871928" intensity="2.280990e+00" type="0"/>
    <Peak1D F1="2.866251" intensity="3.456826e+00" type="0"/>
    <Peak1D F1="2.809101" intensity="1.413804e-01" type="0"/>
    <Peak1D F1="2.789868" intensity="8.499503e-02" type="0"/>
    <Peak1D F1="2.751883" intensity="1.445026e-01" type="0"/>
    <Peak1D F1="2.731107" intensity="2.603479e-01" type="0"/>
    <Peak1D F1="2.703541" intensity="4.696659e-02" type="0"/>
    <Peak1D F1="2.685931" intensity="5.293042e-02" type="0"/>
    <Peak1D F1="2.674157" intensity="5.059076e-02" type="0"/>
    <Peak1D F1="2.657280" intensity="4.413774e-02" type="0"/>
    <Peak1D F1="2.581002" intensity="3.315059e-02" type="0"/>
    <Peak1D F1="2.566819" intensity="3.353910e-02" type="0"/>
    <Peak1D F1="2.560310" intensity="3.883809e-02" type="0"/>
    <Peak1D F1="2.535711" intensity="2.709424e-02" type="0"/>
    <Peak1D F1="2.506951" intensity="1.755426e-02" type="0"/>
    <Peak1D F1="2.485914" intensity="1.644330e-02" type="0"/>
    <Peak1D F1="2.478207" intensity="1.577897e-02" type="0"/>
    <Peak1D F1="2.460473" intensity="1.553554e-02" type="0"/>
    <Peak1D F1="2.444522" intensity="1.324653e-02" type="0"/>
    <Peak1D F1="2.437689" intensity="1.279142e-02" type="0"/>
    <Peak1D F1="2.413783" intensity="2.259162e-02" type="0"/>
    <Peak1D F1="2.371838" intensity="1.885587e-02" type="0"/>
    <Peak1D F1="2.345220" intensity="7.904221e-03" type="0"/>
    <Peak1D F1="2.329389" intensity="1.260201e-02" type="0"/>
    <Peak1D F1="2.316706" intensity="1.691259e-02" type="0"/>
    <Peak1D F1="2.304907" intensity="1.253466e-02" type="0"/>
    <Peak1D F1="2.297036" intensity="9.804199e-03" type="0"/>
    <Peak1D F1="2.284210" intensity="1.896985e-02" type="0"/>
    <Peak1D F1="2.273528" intensity="2.388389e-02" type="0"/>
    <Peak1D F1="2.261806" intensity="3.506833e-02" type="0"/>
    <Peak1D F1="2.249364" intensity="4.138897e-02" type="0"/>
    <Peak1D F1="2.238037" intensity="8.482949e-02" type="0"/>
    <Peak1D F1="2.226676" intensity="4.436530e-02" type="0"/>
    <Peak1D F1="2.197395" intensity="7.421412e-01" type="0"/>
    <Peak1D F1="2.185953" intensity="1.851445e+00" type="0"/>
    <Peak1D F1="2.175345" intensity="3.236850e+00" type="0"/>
    <Peak1D F1="2.162973" intensity="3.134113e+00" type="0"/>
    <Peak1D F1="2.148886" intensity="2.672559e+00" type="0"/>
    <Peak1D F1="2.140510" intensity="3.230358e+00" type="0"/>
    <Peak1D F1="2.130033" intensity="5.256877e+00" type="0"/>
    <Peak1D F1="2.122244" intensity="5.042588e+00" type="0"/>
    <Peak1D F1="2.116024" intensity="5.985507e+00" type="0"/>
    <Peak1D F1="2.105164" intensity="6.778891e+00" type="0"/>
    <Peak1D F1="2.098434" intensity="9.245816e+00" type="0"/>
    <Peak1D F1="2.085554" intensity="3.995856e+00" type="0"/>
    <Peak1D F1="2.071710" intensity="3.346244e+00" type="0"/>
    <Peak1D F1="2.061532" intensity="1.952506e+00" type="0"/>
    <Peak1D F1="2.050367" intensity="8.781524e-01" type="0"/>
    <Peak1D F1="2.039781" intensity="4.630977e-01" type="0"/>
    <Peak1D F1="2.027271" intensity="2.678917e-01" type="0"/>
    <Peak1D F1="2.014582" intensity="2.946325e-01" type="0"/>
    <Peak1D F1="2.002337" intensity="3.404392e-01" type="0"/>
    <Peak1D F1="1.990641" intensity="3.617782e-01" type="0"/>
    <Peak1D F1="1.981938" intensity="2.943301e-01" type="0"/>
    <Peak1D F1="1.976426" intensity="2.818715e-01" type="0"/>
    <Peak1D F1="1.950685" intensity="2.381561e-01" type="0"/>
    <Peak1D F1="1.940622" intensity="2.879694e-01" type="0"/>
    <Peak1D F1="1.929807" intensity="3.198565e-01" type="0"/>
    <Peak1D F1="1.919129" intensity="2.978818e-01" type="0"/>
    <Peak1D F1="1.897585" intensity="2.292906e-01" type="0"/>
    <Peak1D F1="1.884510" intensity="2.145370e-01" type="0"/>
    <Peak1D F1="1.872840" intensity="2.017186e-01" type="0"/>
    <Peak1D F1="1.861185" intensity="2.063739e-01" type="0"/>
    <Peak1D F1="1.849895" intensity="2.118726e-01" type="0"/>
    <Peak1D F1="1.844676" intensity="2.055275e-01" type="0"/>
    <Peak1D F1="1.839756" intensity="2.094555e-01" type="0"/>
    <Peak1D F1="1.834002" intensity="2.073290e-01" type="0"/>
    <Peak1D F1="1.818497" intensity="1.685402e-01" type="0"/>
    <Peak1D F1="1.793166" intensity="1.551597e-01" type="0"/>
    <Peak1D F1="1.781686" intensity="1.726412e-01" type="0"/>
    <Peak1D F1="1.775961" intensity="1.668813e-01" type="0"/>
    <Peak1D F1="1.766991" intensity="1.868833e-01" type="0"/>
    <Peak1D F1="1.763152" intensity="1.845640e-01" type="0"/>
    <Peak1D F1="1.756224" intensity="1.829044e-01" type="0"/>
    <Peak1D F1="1.723205" intensity="2.047409e-01" type="0"/>
    <Peak1D F1="1.615748" intensity="9.511141e-01" type="0"/>
    <Peak1D F1="1.566319" intensity="4.959090e-01" type="0"/>
    <Peak1D F1="1.559523" intensity="4.794734e-01" type="0"/>
    <Peak1D F1="1.555009" intensity="5.604677e-01" type="0"/>
    <Peak1D F1="1.508885" intensity="2.313746e-01" type="0"/>
    <Peak1D F1="1.475978" intensity="2.139895e-01" type="0"/>
    <Peak1D F1="1.465060" intensity="3.293234e-01" type="0"/>
    <Peak1D F1="1.454316" intensity="1.852310e-01" type="0"/>
    <Peak1D F1="1.428204" intensity="1.080132e-01" type="0"/>
    <Peak1D F1="1.415369" intensity="1.085270e-01" type="0"/>
    <Peak1D F1="1.395301" intensity="9.741813e-02" type="0"/>
    <Peak1D F1="1.376128" intensity="8.486917e-02" type="0"/>
    <Peak1D F1="1.365098" intensity="7.827944e-02" type="0"/>
    <Peak1D F1="1.356034" intensity="1.309398e-01" type="0"/>
    <Peak1D F1="1.351617" intensity="2.291508e-01" type="0"/>
    <Peak1D F1="1.329809" intensity="1.366064e-01" type="0"/>
    <Peak1D F1="1.322026" intensity="7.227200e-02" type="0"/>
    <Peak1D F1="1.300623" intensity="2.042686e-01" type="0"/>
    <Peak1D F1="1.286253" intensity="1.356852e-01" type="0"/>
    <Peak1D F1="1.275506" intensity="1.417032e-01" type="0"/>
    <Peak1D F1="1.262375" intensity="1.991267e-01" type="0"/>
    <Peak1D F1="1.215000" intensity="4.515644e-01" type="0"/>
    <Peak1D F1="1.184031" intensity="1.364493e+00" type="0"/>
    <Peak1D F1="1.156904" intensity="2.220860e-01" type="0"/>
    <Peak1D F1="1.136885" intensity="1.908047e-01" type="0"/>
    <Peak1D F1="1.038156" intensity="1.017896e-01" type="0"/>
    <Peak1D F1="1.010936" intensity="8.085937e-02" type="0"/>
    <Peak1D F1="0.993976" intensity="8.534255e-02" type="0"/>
    <Peak1D F1="0.976102" intensity="8.176985e-02" type="0"/>
    <Peak1D F1="0.968590" intensity="8.353529e-02" type="0"/>
    <Peak1D F1="0.949784" intensity="8.257485e-02" type="0"/>
    <Peak1D F1="0.937655" intensity="8.621603e-02" type="0"/>
    <Peak1D F1="0.925691" intensity="7.566357e-02" type="0"/>
    <Peak1D F1="0.912026" intensity="6.181370e-02" type="0"/>
    <Peak1D F1="0.902692" intensity="5.722480e-02" type="0"/>
    <Peak1D F1="0.890519" intensity="6.689988e-02" type="0"/>
    <Peak1D F1="0.878039" intensity="5.467216e-02" type="0"/>
    <Peak1D F1="0.819805" intensity="2.119020e-01" type="0"/>
    <Peak1D F1="0.808738" intensity="3.521312e-01" type="0"/>
    <Peak1D F1="0.796840" intensity="2.653589e-01" type="0"/>
    <Peak1D F1="0.785258" intensity="3.457134e-01" type="0"/>
    <Peak1D F1="0.774314" intensity="5.849934e-01" type="0"/>
    <Peak1D F1="0.769422" intensity="5.503887e-01" type="0"/>
    <Peak1D F1="0.738171" intensity="2.464864e-01" type="0"/>
    <Peak1D F1="0.727716" intensity="1.700227e-01" type="0"/>
    <Peak1D F1="0.688454" intensity="3.803205e-02" type="0"/>
    <Peak1D F1="0.655860" intensity="2.779445e-02" type="0"/>
    <Peak1D F1="0.634400" intensity="2.341820e-02" type="0"/>
    <Peak1D F1="0.622921" intensity="2.009313e-02" type="0"/>
    <Peak1D F1="0.603945" intensity="1.781299e-02" type="0"/>
    <Peak1D F1="0.572785" intensity="1.764173e-02" type="0"/>
    <Peak1D F1="0.555785" intensity="1.424816e-02" type="0"/>
    <Peak1D F1="0.541653" intensity="1.445514e-02" type="0"/>
    <Peak1D F1="0.533269" intensity="1.801221e-02" type="0"/>
    <Peak1D F1="0.512559" intensity="1.303910e-02" type="0"/>
    <Peak1D F1="0.475556" intensity="1.105267e-02" type="0"/>
    <Peak1D F1="0.462370" intensity="1.223810e-02" type="0"/>
    <Peak1D F1="0.451889" intensity="1.211072e-02" type="0"/>
    <Peak1D F1="0.444828" intensity="1.116606e-02" type="0"/>
    <Peak1D F1="0.418853" intensity="1.283622e-02" type="0"/>
    <Peak1D F1="0.401028" intensity="1.193593e-02" type="0"/>
    <Peak1D F1="0.373700" intensity="9.768669e-03" type="0"/>
    <Peak1D F1="0.347757" intensity="1.140326e-02" type="0"/>
    <Peak1D F1="0.335407" intensity="1.115446e-02" type="0"/>
    <Peak1D F1="0.328803" intensity="9.678718e-03" type="0"/>
    <Peak1D F1="0.310170" intensity="1.067453e-02" type="0"/>
    <Peak1D F1="0.306293" intensity="9.627276e-03" type="0"/>
    <Peak1D F1="0.263923" intensity="9.195378e-03" type="0"/>
    <Peak1D F1="0.255492" intensity="1.109438e-02" type="0"/>
    <Peak1D F1="0.238461" intensity="9.587791e-03" type="0"/>
    <Peak1D F1="0.219438" intensity="8.230056e-03" type="0"/>
    <Peak1D F1="0.197528" intensity="8.870185e-03" type="0"/>
    <Peak1D F1="0.170114" intensity="8.500153e-03" type="0"/>
    <Peak1D F1="0.162070" intensity="9.088364e-03" type="0"/>
    <Peak1D F1="0.152035" intensity="9.103151e-03" type="0"/>
    <Peak1D F1="0.126006" intensity="8.142664e-03" type="0"/>
    <Peak1D F1="0.096830" intensity="8.130246e-03" type="0"/>
    <Peak1D F1="0.073540" intensity="1.809957e-02" type="0"/>
    <Peak1D F1="0.036591" intensity="9.681133e-03" type="0"/>
    <Peak1D F1="0.017513" intensity="1.027950e-02" type="0"/>
    <Peak1D F1="-0.000159" intensity="2.106014e-01" type="0"/>
    <Peak1D F1="-0.028308" intensity="9.618823e-03" type="0"/>
    <Peak1D F1="-0.127992" intensity="8.188905e-03" type="0"/>
    <Peak1D F1="-3.667340" intensity="8.842883e-03" type="0"/>
    <Peak1D F1="-3.707468" intensity="7.777684e-03" type="0"/>
    <Peak1D F1="-3.824653" intensity="7.742819e-03" type="0"/>
    <Peak1D F1="-3.844724" intensity="8.241023e-03" type="0"/>
    <Peak1D F1="-3.870816" intensity="8.424911e-03" type="0"/>
    <Peak1D F1="-3.874978" intensity="7.968714e-03" type="0"/>
    <Peak1D F1="-3.884021" intensity="8.265106e-03" type="0"/>
    <Peak1D F1="-3.933681" intensity="9.025312e-03" type="0"/>
    <Peak1D F1="-3.957200" intensity="8.384482e-03" type="0"/>
    <Peak1D F1="-4.039416" intensity="8.647807e-03" type="0"/>
    <Peak1D F1="-4.135606" intensity="9.739142e-03" type="0"/>
  </PeakList1D>
</PeakList>
