<?xml version="1.0" encoding="UTF-8"?>
<PeakList>
  <PeakList1D>
    <PeakList1DHeader creator="nmrsu" date="2019-01-09T08:58:57.705-02:00" expNo="2" name="2B201_MS291" owner="" procNo="1" source="C:/NMRData/data/marcio_marilia/nmr">
      <PeakPickDetails>F1=15.060ppm, F2=-5.492ppm, MI=2.00cm, MAXI=10000.00cm, PC=1.000
      </PeakPickDetails>
    </PeakList1DHeader>
    <Peak1D F1="8.5767" intensity="8.655180e+000" type="0"/>
    <Peak1D F1="8.3961" intensity="8.906495e+000" type="0"/>
    <Peak1D F1="7.5181" intensity="2.558663e+000" type="0"/>
    <Peak1D F1="7.4981" intensity="2.737957e+000" type="0"/>
    <Peak1D F1="7.3017" intensity="2.395764e+000" type="0"/>
    <Peak1D F1="7.2810" intensity="3.304684e+000" type="0"/>
    <Peak1D F1="7.1212" intensity="2.016031e+000" type="0"/>
    <Peak1D F1="7.1192" intensity="2.611359e+000" type="0"/>
    <Peak1D F1="6.9924" intensity="2.698450e+000" type="0"/>
    <Peak1D F1="6.0049" intensity="3.683187e+000" type="0"/>
    <Peak1D F1="5.9906" intensity="3.831958e+000" type="0"/>
    <Peak1D F1="5.3832" intensity="6.038317e+000" type="0"/>
    <Peak1D F1="4.6202" intensity="2.256364e+000" type="0"/>
    <Peak1D F1="4.2529" intensity="2.263180e+000" type="0"/>
    <Peak1D F1="4.2494" intensity="2.109802e+000" type="0"/>
    <Peak1D F1="4.0646" intensity="2.694574e+000" type="0"/>
    <Peak1D F1="4.0566" intensity="2.578577e+000" type="0"/>
    <Peak1D F1="3.7695" intensity="3.416777e+000" type="0"/>
    <Peak1D F1="3.7637" intensity="1.500000e+001" type="0"/>
    <Peak1D F1="3.6787" intensity="2.121429e+000" type="0"/>
    <Peak1D F1="3.6709" intensity="2.038781e+000" type="0"/>
    <Peak1D F1="3.4361" intensity="2.559673e+001" type="0"/>
    <Peak1D F1="3.2102" intensity="5.760794e+000" type="0"/>
    <Peak1D F1="3.2066" intensity="7.672114e+000" type="0"/>
    <Peak1D F1="3.2031" intensity="5.579482e+000" type="0"/>
  </PeakList1D>
</PeakList>
