<?xml version="1.0" encoding="UTF-8"?>
<PeakList>
  <PeakList1D>
    <PeakList1DHeader creator="nmrsu" date="2018-08-27T08:27:25.070-03:00" expNo="1" name="2B234_MS225C" owner="" procNo="1" source="C:/NMRData/data/marcio_marilia/nmr">
      <PeakPickDetails>F1=222.593ppm, F2=-22.603ppm, MI=0.00cm, MAXI=10000.00cm, PC=1.400
      </PeakPickDetails>
    </PeakList1DHeader>
    <Peak1D F1="172.1815" intensity="1.625736e+000" type="0"/>
    <Peak1D F1="136.3601" intensity="1.737583e+000" type="0"/>
    <Peak1D F1="127.6887" intensity="1.357939e+000" type="0"/>
    <Peak1D F1="124.0753" intensity="1.234898e+000" type="0"/>
    <Peak1D F1="123.2721" intensity="4.191281e+000" type="0"/>
    <Peak1D F1="119.9108" intensity="4.335031e+000" type="0"/>
    <Peak1D F1="119.6290" intensity="4.440077e+000" type="0"/>
    <Peak1D F1="116.8123" intensity="1.552637e+000" type="0"/>
    <Peak1D F1="110.7590" intensity="4.167588e+000" type="0"/>
    <Peak1D F1="77.3598" intensity="4.582702e+001" type="0"/>
    <Peak1D F1="77.0423" intensity="4.650459e+001" type="0"/>
    <Peak1D F1="76.7249" intensity="4.627630e+001" type="0"/>
    <Peak1D F1="51.9607" intensity="2.676662e+000" type="0"/>
    <Peak1D F1="50.8913" intensity="2.039442e+000" type="0"/>
    <Peak1D F1="43.9214" intensity="1.324119e+001" type="0"/>
    <Peak1D F1="35.9631" intensity="1.500000e+001" type="0"/>
    <Peak1D F1="31.4794" intensity="4.170256e+000" type="0"/>
    <Peak1D F1="30.0670" intensity="1.282012e+001" type="0"/>
  </PeakList1D>
</PeakList>
