<?xml version="1.0" encoding="UTF-8"?>
<PeakList>
  <PeakList1D>
    <PeakList1DHeader creator="nmr600" date="2019-09-30T07:59:38.263+02:00" expNo="10" name="6Sep3019" owner="" procNo="1" source="/opt/topspin3.0/data/nmr600/nmr">
      <PeakPickDetails>F1=16.357410ppm, F2=-4.193235ppm, MI=0.00cm, MAXI=10000.00cm, PC=1.000
      </PeakPickDetails>
    </PeakList1DHeader>
    <Peak1D F1="8.357894" intensity="6.156880e-03" type="0"/>
    <Peak1D F1="8.343464" intensity="8.081742e-03" type="0"/>
    <Peak1D F1="8.322185" intensity="6.641143e-03" type="0"/>
    <Peak1D F1="8.309235" intensity="7.572112e-03" type="0"/>
    <Peak1D F1="8.296402" intensity="9.447334e-03" type="0"/>
    <Peak1D F1="8.289577" intensity="1.063435e-02" type="0"/>
    <Peak1D F1="8.279438" intensity="2.164989e-02" type="0"/>
    <Peak1D F1="8.275767" intensity="1.647079e-02" type="0"/>
    <Peak1D F1="8.270797" intensity="1.911692e-02" type="0"/>
    <Peak1D F1="8.264336" intensity="5.193415e-02" type="0"/>
    <Peak1D F1="8.259688" intensity="8.507458e-02" type="0"/>
    <Peak1D F1="8.256018" intensity="5.847077e-02" type="0"/>
    <Peak1D F1="8.248261" intensity="4.566579e-02" type="0"/>
    <Peak1D F1="8.244832" intensity="1.035742e-01" type="0"/>
    <Peak1D F1="8.240465" intensity="6.066723e-02" type="0"/>
    <Peak1D F1="8.227612" intensity="3.706364e-02" type="0"/>
    <Peak1D F1="8.222721" intensity="2.552302e-02" type="0"/>
    <Peak1D F1="8.207964" intensity="5.054098e-02" type="0"/>
    <Peak1D F1="8.201731" intensity="1.219111e-01" type="0"/>
    <Peak1D F1="8.198527" intensity="4.999405e-02" type="0"/>
    <Peak1D F1="8.190297" intensity="5.431010e-02" type="0"/>
    <Peak1D F1="8.187106" intensity="1.199389e-01" type="0"/>
    <Peak1D F1="8.173759" intensity="2.053620e-02" type="0"/>
    <Peak1D F1="8.167284" intensity="2.329824e-02" type="0"/>
    <Peak1D F1="8.158813" intensity="2.229505e-02" type="0"/>
    <Peak1D F1="8.152740" intensity="2.016594e-02" type="0"/>
    <Peak1D F1="8.141808" intensity="2.711784e-02" type="0"/>
    <Peak1D F1="8.134957" intensity="4.534892e-02" type="0"/>
    <Peak1D F1="8.130587" intensity="5.345973e-02" type="0"/>
    <Peak1D F1="8.122946" intensity="4.581831e-02" type="0"/>
    <Peak1D F1="8.119024" intensity="6.137174e-02" type="0"/>
    <Peak1D F1="8.115297" intensity="5.774316e-02" type="0"/>
    <Peak1D F1="8.108218" intensity="3.762403e-02" type="0"/>
    <Peak1D F1="8.103887" intensity="2.785017e-02" type="0"/>
    <Peak1D F1="8.100137" intensity="2.969197e-02" type="0"/>
    <Peak1D F1="8.092397" intensity="1.912658e-02" type="0"/>
    <Peak1D F1="8.087909" intensity="1.853804e-02" type="0"/>
    <Peak1D F1="8.078947" intensity="2.118767e-02" type="0"/>
    <Peak1D F1="8.073285" intensity="1.892404e-02" type="0"/>
    <Peak1D F1="8.069271" intensity="2.235261e-02" type="0"/>
    <Peak1D F1="8.064124" intensity="2.473153e-02" type="0"/>
    <Peak1D F1="8.054414" intensity="2.725215e-02" type="0"/>
    <Peak1D F1="8.047347" intensity="2.712826e-02" type="0"/>
    <Peak1D F1="8.028992" intensity="3.978669e-02" type="0"/>
    <Peak1D F1="8.023875" intensity="5.293446e-02" type="0"/>
    <Peak1D F1="8.019837" intensity="3.824108e-02" type="0"/>
    <Peak1D F1="7.998585" intensity="1.522277e+00" type="0"/>
    <Peak1D F1="7.994653" intensity="1.081199e+01" type="0"/>
    <Peak1D F1="7.991474" intensity="3.364597e+00" type="0"/>
    <Peak1D F1="7.982708" intensity="3.715169e+00" type="0"/>
    <Peak1D F1="7.979567" intensity="1.097658e+01" type="0"/>
    <Peak1D F1="7.975632" intensity="1.442762e+00" type="0"/>
    <Peak1D F1="7.960922" intensity="5.639416e-02" type="0"/>
    <Peak1D F1="7.957048" intensity="4.211461e-02" type="0"/>
    <Peak1D F1="7.949264" intensity="7.481973e-02" type="0"/>
    <Peak1D F1="7.945899" intensity="4.692115e-02" type="0"/>
    <Peak1D F1="7.934688" intensity="5.617591e-02" type="0"/>
    <Peak1D F1="7.911306" intensity="2.375718e-02" type="0"/>
    <Peak1D F1="7.898150" intensity="4.704692e-02" type="0"/>
    <Peak1D F1="7.896358" intensity="5.211769e-02" type="0"/>
    <Peak1D F1="7.887935" intensity="4.468160e-02" type="0"/>
    <Peak1D F1="7.884500" intensity="6.095512e-02" type="0"/>
    <Peak1D F1="7.882437" intensity="5.553515e-02" type="0"/>
    <Peak1D F1="7.873322" intensity="3.223725e-02" type="0"/>
    <Peak1D F1="7.865306" intensity="2.334587e-02" type="0"/>
    <Peak1D F1="7.855209" intensity="4.309542e-02" type="0"/>
    <Peak1D F1="7.851831" intensity="4.430436e-02" type="0"/>
    <Peak1D F1="7.840700" intensity="4.617726e-02" type="0"/>
    <Peak1D F1="7.836109" intensity="4.590248e-02" type="0"/>
    <Peak1D F1="7.826256" intensity="1.427312e-02" type="0"/>
    <Peak1D F1="7.818254" intensity="1.419187e-02" type="0"/>
    <Peak1D F1="7.811578" intensity="1.363362e-02" type="0"/>
    <Peak1D F1="7.791289" intensity="1.315308e-02" type="0"/>
    <Peak1D F1="7.776299" intensity="1.270104e-02" type="0"/>
    <Peak1D F1="7.766465" intensity="1.026996e-02" type="0"/>
    <Peak1D F1="7.742944" intensity="9.971921e-03" type="0"/>
    <Peak1D F1="7.724820" intensity="1.361772e-02" type="0"/>
    <Peak1D F1="7.713926" intensity="1.332327e-02" type="0"/>
    <Peak1D F1="7.686940" intensity="1.273425e-02" type="0"/>
    <Peak1D F1="7.672997" intensity="1.304738e-02" type="0"/>
    <Peak1D F1="7.641098" intensity="2.749944e-01" type="0"/>
    <Peak1D F1="7.636216" intensity="2.720759e-01" type="0"/>
    <Peak1D F1="7.614382" intensity="3.758634e-02" type="0"/>
    <Peak1D F1="7.610823" intensity="1.333610e-01" type="0"/>
    <Peak1D F1="7.607559" intensity="4.592956e-02" type="0"/>
    <Peak1D F1="7.599350" intensity="4.723512e-02" type="0"/>
    <Peak1D F1="7.596208" intensity="1.087024e-01" type="0"/>
    <Peak1D F1="7.592561" intensity="2.434519e-02" type="0"/>
    <Peak1D F1="7.588692" intensity="1.614565e-02" type="0"/>
    <Peak1D F1="7.577267" intensity="1.159733e-02" type="0"/>
    <Peak1D F1="7.567571" intensity="3.732913e-02" type="0"/>
    <Peak1D F1="7.565079" intensity="4.451376e-02" type="0"/>
    <Peak1D F1="7.552099" intensity="4.734009e-02" type="0"/>
    <Peak1D F1="7.549276" intensity="3.775910e-02" type="0"/>
    <Peak1D F1="7.539327" intensity="1.428392e-02" type="0"/>
    <Peak1D F1="7.529245" intensity="1.970258e-02" type="0"/>
    <Peak1D F1="7.516989" intensity="3.213977e-02" type="0"/>
    <Peak1D F1="7.504685" intensity="2.916170e-02" type="0"/>
    <Peak1D F1="7.502482" intensity="2.496926e-02" type="0"/>
    <Peak1D F1="7.493505" intensity="5.885743e-02" type="0"/>
    <Peak1D F1="7.491299" intensity="6.931722e-02" type="0"/>
    <Peak1D F1="7.479458" intensity="7.847370e-02" type="0"/>
    <Peak1D F1="7.459415" intensity="3.332680e-01" type="0"/>
    <Peak1D F1="7.456012" intensity="3.414088e-01" type="0"/>
    <Peak1D F1="7.452321" intensity="3.855614e-01" type="0"/>
    <Peak1D F1="7.446970" intensity="3.428516e-01" type="0"/>
    <Peak1D F1="7.445157" intensity="3.431230e-01" type="0"/>
    <Peak1D F1="7.435069" intensity="1.747963e+00" type="0"/>
    <Peak1D F1="7.431137" intensity="1.157045e+01" type="0"/>
    <Peak1D F1="7.427916" intensity="3.598497e+00" type="0"/>
    <Peak1D F1="7.419207" intensity="3.735109e+00" type="0"/>
    <Peak1D F1="7.416040" intensity="1.071329e+01" type="0"/>
    <Peak1D F1="7.412068" intensity="1.434763e+00" type="0"/>
    <Peak1D F1="7.398796" intensity="1.082326e-01" type="0"/>
    <Peak1D F1="7.393198" intensity="8.274440e-02" type="0"/>
    <Peak1D F1="7.390661" intensity="9.103423e-02" type="0"/>
    <Peak1D F1="7.382216" intensity="5.952273e-02" type="0"/>
    <Peak1D F1="7.377645" intensity="5.424180e-02" type="0"/>
    <Peak1D F1="7.362013" intensity="7.908689e-02" type="0"/>
    <Peak1D F1="7.353278" intensity="9.031167e-02" type="0"/>
    <Peak1D F1="7.332826" intensity="3.974642e+00" type="0"/>
    <Peak1D F1="7.328826" intensity="3.918449e+00" type="0"/>
    <Peak1D F1="7.325321" intensity="3.051321e+00" type="0"/>
    <Peak1D F1="7.323735" intensity="2.990673e+00" type="0"/>
    <Peak1D F1="7.319901" intensity="6.499246e+00" type="0"/>
    <Peak1D F1="7.316972" intensity="5.998658e+00" type="0"/>
    <Peak1D F1="7.312170" intensity="9.493952e-01" type="0"/>
    <Peak1D F1="7.307316" intensity="3.947002e-01" type="0"/>
    <Peak1D F1="7.302351" intensity="1.807847e-01" type="0"/>
    <Peak1D F1="7.300597" intensity="1.798192e-01" type="0"/>
    <Peak1D F1="7.297172" intensity="1.555493e-01" type="0"/>
    <Peak1D F1="7.291487" intensity="2.760858e-01" type="0"/>
    <Peak1D F1="7.286797" intensity="1.194746e+00" type="0"/>
    <Peak1D F1="7.284102" intensity="8.525359e-01" type="0"/>
    <Peak1D F1="7.279873" intensity="2.165110e+00" type="0"/>
    <Peak1D F1="7.277357" intensity="1.954036e+00" type="0"/>
    <Peak1D F1="7.271780" intensity="7.148658e+00" type="0"/>
    <Peak1D F1="7.268664" intensity="4.259725e+00" type="0"/>
    <Peak1D F1="7.266827" intensity="4.287588e+00" type="0"/>
    <Peak1D F1="7.262549" intensity="1.001046e+01" type="0"/>
    <Peak1D F1="7.259674" intensity="1.022775e+01" type="0"/>
    <Peak1D F1="7.254911" intensity="2.163473e+00" type="0"/>
    <Peak1D F1="7.251676" intensity="1.130200e+00" type="0"/>
    <Peak1D F1="7.244249" intensity="4.041138e-01" type="0"/>
    <Peak1D F1="7.241373" intensity="3.955144e-01" type="0"/>
    <Peak1D F1="7.238432" intensity="2.699523e-01" type="0"/>
    <Peak1D F1="7.234732" intensity="3.659683e-01" type="0"/>
    <Peak1D F1="7.226109" intensity="1.548939e-01" type="0"/>
    <Peak1D F1="7.222970" intensity="3.717252e-01" type="0"/>
    <Peak1D F1="7.209828" intensity="4.128973e-01" type="0"/>
    <Peak1D F1="7.198246" intensity="2.481235e-01" type="0"/>
    <Peak1D F1="7.195785" intensity="2.394078e-01" type="0"/>
    <Peak1D F1="7.190274" intensity="4.508262e+00" type="0"/>
    <Peak1D F1="7.173679" intensity="1.010470e-01" type="0"/>
    <Peak1D F1="7.171363" intensity="1.242367e-01" type="0"/>
    <Peak1D F1="7.159517" intensity="1.710140e-01" type="0"/>
    <Peak1D F1="7.150313" intensity="6.949847e-02" type="0"/>
    <Peak1D F1="7.147696" intensity="9.568318e-02" type="0"/>
    <Peak1D F1="7.140056" intensity="4.596996e-02" type="0"/>
    <Peak1D F1="7.133726" intensity="6.934573e-02" type="0"/>
    <Peak1D F1="7.122474" intensity="5.870296e-02" type="0"/>
    <Peak1D F1="7.118983" intensity="5.902406e-02" type="0"/>
    <Peak1D F1="7.108995" intensity="3.888863e-02" type="0"/>
    <Peak1D F1="7.107061" intensity="3.929488e-02" type="0"/>
    <Peak1D F1="7.084340" intensity="9.926517e-02" type="0"/>
    <Peak1D F1="7.075557" intensity="3.230719e-02" type="0"/>
    <Peak1D F1="7.061809" intensity="2.397600e-02" type="0"/>
    <Peak1D F1="7.047195" intensity="2.265310e-02" type="0"/>
    <Peak1D F1="7.043408" intensity="2.048458e-02" type="0"/>
    <Peak1D F1="7.036950" intensity="1.991113e-02" type="0"/>
    <Peak1D F1="7.032228" intensity="2.165237e-02" type="0"/>
    <Peak1D F1="7.022050" intensity="2.240896e-02" type="0"/>
    <Peak1D F1="7.017766" intensity="2.310720e-02" type="0"/>
    <Peak1D F1="7.013409" intensity="4.450205e-02" type="0"/>
    <Peak1D F1="7.007039" intensity="2.229729e-02" type="0"/>
    <Peak1D F1="7.003176" intensity="2.327519e-02" type="0"/>
    <Peak1D F1="6.999388" intensity="2.018792e-02" type="0"/>
    <Peak1D F1="6.992239" intensity="1.743912e-02" type="0"/>
    <Peak1D F1="6.971528" intensity="4.096061e-02" type="0"/>
    <Peak1D F1="6.961787" intensity="2.972056e-02" type="0"/>
    <Peak1D F1="6.944616" intensity="3.438889e-01" type="0"/>
    <Peak1D F1="6.937121" intensity="1.500000e+01" type="0"/>
    <Peak1D F1="6.928899" intensity="2.529903e-01" type="0"/>
    <Peak1D F1="6.926405" intensity="1.734168e-01" type="0"/>
    <Peak1D F1="6.911225" intensity="4.209846e-02" type="0"/>
    <Peak1D F1="6.904665" intensity="7.044055e-02" type="0"/>
    <Peak1D F1="6.898500" intensity="2.671454e-02" type="0"/>
    <Peak1D F1="6.889553" intensity="2.214949e-02" type="0"/>
    <Peak1D F1="6.883481" intensity="2.016303e-02" type="0"/>
    <Peak1D F1="6.867595" intensity="3.872654e-02" type="0"/>
    <Peak1D F1="6.853569" intensity="1.001799e-02" type="0"/>
    <Peak1D F1="6.823460" intensity="1.038235e-02" type="0"/>
    <Peak1D F1="6.808376" intensity="1.224534e-02" type="0"/>
    <Peak1D F1="6.803208" intensity="1.351865e-02" type="0"/>
    <Peak1D F1="6.794457" intensity="2.458422e-02" type="0"/>
    <Peak1D F1="6.785674" intensity="7.772139e-02" type="0"/>
    <Peak1D F1="6.762003" intensity="9.281485e-03" type="0"/>
    <Peak1D F1="6.749597" intensity="8.724606e-03" type="0"/>
    <Peak1D F1="6.735743" intensity="6.411206e-03" type="0"/>
    <Peak1D F1="6.688849" intensity="9.664960e-03" type="0"/>
    <Peak1D F1="6.654583" intensity="5.088050e-03" type="0"/>
    <Peak1D F1="6.631949" intensity="1.295673e-02" type="0"/>
    <Peak1D F1="6.626316" intensity="1.371581e-02" type="0"/>
    <Peak1D F1="6.521249" intensity="6.049593e-03" type="0"/>
    <Peak1D F1="6.509017" intensity="1.707566e-02" type="0"/>
    <Peak1D F1="6.413585" intensity="8.355737e-03" type="0"/>
    <Peak1D F1="6.236268" intensity="7.355744e-03" type="0"/>
    <Peak1D F1="6.223113" intensity="6.087607e-03" type="0"/>
    <Peak1D F1="5.937498" intensity="5.417544e-02" type="0"/>
    <Peak1D F1="5.880497" intensity="4.792644e-03" type="0"/>
    <Peak1D F1="5.848113" intensity="2.167598e-02" type="0"/>
    <Peak1D F1="5.813989" intensity="1.104125e+01" type="0"/>
    <Peak1D F1="5.780281" intensity="2.466721e-02" type="0"/>
    <Peak1D F1="5.686801" intensity="5.698858e-02" type="0"/>
    <Peak1D F1="5.664194" intensity="1.507284e-02" type="0"/>
    <Peak1D F1="5.658528" intensity="1.524500e-02" type="0"/>
    <Peak1D F1="5.576446" intensity="1.775013e-01" type="0"/>
    <Peak1D F1="5.421221" intensity="1.125611e-02" type="0"/>
    <Peak1D F1="5.364483" intensity="1.655995e-02" type="0"/>
    <Peak1D F1="5.272885" intensity="5.363257e-03" type="0"/>
    <Peak1D F1="5.265520" intensity="4.976045e-03" type="0"/>
    <Peak1D F1="5.254159" intensity="5.844701e-03" type="0"/>
    <Peak1D F1="5.219453" intensity="2.745156e+00" type="0"/>
    <Peak1D F1="5.207105" intensity="1.114757e-02" type="0"/>
    <Peak1D F1="5.188602" intensity="7.208668e-03" type="0"/>
    <Peak1D F1="5.185741" intensity="6.494441e-03" type="0"/>
    <Peak1D F1="5.068813" intensity="1.896167e-02" type="0"/>
    <Peak1D F1="5.063651" intensity="5.722975e-03" type="0"/>
    <Peak1D F1="5.057227" intensity="5.469300e-03" type="0"/>
    <Peak1D F1="5.052398" intensity="5.337251e-03" type="0"/>
    <Peak1D F1="5.000571" intensity="1.987753e-02" type="0"/>
    <Peak1D F1="4.636047" intensity="7.229364e-03" type="0"/>
    <Peak1D F1="4.594715" intensity="1.345707e-02" type="0"/>
    <Peak1D F1="4.312294" intensity="8.702303e-03" type="0"/>
    <Peak1D F1="4.301863" intensity="1.672716e-02" type="0"/>
    <Peak1D F1="4.283840" intensity="3.779345e-02" type="0"/>
    <Peak1D F1="4.276648" intensity="4.846508e-02" type="0"/>
    <Peak1D F1="4.261856" intensity="7.480010e-02" type="0"/>
    <Peak1D F1="4.249753" intensity="1.181412e-01" type="0"/>
    <Peak1D F1="4.233347" intensity="1.385095e-01" type="0"/>
    <Peak1D F1="4.222157" intensity="2.534509e-01" type="0"/>
    <Peak1D F1="4.216792" intensity="1.949670e-01" type="0"/>
    <Peak1D F1="4.210973" intensity="2.136276e-01" type="0"/>
    <Peak1D F1="4.206164" intensity="1.796397e-01" type="0"/>
    <Peak1D F1="4.194909" intensity="8.385918e-02" type="0"/>
    <Peak1D F1="4.188309" intensity="3.004722e-02" type="0"/>
    <Peak1D F1="4.177149" intensity="2.133954e-02" type="0"/>
    <Peak1D F1="4.167928" intensity="1.203873e-02" type="0"/>
    <Peak1D F1="4.163473" intensity="1.375610e-02" type="0"/>
    <Peak1D F1="4.157505" intensity="1.446019e-02" type="0"/>
    <Peak1D F1="4.140273" intensity="2.645798e-02" type="0"/>
    <Peak1D F1="4.135021" intensity="2.452832e-02" type="0"/>
    <Peak1D F1="4.130633" intensity="2.921879e-02" type="0"/>
    <Peak1D F1="4.118609" intensity="1.577938e-02" type="0"/>
    <Peak1D F1="4.111636" intensity="1.552325e-02" type="0"/>
    <Peak1D F1="4.105318" intensity="1.137998e-02" type="0"/>
    <Peak1D F1="4.090237" intensity="1.583109e-02" type="0"/>
    <Peak1D F1="4.085878" intensity="1.348695e-02" type="0"/>
    <Peak1D F1="4.080283" intensity="8.903234e-03" type="0"/>
    <Peak1D F1="4.070666" intensity="9.649367e-03" type="0"/>
    <Peak1D F1="4.059762" intensity="1.336192e-02" type="0"/>
    <Peak1D F1="4.051404" intensity="1.189293e-02" type="0"/>
    <Peak1D F1="4.039572" intensity="1.424206e-02" type="0"/>
    <Peak1D F1="4.027467" intensity="7.203200e-03" type="0"/>
    <Peak1D F1="4.011222" intensity="3.306077e-02" type="0"/>
    <Peak1D F1="4.000669" intensity="2.736398e-02" type="0"/>
    <Peak1D F1="3.984947" intensity="2.288090e-02" type="0"/>
    <Peak1D F1="3.974346" intensity="1.186774e-02" type="0"/>
    <Peak1D F1="3.964114" intensity="9.214135e-03" type="0"/>
    <Peak1D F1="3.953263" intensity="1.410611e-02" type="0"/>
    <Peak1D F1="3.945400" intensity="2.836761e-02" type="0"/>
    <Peak1D F1="3.935383" intensity="3.738624e-02" type="0"/>
    <Peak1D F1="3.926941" intensity="2.690056e-02" type="0"/>
    <Peak1D F1="3.920767" intensity="4.287851e-02" type="0"/>
    <Peak1D F1="3.911737" intensity="7.286587e-02" type="0"/>
    <Peak1D F1="3.903714" intensity="4.885723e-02" type="0"/>
    <Peak1D F1="3.902304" intensity="4.567634e-02" type="0"/>
    <Peak1D F1="3.894040" intensity="9.688620e-03" type="0"/>
    <Peak1D F1="3.884053" intensity="1.055749e-02" type="0"/>
    <Peak1D F1="3.876625" intensity="6.967720e-03" type="0"/>
    <Peak1D F1="3.864349" intensity="6.725383e-03" type="0"/>
    <Peak1D F1="3.858112" intensity="5.814106e-03" type="0"/>
    <Peak1D F1="3.851239" intensity="5.246538e-03" type="0"/>
    <Peak1D F1="3.809096" intensity="4.917668e-03" type="0"/>
    <Peak1D F1="3.782797" intensity="6.426925e-03" type="0"/>
    <Peak1D F1="3.742763" intensity="1.846209e-02" type="0"/>
    <Peak1D F1="3.679525" intensity="1.027333e-01" type="0"/>
    <Peak1D F1="3.668642" intensity="2.208587e-01" type="0"/>
    <Peak1D F1="3.629333" intensity="2.112244e+00" type="0"/>
    <Peak1D F1="3.595353" intensity="4.450732e-01" type="0"/>
    <Peak1D F1="3.581563" intensity="1.005585e+00" type="0"/>
    <Peak1D F1="3.462104" intensity="9.596952e-01" type="0"/>
    <Peak1D F1="3.456300" intensity="9.684736e-01" type="0"/>
    <Peak1D F1="3.425339" intensity="3.458584e-01" type="0"/>
    <Peak1D F1="3.413751" intensity="4.390298e-01" type="0"/>
    <Peak1D F1="3.402236" intensity="2.587827e-01" type="0"/>
    <Peak1D F1="3.377986" intensity="3.643538e-02" type="0"/>
    <Peak1D F1="3.356616" intensity="2.500987e-01" type="0"/>
    <Peak1D F1="3.345332" intensity="4.740531e-01" type="0"/>
    <Peak1D F1="3.333933" intensity="2.633266e-01" type="0"/>
    <Peak1D F1="3.313442" intensity="6.575129e-02" type="0"/>
    <Peak1D F1="3.302350" intensity="1.099448e-01" type="0"/>
    <Peak1D F1="3.291231" intensity="6.386530e-02" type="0"/>
    <Peak1D F1="3.270475" intensity="2.083839e-02" type="0"/>
    <Peak1D F1="3.258224" intensity="2.091365e-02" type="0"/>
    <Peak1D F1="3.247224" intensity="2.341586e-02" type="0"/>
    <Peak1D F1="3.239364" intensity="2.446590e-02" type="0"/>
    <Peak1D F1="3.224087" intensity="2.662822e-02" type="0"/>
    <Peak1D F1="3.188446" intensity="7.226722e-02" type="0"/>
    <Peak1D F1="3.177706" intensity="1.164541e-01" type="0"/>
    <Peak1D F1="3.166916" intensity="9.896724e-02" type="0"/>
    <Peak1D F1="3.118531" intensity="1.005674e+00" type="0"/>
    <Peak1D F1="3.004655" intensity="2.130426e-02" type="0"/>
    <Peak1D F1="2.994644" intensity="1.986772e-02" type="0"/>
    <Peak1D F1="2.969364" intensity="1.283873e-02" type="0"/>
    <Peak1D F1="2.957766" intensity="1.037209e-02" type="0"/>
    <Peak1D F1="2.937019" intensity="8.759606e-03" type="0"/>
    <Peak1D F1="2.900475" intensity="4.640187e-02" type="0"/>
    <Peak1D F1="2.889453" intensity="1.082708e-01" type="0"/>
    <Peak1D F1="2.878456" intensity="4.729692e-02" type="0"/>
    <Peak1D F1="2.862298" intensity="8.805213e-03" type="0"/>
    <Peak1D F1="2.834330" intensity="1.282957e-02" type="0"/>
    <Peak1D F1="2.822192" intensity="1.564556e-02" type="0"/>
    <Peak1D F1="2.810614" intensity="8.359409e-03" type="0"/>
    <Peak1D F1="2.805756" intensity="8.395801e-03" type="0"/>
    <Peak1D F1="2.781725" intensity="1.235952e-02" type="0"/>
    <Peak1D F1="2.769418" intensity="1.586218e-02" type="0"/>
    <Peak1D F1="2.754801" intensity="1.416350e-02" type="0"/>
    <Peak1D F1="2.724292" intensity="5.245403e-03" type="0"/>
    <Peak1D F1="2.711335" intensity="9.014374e-03" type="0"/>
    <Peak1D F1="2.692115" intensity="8.952609e-03" type="0"/>
    <Peak1D F1="2.678698" intensity="6.174083e-03" type="0"/>
    <Peak1D F1="2.544040" intensity="1.019829e-02" type="0"/>
    <Peak1D F1="2.529522" intensity="1.073145e-02" type="0"/>
    <Peak1D F1="2.516805" intensity="7.685278e-03" type="0"/>
    <Peak1D F1="2.310592" intensity="7.412871e-03" type="0"/>
    <Peak1D F1="2.267723" intensity="6.508222e-02" type="0"/>
    <Peak1D F1="2.262605" intensity="6.699697e-02" type="0"/>
    <Peak1D F1="2.257400" intensity="7.949448e-02" type="0"/>
    <Peak1D F1="2.229840" intensity="1.031803e-02" type="0"/>
    <Peak1D F1="2.225587" intensity="9.676240e-03" type="0"/>
    <Peak1D F1="2.214259" intensity="5.618843e-03" type="0"/>
    <Peak1D F1="2.197099" intensity="9.099853e-03" type="0"/>
    <Peak1D F1="2.180729" intensity="9.122751e-03" type="0"/>
    <Peak1D F1="2.167646" intensity="2.118176e-02" type="0"/>
    <Peak1D F1="2.156852" intensity="1.021029e-02" type="0"/>
    <Peak1D F1="2.143601" intensity="5.337368e-03" type="0"/>
    <Peak1D F1="2.101497" intensity="2.202750e-02" type="0"/>
    <Peak1D F1="2.093706" intensity="1.971495e-01" type="0"/>
    <Peak1D F1="2.078415" intensity="7.003319e-03" type="0"/>
    <Peak1D F1="2.050328" intensity="1.389964e-02" type="0"/>
    <Peak1D F1="2.040475" intensity="1.885836e-02" type="0"/>
    <Peak1D F1="2.029914" intensity="1.993110e-02" type="0"/>
    <Peak1D F1="2.021808" intensity="1.827641e-02" type="0"/>
    <Peak1D F1="1.967821" intensity="1.172986e-01" type="0"/>
    <Peak1D F1="1.951471" intensity="7.914597e-01" type="0"/>
    <Peak1D F1="1.942125" intensity="1.751687e+00" type="0"/>
    <Peak1D F1="1.929656" intensity="2.837764e+00" type="0"/>
    <Peak1D F1="1.919894" intensity="2.768702e+00" type="0"/>
    <Peak1D F1="1.910299" intensity="1.854162e+00" type="0"/>
    <Peak1D F1="1.902044" intensity="1.048254e+00" type="0"/>
    <Peak1D F1="1.869771" intensity="1.086007e+00" type="0"/>
    <Peak1D F1="1.859151" intensity="1.067070e+00" type="0"/>
    <Peak1D F1="1.846552" intensity="1.091759e+00" type="0"/>
    <Peak1D F1="1.835514" intensity="1.259191e+00" type="0"/>
    <Peak1D F1="1.824423" intensity="1.325918e+00" type="0"/>
    <Peak1D F1="1.814309" intensity="1.098160e+00" type="0"/>
    <Peak1D F1="1.782014" intensity="4.098755e-01" type="0"/>
    <Peak1D F1="1.769225" intensity="3.581901e-01" type="0"/>
    <Peak1D F1="1.757229" intensity="3.688697e-01" type="0"/>
    <Peak1D F1="1.746087" intensity="2.324551e-01" type="0"/>
    <Peak1D F1="1.734732" intensity="1.155594e-01" type="0"/>
    <Peak1D F1="1.717750" intensity="9.655011e-02" type="0"/>
    <Peak1D F1="1.707237" intensity="1.096149e-01" type="0"/>
    <Peak1D F1="1.694860" intensity="1.209536e-01" type="0"/>
    <Peak1D F1="1.673386" intensity="1.336243e-01" type="0"/>
    <Peak1D F1="1.668193" intensity="1.320694e-01" type="0"/>
    <Peak1D F1="1.661063" intensity="1.465073e-01" type="0"/>
    <Peak1D F1="1.656064" intensity="1.359965e-01" type="0"/>
    <Peak1D F1="1.649732" intensity="1.435621e-01" type="0"/>
    <Peak1D F1="1.642789" intensity="1.305765e-01" type="0"/>
    <Peak1D F1="1.637822" intensity="1.285622e-01" type="0"/>
    <Peak1D F1="1.624201" intensity="1.440943e-01" type="0"/>
    <Peak1D F1="1.612836" intensity="1.537446e-01" type="0"/>
    <Peak1D F1="1.602634" intensity="1.571541e-01" type="0"/>
    <Peak1D F1="1.591029" intensity="1.678844e-01" type="0"/>
    <Peak1D F1="1.578726" intensity="1.033360e-01" type="0"/>
    <Peak1D F1="1.567601" intensity="8.075285e-02" type="0"/>
    <Peak1D F1="1.563643" intensity="7.048097e-02" type="0"/>
    <Peak1D F1="1.556492" intensity="7.351132e-02" type="0"/>
    <Peak1D F1="1.545691" intensity="6.305030e-02" type="0"/>
    <Peak1D F1="1.542162" intensity="6.407571e-02" type="0"/>
    <Peak1D F1="1.517181" intensity="8.955658e-02" type="0"/>
    <Peak1D F1="1.505599" intensity="1.181076e-01" type="0"/>
    <Peak1D F1="1.494061" intensity="1.275795e-01" type="0"/>
    <Peak1D F1="1.489188" intensity="1.177712e-01" type="0"/>
    <Peak1D F1="1.482403" intensity="1.131339e-01" type="0"/>
    <Peak1D F1="1.473634" intensity="8.576568e-02" type="0"/>
    <Peak1D F1="1.462244" intensity="6.527952e-02" type="0"/>
    <Peak1D F1="1.447613" intensity="6.249031e-02" type="0"/>
    <Peak1D F1="1.436548" intensity="7.567126e-02" type="0"/>
    <Peak1D F1="1.425673" intensity="9.813939e-02" type="0"/>
    <Peak1D F1="1.415018" intensity="1.098800e-01" type="0"/>
    <Peak1D F1="1.404294" intensity="1.131415e-01" type="0"/>
    <Peak1D F1="1.395595" intensity="9.894616e-02" type="0"/>
    <Peak1D F1="1.383610" intensity="8.992050e-02" type="0"/>
    <Peak1D F1="1.374766" intensity="1.842872e-01" type="0"/>
    <Peak1D F1="1.365893" intensity="8.898663e-02" type="0"/>
    <Peak1D F1="1.357233" intensity="1.638419e-01" type="0"/>
    <Peak1D F1="1.348844" intensity="5.016802e-01" type="0"/>
    <Peak1D F1="1.337524" intensity="1.596430e-01" type="0"/>
    <Peak1D F1="1.326711" intensity="1.406561e-01" type="0"/>
    <Peak1D F1="1.317151" intensity="1.482958e-01" type="0"/>
    <Peak1D F1="1.308159" intensity="1.629049e-01" type="0"/>
    <Peak1D F1="1.299306" intensity="2.595962e-01" type="0"/>
    <Peak1D F1="1.289477" intensity="2.108337e-01" type="0"/>
    <Peak1D F1="1.285969" intensity="2.083617e-01" type="0"/>
    <Peak1D F1="1.277138" intensity="2.463969e-01" type="0"/>
    <Peak1D F1="1.270198" intensity="2.402302e-01" type="0"/>
    <Peak1D F1="1.261740" intensity="4.160705e-01" type="0"/>
    <Peak1D F1="1.255253" intensity="2.544865e-01" type="0"/>
    <Peak1D F1="1.250025" intensity="2.839528e-01" type="0"/>
    <Peak1D F1="1.227084" intensity="4.162368e-01" type="0"/>
    <Peak1D F1="1.210252" intensity="7.147769e-01" type="0"/>
    <Peak1D F1="1.202694" intensity="6.335085e-01" type="0"/>
    <Peak1D F1="1.194173" intensity="5.019243e-01" type="0"/>
    <Peak1D F1="1.181782" intensity="1.007356e+00" type="0"/>
    <Peak1D F1="1.165470" intensity="2.658808e-01" type="0"/>
    <Peak1D F1="1.160372" intensity="2.686667e-01" type="0"/>
    <Peak1D F1="1.145493" intensity="2.352316e-01" type="0"/>
    <Peak1D F1="1.142584" intensity="2.240727e-01" type="0"/>
    <Peak1D F1="1.137041" intensity="2.111732e-01" type="0"/>
    <Peak1D F1="1.132407" intensity="2.203305e-01" type="0"/>
    <Peak1D F1="1.127874" intensity="1.969212e-01" type="0"/>
    <Peak1D F1="1.118459" intensity="1.816663e-01" type="0"/>
    <Peak1D F1="1.111403" intensity="1.593531e-01" type="0"/>
    <Peak1D F1="1.101887" intensity="1.644303e-01" type="0"/>
    <Peak1D F1="1.095222" intensity="1.520255e-01" type="0"/>
    <Peak1D F1="1.089027" intensity="1.604700e-01" type="0"/>
    <Peak1D F1="1.082825" intensity="1.338334e-01" type="0"/>
    <Peak1D F1="1.077729" intensity="1.291150e-01" type="0"/>
    <Peak1D F1="1.069870" intensity="1.392507e-01" type="0"/>
    <Peak1D F1="1.060253" intensity="1.235269e-01" type="0"/>
    <Peak1D F1="1.055674" intensity="1.142737e-01" type="0"/>
    <Peak1D F1="1.047935" intensity="1.389740e-01" type="0"/>
    <Peak1D F1="1.038215" intensity="1.308977e-01" type="0"/>
    <Peak1D F1="1.033726" intensity="1.167216e-01" type="0"/>
    <Peak1D F1="1.024967" intensity="1.151021e-01" type="0"/>
    <Peak1D F1="1.015825" intensity="1.072058e-01" type="0"/>
    <Peak1D F1="1.005510" intensity="1.056683e-01" type="0"/>
    <Peak1D F1="0.993425" intensity="1.039064e-01" type="0"/>
    <Peak1D F1="0.985113" intensity="8.712622e-02" type="0"/>
    <Peak1D F1="0.980975" intensity="8.969678e-02" type="0"/>
    <Peak1D F1="0.967218" intensity="8.139886e-02" type="0"/>
    <Peak1D F1="0.964058" intensity="8.272337e-02" type="0"/>
    <Peak1D F1="0.953707" intensity="8.033361e-02" type="0"/>
    <Peak1D F1="0.949618" intensity="8.854374e-02" type="0"/>
    <Peak1D F1="0.939038" intensity="8.936007e-02" type="0"/>
    <Peak1D F1="0.931481" intensity="7.877613e-02" type="0"/>
    <Peak1D F1="0.927456" intensity="8.689345e-02" type="0"/>
    <Peak1D F1="0.917005" intensity="1.592993e-01" type="0"/>
    <Peak1D F1="0.906471" intensity="1.428923e-01" type="0"/>
    <Peak1D F1="0.899186" intensity="1.187754e-01" type="0"/>
    <Peak1D F1="0.891044" intensity="6.639115e-02" type="0"/>
    <Peak1D F1="0.886877" intensity="7.681760e-02" type="0"/>
    <Peak1D F1="0.878880" intensity="8.879604e-02" type="0"/>
    <Peak1D F1="0.876141" intensity="7.011862e-02" type="0"/>
    <Peak1D F1="0.864601" intensity="2.175174e-01" type="0"/>
    <Peak1D F1="0.853771" intensity="2.129909e-01" type="0"/>
    <Peak1D F1="0.847225" intensity="9.654812e-02" type="0"/>
    <Peak1D F1="0.840055" intensity="1.576835e-01" type="0"/>
    <Peak1D F1="0.833983" intensity="1.869368e-01" type="0"/>
    <Peak1D F1="0.829301" intensity="2.581980e-01" type="0"/>
    <Peak1D F1="0.825173" intensity="3.142935e-01" type="0"/>
    <Peak1D F1="0.822880" intensity="3.631739e-01" type="0"/>
    <Peak1D F1="0.818275" intensity="5.071922e-01" type="0"/>
    <Peak1D F1="0.812810" intensity="8.173766e-01" type="0"/>
    <Peak1D F1="0.806137" intensity="6.631203e-01" type="0"/>
    <Peak1D F1="0.800853" intensity="1.005173e+00" type="0"/>
    <Peak1D F1="0.797221" intensity="1.134463e+00" type="0"/>
    <Peak1D F1="0.790039" intensity="1.049617e+00" type="0"/>
    <Peak1D F1="0.785607" intensity="1.349403e+00" type="0"/>
    <Peak1D F1="0.777781" intensity="9.915770e-01" type="0"/>
    <Peak1D F1="0.773148" intensity="1.355846e+00" type="0"/>
    <Peak1D F1="0.768706" intensity="1.086184e+00" type="0"/>
    <Peak1D F1="0.762076" intensity="8.442717e-01" type="0"/>
    <Peak1D F1="0.758022" intensity="8.896697e-01" type="0"/>
    <Peak1D F1="0.745098" intensity="5.088413e-01" type="0"/>
    <Peak1D F1="0.732576" intensity="2.151556e-01" type="0"/>
    <Peak1D F1="0.728916" intensity="3.466327e-01" type="0"/>
    <Peak1D F1="0.721928" intensity="2.207172e-01" type="0"/>
    <Peak1D F1="0.717483" intensity="3.050759e-01" type="0"/>
    <Peak1D F1="0.710654" intensity="2.871200e-01" type="0"/>
    <Peak1D F1="0.704609" intensity="7.666814e-02" type="0"/>
    <Peak1D F1="0.699182" intensity="2.055303e-01" type="0"/>
    <Peak1D F1="0.692318" intensity="1.729331e-01" type="0"/>
    <Peak1D F1="0.681136" intensity="1.552838e-01" type="0"/>
    <Peak1D F1="0.668018" intensity="3.196582e-02" type="0"/>
    <Peak1D F1="0.626208" intensity="1.786525e-02" type="0"/>
    <Peak1D F1="0.605152" intensity="1.443380e-02" type="0"/>
    <Peak1D F1="0.529371" intensity="8.619977e-03" type="0"/>
    <Peak1D F1="0.485833" intensity="7.248748e-03" type="0"/>
    <Peak1D F1="0.480592" intensity="7.121474e-03" type="0"/>
    <Peak1D F1="0.451337" intensity="6.688075e-03" type="0"/>
    <Peak1D F1="0.447999" intensity="6.603413e-03" type="0"/>
    <Peak1D F1="0.401811" intensity="5.878399e-03" type="0"/>
    <Peak1D F1="0.393864" intensity="5.684064e-03" type="0"/>
    <Peak1D F1="0.335798" intensity="5.171036e-03" type="0"/>
    <Peak1D F1="0.325769" intensity="4.976377e-03" type="0"/>
    <Peak1D F1="0.252385" intensity="4.820362e-03" type="0"/>
    <Peak1D F1="0.015980" intensity="4.763596e-03" type="0"/>
    <Peak1D F1="-0.000157" intensity="9.588634e-02" type="0"/>
  </PeakList1D>
</PeakList>
