<?xml version="1.0" encoding="UTF-8"?>
<PeakList modified="2020-03-02T22:33:06">
  <PeakList1D>
    <PeakList1DHeader creator="pjw" date="2020-02-29T16:07:12" expNo="2" name="hz-3ap-500" owner="" procNo="1" source="D:\pjw-UNI500">
      <PeakPickDetails>F1=218.326508ppm, F2=-18.334021ppm, MI=0.00cm, MAXI=10000.00cm, PC=1.400
      </PeakPickDetails>
    </PeakList1DHeader>
    <Peak1D F1="197.606018" intensity="1.052733" type="0"/>
    <Peak1D F1="163.824142" intensity="0.8441805" type="0"/>
    <Peak1D F1="151.709763" intensity="0.8892403" type="0"/>
    <Peak1D F1="149.912308" intensity="2.480177" type="0"/>
    <Peak1D F1="148.771667" intensity="1.317179" type="0"/>
    <Peak1D F1="140.111252" intensity="2.240766" type="0"/>
    <Peak1D F1="138.833679" intensity="2.356908" type="0"/>
    <Peak1D F1="136.293549" intensity="1.182176" type="0"/>
    <Peak1D F1="133.443741" intensity="2.617814" type="0"/>
    <Peak1D F1="128.723831" intensity="5.885018" type="0"/>
    <Peak1D F1="127.968605" intensity="5.216778" type="0"/>
    <Peak1D F1="124.274704" intensity="2.539758" type="0"/>
    <Peak1D F1="124.02272" intensity="2.440594" type="0"/>
    <Peak1D F1="119.142464" intensity="2.011975" type="0"/>
    <Peak1D F1="105.284134" intensity="2.315794" type="0"/>
    <Peak1D F1="77.29892" intensity="15.0" type="0"/>
    <Peak1D F1="77.044823" intensity="14.97374" type="0"/>
    <Peak1D F1="76.790283" intensity="14.64183" type="0"/>
    <Peak1D F1="37.252415" intensity="2.8627" type="0"/>
    <Peak1D F1="27.464935" intensity="2.715608" type="0"/>
  </PeakList1D>
</PeakList>
