<?xml version="1.0" encoding="UTF-8"?>
<PeakList>
  <PeakList1D>
    <PeakList1DHeader creator="studnmr" date="2019-11-06T21:05:44.566+01:00" expNo="111" name="Nov06-2019" owner="" procNo="1" source="C:/Bruker/TopSpin3.0/data/AK_Koenig/nmr">
      <PeakPickDetails>F1=251.177ppm, F2=-31.184ppm, MI=0.00cm, MAXI=10000.00cm, PC=1.400
      </PeakPickDetails>
    </PeakList1DHeader>
    <Peak1D F1="172.1729" intensity="6.062624e+000" type="0"/>
    <Peak1D F1="136.3645" intensity="5.353979e+000" type="0"/>
    <Peak1D F1="127.7753" intensity="4.909053e+000" type="0"/>
    <Peak1D F1="126.7990" intensity="5.294487e+000" type="0"/>
    <Peak1D F1="123.2404" intensity="1.389808e+001" type="0"/>
    <Peak1D F1="120.0796" intensity="1.412125e+001" type="0"/>
    <Peak1D F1="119.3180" intensity="1.487976e+001" type="0"/>
    <Peak1D F1="114.9925" intensity="5.373515e+000" type="0"/>
    <Peak1D F1="110.7481" intensity="1.425866e+001" type="0"/>
    <Peak1D F1="77.3707" intensity="9.448756e+001" type="0"/>
    <Peak1D F1="77.0532" intensity="9.651723e+001" type="0"/>
    <Peak1D F1="76.7357" intensity="9.483348e+001" type="0"/>
    <Peak1D F1="51.9996" intensity="1.314277e+001" type="0"/>
    <Peak1D F1="31.1532" intensity="1.381572e+001" type="0"/>
    <Peak1D F1="31.1174" intensity="1.500000e+001" type="0"/>
    <Peak1D F1="15.3807" intensity="1.410062e+001" type="0"/>
  </PeakList1D>
</PeakList>
