<?xml version="1.0" encoding="UTF-8"?>
<PeakList>
  <PeakList1D>
    <PeakList1DHeader creator="nmrsu" date="2018-09-11T23:37:10.400-03:00" expNo="2" name="2B236_MS241" owner="" procNo="1" source="C:/NMRData/data/marcio_marilia/nmr">
      <PeakPickDetails>F1=222.593ppm, F2=-22.603ppm, MI=0.00cm, MAXI=10000.00cm, PC=1.400
      </PeakPickDetails>
    </PeakList1DHeader>
    <Peak1D F1="172.1612" intensity="1.910544e+000" type="0"/>
    <Peak1D F1="136.4482" intensity="1.618496e+000" type="0"/>
    <Peak1D F1="127.6404" intensity="1.546496e+000" type="0"/>
    <Peak1D F1="125.7108" intensity="1.509357e+000" type="0"/>
    <Peak1D F1="123.4150" intensity="4.591496e+000" type="0"/>
    <Peak1D F1="119.9688" intensity="4.635781e+000" type="0"/>
    <Peak1D F1="119.6976" intensity="4.964856e+000" type="0"/>
    <Peak1D F1="116.7160" intensity="1.814089e+000" type="0"/>
    <Peak1D F1="110.7894" intensity="4.293833e+000" type="0"/>
    <Peak1D F1="77.3556" intensity="3.303681e+001" type="0"/>
    <Peak1D F1="77.0381" intensity="3.368699e+001" type="0"/>
    <Peak1D F1="76.7204" intensity="3.309783e+001" type="0"/>
    <Peak1D F1="51.9300" intensity="2.963444e+000" type="0"/>
    <Peak1D F1="48.8572" intensity="2.558483e+000" type="0"/>
    <Peak1D F1="31.3905" intensity="4.563877e+000" type="0"/>
    <Peak1D F1="31.2523" intensity="1.500000e+001" type="0"/>
    <Peak1D F1="30.4385" intensity="8.085962e-001" type="0"/>
  </PeakList1D>
</PeakList>
