<?xml version="1.0" encoding="UTF-8"?>
<PeakList modified="2020-02-03T17:15:18">
  <PeakList1D>
    <PeakList1DHeader creator="Dell" date="2020-02-03T17:15:18" expNo="2" name="SDT332" owner="" procNo="1" source="C:/Users/Dell/Desktop/NMR/E synthesis">
      <PeakPickDetails>F1=162.048874ppm, F2=105.147873ppm, MI=0.25cm, MAXI=3.39cm, PC=1.400
      </PeakPickDetails>
    </PeakList1DHeader>
    <Peak1D F1="149.04747" intensity="0.513454" type="0"/>
    <Peak1D F1="144.0159" intensity="0.3877147" type="0"/>
    <Peak1D F1="131.019363" intensity="0.5786158" type="0"/>
    <Peak1D F1="123.327057" intensity="0.5107387" type="0"/>
    <Peak1D F1="120.193413" intensity="1.297109" type="0"/>
    <Peak1D F1="118.616257" intensity="1.259864" type="0"/>
    <Peak1D F1="115.850143" intensity="1.252329" type="0"/>
    <Peak1D F1="110.09359" intensity="1.177675" type="0"/>
  </PeakList1D>
  <PeakList1D>
    <PeakList1DHeader creator="Dell" date="2020-02-03T17:15:18" expNo="2" name="SDT332" owner="" procNo="1" source="C:/Users/Dell/Desktop/NMR/E synthesis">
      <PeakPickDetails>F1=77.454605ppm, F2=76.372833ppm, MI=10.82cm, MAXI=33.01cm, PC=1.400
      </PeakPickDetails>
    </PeakList1DHeader>
    <Peak1D F1="77.380447" intensity="14.62287" type="0"/>
    <Peak1D F1="77.198982" intensity="15.0" type="0"/>
    <Peak1D F1="77.017525" intensity="14.77286" type="0"/>
  </PeakList1D>
  <PeakList1D>
    <PeakList1DHeader creator="Dell" date="2020-02-03T17:15:18" expNo="2" name="SDT332" owner="" procNo="1" source="C:/Users/Dell/Desktop/NMR/E synthesis">
      <PeakPickDetails>F1=68.800461ppm, F2=50.194046ppm, MI=0.38cm, MAXI=4.29cm, PC=1.400
      </PeakPickDetails>
    </PeakList1DHeader>
    <Peak1D F1="66.910606" intensity="1.313475" type="0"/>
    <Peak1D F1="62.4333" intensity="1.157541" type="0"/>
    <Peak1D F1="56.092091" intensity="1.423051" type="0"/>
  </PeakList1D>
  <PeakList1D>
    <PeakList1DHeader creator="Dell" date="2020-02-03T17:15:18" expNo="2" name="SDT332" owner="" procNo="1" source="C:/Users/Dell/Desktop/NMR/E synthesis">
      <PeakPickDetails>F1=35.698353ppm, F2=22.284426ppm, MI=0.54cm, MAXI=3.30cm, PC=1.400
      </PeakPickDetails>
    </PeakList1DHeader>
    <Peak1D F1="31.404947" intensity="1.363306" type="0"/>
    <Peak1D F1="25.986858" intensity="1.325296" type="0"/>
  </PeakList1D>
</PeakList>
