<?xml version="1.0" encoding="UTF-8"?>
<PeakList modified="2020-01-22T17:19:46">
  <PeakList1D>
    <PeakList1DHeader creator="tanpures" date="2020-01-22T17:19:46" expNo="2" name="MEB-I-49" owner="" procNo="1" source="/opt/osu/chemistry/data/tanpures/nmr">
      <PeakPickDetails>F1=160.741928ppm, F2=100.217003ppm, MI=0.79cm, MAXI=8.40cm, PC=1.400
      </PeakPickDetails>
    </PeakList1DHeader>
    <Peak1D F1="148.52832" intensity="1.780341" type="0"/>
    <Peak1D F1="144.219315" intensity="1.540201" type="0"/>
    <Peak1D F1="125.05088" intensity="2.173875" type="0"/>
    <Peak1D F1="121.386543" intensity="5.040692" type="0"/>
    <Peak1D F1="120.337524" intensity="5.210518" type="0"/>
    <Peak1D F1="111.152267" intensity="5.19746" type="0"/>
  </PeakList1D>
  <PeakList1D>
    <PeakList1DHeader creator="tanpures" date="2020-01-22T17:19:46" expNo="2" name="MEB-I-49" owner="" procNo="1" source="/opt/osu/chemistry/data/tanpures/nmr">
      <PeakPickDetails>F1=82.015663ppm, F2=22.367908ppm, MI=1.88cm, MAXI=19.68cm, PC=1.400
      </PeakPickDetails>
    </PeakList1DHeader>
    <Peak1D F1="77.382195" intensity="14.7629" type="0"/>
    <Peak1D F1="77.200615" intensity="15.0" type="0"/>
    <Peak1D F1="77.019073" intensity="14.83499" type="0"/>
    <Peak1D F1="63.186028" intensity="5.22906" type="0"/>
    <Peak1D F1="62.509075" intensity="5.461405" type="0"/>
    <Peak1D F1="56.079048" intensity="5.503199" type="0"/>
    <Peak1D F1="30.742109" intensity="5.570419" type="0"/>
  </PeakList1D>
</PeakList>
