<?xml version="1.0" encoding="UTF-8"?>
<PeakList modified="2019-12-06T17:47:44">
  <PeakList1D>
    <PeakList1DHeader creator="tanpures" date="2019-12-06T17:47:44" expNo="1" name="SDT290" owner="" procNo="1" source="/opt/osu/chemistry/data/tanpures/nmr">
      <PeakPickDetails>F1=7.611664ppm, F2=6.565060ppm, MI=0.91cm, MAXI=3.19cm, PC=1.000
      </PeakPickDetails>
    </PeakList1DHeader>
    <Peak1D F1="7.260006" intensity="2.094032" type="0"/>
  </PeakList1D>
  <PeakList1D>
    <PeakList1DHeader creator="tanpures" date="2019-12-06T17:47:44" expNo="1" name="SDT290" owner="" procNo="1" source="/opt/osu/chemistry/data/tanpures/nmr">
      <PeakPickDetails>F1=4.662144ppm, F2=3.153404ppm, MI=0.95cm, MAXI=6.13cm, PC=1.000
      </PeakPickDetails>
    </PeakList1DHeader>
    <Peak1D F1="4.228551" intensity="1.52144" type="0"/>
    <Peak1D F1="4.220123" intensity="2.910021" type="0"/>
    <Peak1D F1="4.211292" intensity="1.532652" type="0"/>
    <Peak1D F1="3.632656" intensity="1.567519" type="0"/>
    <Peak1D F1="3.623244" intensity="3.143616" type="0"/>
    <Peak1D F1="3.61386" intensity="1.603799" type="0"/>
  </PeakList1D>
  <PeakList1D>
    <PeakList1DHeader creator="tanpures" date="2019-12-06T17:47:44" expNo="1" name="SDT290" owner="" procNo="1" source="/opt/osu/chemistry/data/tanpures/nmr">
      <PeakPickDetails>F1=2.310684ppm, F2=1.970877ppm, MI=0.32cm, MAXI=3.24cm, PC=1.000
      </PeakPickDetails>
    </PeakList1DHeader>
    <Peak1D F1="2.130805" intensity="0.3730908" type="0"/>
    <Peak1D F1="2.129932" intensity="0.4044278" type="0"/>
    <Peak1D F1="2.121401" intensity="1.506581" type="0"/>
    <Peak1D F1="2.112113" intensity="2.061572" type="0"/>
    <Peak1D F1="2.10323" intensity="1.483238" type="0"/>
    <Peak1D F1="2.094715" intensity="0.3796595" type="0"/>
    <Peak1D F1="2.093849" intensity="0.3949151" type="0"/>
  </PeakList1D>
  <PeakList1D>
    <PeakList1DHeader creator="tanpures" date="2019-12-06T17:47:44" expNo="1" name="SDT290" owner="" procNo="1" source="/opt/osu/chemistry/data/tanpures/nmr">
      <PeakPickDetails>F1=1.427187ppm, F2=0.448545ppm, MI=0.92cm, MAXI=16.55cm, PC=1.000
      </PeakPickDetails>
    </PeakList1DHeader>
    <Peak1D F1="1.198943" intensity="15.0" type="0"/>
    <Peak1D F1="1.189136" intensity="14.41676" type="0"/>
    <Peak1D F1="1.188719" intensity="14.37782" type="0"/>
  </PeakList1D>
</PeakList>
