<?xml version="1.0" encoding="UTF-8"?>
<PeakList modified="2020-01-31T09:38:33">
  <PeakList1D>
    <PeakList1DHeader creator="Dell" date="2020-01-31T09:37:49" expNo="3" name="SDT468" owner="" procNo="1" source="C:/Users/Dell/Desktop/NMR/Chlorochromanyl">
      <PeakPickDetails>F1=135.592346ppm, F2=116.727325ppm, MI=4.84cm, MAXI=19.47cm, PC=1.400
      </PeakPickDetails>
    </PeakList1DHeader>
    <Peak1D F1="130.429626" intensity="12.11054" type="0"/>
    <Peak1D F1="129.359619" intensity="13.48132" type="0"/>
    <Peak1D F1="120.752457" intensity="15.0" type="0"/>
  </PeakList1D>
  <PeakList1D>
    <PeakList1DHeader creator="Dell" date="2020-01-31T09:37:49" expNo="3" name="SDT468" owner="" procNo="1" source="C:/Users/Dell/Desktop/NMR/Chlorochromanyl">
      <PeakPickDetails>F1=71.613052ppm, F2=63.175262ppm, MI=6.17cm, MAXI=19.59cm, PC=1.400
      </PeakPickDetails>
    </PeakList1DHeader>
    <Peak1D F1="65.167252" intensity="11.67538" type="0"/>
  </PeakList1D>
  <PeakList1D>
    <PeakList1DHeader creator="Dell@Dell-PC" date="2020-01-31T09:38:34" expNo="3" name="SDT468" owner="Dell" procNo="1" source="C:/Users/Dell/Desktop/NMR/Chlorochromanyl">
      <PeakPickDetails>Manually picked peaks
</PeakPickDetails>
    </PeakList1DHeader>
    <Peak1D F1="63.528885041352694" intensity="-11.06826289243877" type="1"/>
    <Peak1D F1="28.69871757551552" intensity="-12.931365216319644" type="1"/>
  </PeakList1D>
</PeakList>
