<?xml version="1.0" encoding="UTF-8"?>
<PeakList>
  <PeakList1D>
    <PeakList1DHeader creator="nmr600" date="2019-07-25T09:12:04.445+02:00" expNo="15" name="6Jul2519" owner="" procNo="1" source="/opt/topspin3.0/data/nmr600/nmr">
      <PeakPickDetails>F1=-44.820339ppm, F2=-105.179672ppm, MI=0.00cm, MAXI=10000.00cm, PC=1.000
      </PeakPickDetails>
    </PeakList1DHeader>
    <Peak1D F1="-74.202087" intensity="3.131184e-03" type="0"/>
    <Peak1D F1="-74.537376" intensity="1.860514e-03" type="0"/>
    <Peak1D F1="-74.606178" intensity="3.205745e-03" type="0"/>
    <Peak1D F1="-74.701279" intensity="1.658878e-03" type="0"/>
    <Peak1D F1="-74.732681" intensity="1.513236e-03" type="0"/>
    <Peak1D F1="-74.746994" intensity="4.666448e-03" type="0"/>
    <Peak1D F1="-74.766602" intensity="8.907037e-03" type="0"/>
    <Peak1D F1="-74.991974" intensity="3.313667e-03" type="0"/>
    <Peak1D F1="-75.074043" intensity="3.966612e-03" type="0"/>
    <Peak1D F1="-78.057297" intensity="4.058269e-03" type="0"/>
    <Peak1D F1="-78.059204" intensity="6.737935e-03" type="0"/>
    <Peak1D F1="-78.061378" intensity="1.455288e-02" type="0"/>
    <Peak1D F1="-78.063805" intensity="7.712608e-02" type="0"/>
    <Peak1D F1="-78.068474" intensity="7.523310e-03" type="0"/>
    <Peak1D F1="-78.072876" intensity="4.013770e-03" type="0"/>
    <Peak1D F1="-78.074760" intensity="4.347864e-03" type="0"/>
    <Peak1D F1="-78.076645" intensity="4.602350e-03" type="0"/>
    <Peak1D F1="-78.078484" intensity="4.048377e-03" type="0"/>
    <Peak1D F1="-78.118080" intensity="6.012440e-03" type="0"/>
    <Peak1D F1="-78.126183" intensity="2.993260e-03" type="0"/>
    <Peak1D F1="-78.128151" intensity="5.078779e-03" type="0"/>
    <Peak1D F1="-78.130028" intensity="6.771128e-03" type="0"/>
    <Peak1D F1="-78.131905" intensity="8.224895e-03" type="0"/>
    <Peak1D F1="-78.133766" intensity="8.215983e-03" type="0"/>
    <Peak1D F1="-78.135628" intensity="6.982633e-03" type="0"/>
    <Peak1D F1="-78.137558" intensity="5.129561e-03" type="0"/>
    <Peak1D F1="-78.139893" intensity="3.462891e-03" type="0"/>
    <Peak1D F1="-78.141975" intensity="6.702388e-03" type="0"/>
    <Peak1D F1="-78.143867" intensity="1.015421e-02" type="0"/>
    <Peak1D F1="-78.145767" intensity="1.380732e-02" type="0"/>
    <Peak1D F1="-78.147614" intensity="1.846818e-02" type="0"/>
    <Peak1D F1="-78.149345" intensity="1.513233e-02" type="0"/>
    <Peak1D F1="-78.151306" intensity="9.741313e-03" type="0"/>
    <Peak1D F1="-78.153648" intensity="7.526593e-03" type="0"/>
    <Peak1D F1="-78.155769" intensity="1.097007e-02" type="0"/>
    <Peak1D F1="-78.157654" intensity="1.372099e-02" type="0"/>
    <Peak1D F1="-78.159523" intensity="1.602829e-02" type="0"/>
    <Peak1D F1="-78.161392" intensity="1.767216e-02" type="0"/>
    <Peak1D F1="-78.163261" intensity="1.659657e-02" type="0"/>
    <Peak1D F1="-78.165138" intensity="1.423142e-02" type="0"/>
    <Peak1D F1="-78.167488" intensity="1.073903e-02" type="0"/>
    <Peak1D F1="-78.169594" intensity="1.645004e-02" type="0"/>
    <Peak1D F1="-78.171478" intensity="2.122404e-02" type="0"/>
    <Peak1D F1="-78.173332" intensity="2.542392e-02" type="0"/>
    <Peak1D F1="-78.175209" intensity="2.624168e-02" type="0"/>
    <Peak1D F1="-78.177078" intensity="2.684571e-02" type="0"/>
    <Peak1D F1="-78.178986" intensity="2.517913e-02" type="0"/>
    <Peak1D F1="-78.183441" intensity="4.866404e-02" type="0"/>
    <Peak1D F1="-78.185204" intensity="4.632667e-02" type="0"/>
    <Peak1D F1="-78.187141" intensity="4.656255e-02" type="0"/>
    <Peak1D F1="-78.189018" intensity="5.024081e-02" type="0"/>
    <Peak1D F1="-78.190895" intensity="5.264560e-02" type="0"/>
    <Peak1D F1="-78.192787" intensity="5.150373e-02" type="0"/>
    <Peak1D F1="-78.194954" intensity="4.885742e-02" type="0"/>
    <Peak1D F1="-78.197243" intensity="6.400583e-02" type="0"/>
    <Peak1D F1="-78.199142" intensity="8.290826e-02" type="0"/>
    <Peak1D F1="-78.201004" intensity="1.042457e-01" type="0"/>
    <Peak1D F1="-78.202873" intensity="1.279731e-01" type="0"/>
    <Peak1D F1="-78.204758" intensity="1.506957e-01" type="0"/>
    <Peak1D F1="-78.206696" intensity="1.774933e-01" type="0"/>
    <Peak1D F1="-78.219215" intensity="1.500000e+01" type="0"/>
    <Peak1D F1="-78.223618" intensity="1.392910e+00" type="0"/>
    <Peak1D F1="-78.229347" intensity="3.689464e-01" type="0"/>
    <Peak1D F1="-78.231247" intensity="2.753150e-01" type="0"/>
    <Peak1D F1="-78.233131" intensity="2.117582e-01" type="0"/>
    <Peak1D F1="-78.234955" intensity="1.623554e-01" type="0"/>
    <Peak1D F1="-78.239494" intensity="1.173525e-01" type="0"/>
    <Peak1D F1="-78.241417" intensity="1.091871e-01" type="0"/>
    <Peak1D F1="-78.243301" intensity="1.003201e-01" type="0"/>
    <Peak1D F1="-78.245163" intensity="8.954733e-02" type="0"/>
    <Peak1D F1="-78.247032" intensity="7.708329e-02" type="0"/>
    <Peak1D F1="-78.248909" intensity="6.528897e-02" type="0"/>
    <Peak1D F1="-78.251083" intensity="5.260389e-02" type="0"/>
    <Peak1D F1="-78.253464" intensity="5.904114e-02" type="0"/>
    <Peak1D F1="-78.255203" intensity="6.555583e-02" type="0"/>
    <Peak1D F1="-78.257095" intensity="5.406460e-02" type="0"/>
    <Peak1D F1="-78.258995" intensity="4.917294e-02" type="0"/>
    <Peak1D F1="-78.260857" intensity="4.331145e-02" type="0"/>
    <Peak1D F1="-78.262741" intensity="3.663857e-02" type="0"/>
    <Peak1D F1="-78.264702" intensity="2.874255e-02" type="0"/>
    <Peak1D F1="-78.267166" intensity="2.998137e-02" type="0"/>
    <Peak1D F1="-78.269081" intensity="3.151290e-02" type="0"/>
    <Peak1D F1="-78.270950" intensity="3.150849e-02" type="0"/>
    <Peak1D F1="-78.272812" intensity="3.002824e-02" type="0"/>
    <Peak1D F1="-78.274673" intensity="2.671908e-02" type="0"/>
    <Peak1D F1="-78.276558" intensity="2.167963e-02" type="0"/>
    <Peak1D F1="-78.278564" intensity="1.822935e-02" type="0"/>
    <Peak1D F1="-78.280975" intensity="1.882189e-02" type="0"/>
    <Peak1D F1="-78.282898" intensity="2.069000e-02" type="0"/>
    <Peak1D F1="-78.284767" intensity="2.148263e-02" type="0"/>
    <Peak1D F1="-78.286629" intensity="2.112859e-02" type="0"/>
    <Peak1D F1="-78.288498" intensity="1.898895e-02" type="0"/>
    <Peak1D F1="-78.290382" intensity="1.629332e-02" type="0"/>
    <Peak1D F1="-78.292366" intensity="1.280937e-02" type="0"/>
    <Peak1D F1="-78.294785" intensity="1.329655e-02" type="0"/>
    <Peak1D F1="-78.296722" intensity="1.588388e-02" type="0"/>
    <Peak1D F1="-78.298561" intensity="1.641051e-02" type="0"/>
    <Peak1D F1="-78.300453" intensity="1.582656e-02" type="0"/>
    <Peak1D F1="-78.302307" intensity="1.459041e-02" type="0"/>
    <Peak1D F1="-78.304184" intensity="1.230307e-02" type="0"/>
    <Peak1D F1="-78.306160" intensity="9.471550e-03" type="0"/>
    <Peak1D F1="-78.308586" intensity="1.005809e-02" type="0"/>
    <Peak1D F1="-78.310524" intensity="1.169206e-02" type="0"/>
    <Peak1D F1="-78.312401" intensity="1.273949e-02" type="0"/>
    <Peak1D F1="-78.314262" intensity="1.267674e-02" type="0"/>
    <Peak1D F1="-78.316124" intensity="1.190984e-02" type="0"/>
    <Peak1D F1="-78.318001" intensity="1.021384e-02" type="0"/>
    <Peak1D F1="-78.319923" intensity="8.197284e-03" type="0"/>
    <Peak1D F1="-78.322403" intensity="8.042705e-03" type="0"/>
    <Peak1D F1="-78.324318" intensity="9.529078e-03" type="0"/>
    <Peak1D F1="-78.326210" intensity="1.047694e-02" type="0"/>
    <Peak1D F1="-78.328079" intensity="1.069857e-02" type="0"/>
    <Peak1D F1="-78.329941" intensity="1.013252e-02" type="0"/>
    <Peak1D F1="-78.331802" intensity="8.583403e-03" type="0"/>
    <Peak1D F1="-78.333748" intensity="6.723450e-03" type="0"/>
    <Peak1D F1="-78.336166" intensity="6.280677e-03" type="0"/>
    <Peak1D F1="-78.338142" intensity="7.972319e-03" type="0"/>
    <Peak1D F1="-78.340034" intensity="8.797074e-03" type="0"/>
    <Peak1D F1="-78.341888" intensity="9.283580e-03" type="0"/>
    <Peak1D F1="-78.343742" intensity="8.782068e-03" type="0"/>
    <Peak1D F1="-78.345650" intensity="7.835089e-03" type="0"/>
    <Peak1D F1="-78.347496" intensity="6.099492e-03" type="0"/>
    <Peak1D F1="-78.349945" intensity="5.176346e-03" type="0"/>
    <Peak1D F1="-78.351967" intensity="6.533881e-03" type="0"/>
    <Peak1D F1="-78.353836" intensity="7.683364e-03" type="0"/>
    <Peak1D F1="-78.355705" intensity="8.401300e-03" type="0"/>
    <Peak1D F1="-78.357567" intensity="8.059026e-03" type="0"/>
    <Peak1D F1="-78.359428" intensity="6.811473e-03" type="0"/>
    <Peak1D F1="-78.361336" intensity="5.329331e-03" type="0"/>
    <Peak1D F1="-78.363716" intensity="4.529603e-03" type="0"/>
    <Peak1D F1="-78.365799" intensity="5.916387e-03" type="0"/>
    <Peak1D F1="-78.367630" intensity="6.874452e-03" type="0"/>
    <Peak1D F1="-78.369522" intensity="6.926646e-03" type="0"/>
    <Peak1D F1="-78.371376" intensity="6.829273e-03" type="0"/>
    <Peak1D F1="-78.373253" intensity="6.122932e-03" type="0"/>
    <Peak1D F1="-78.375145" intensity="4.906844e-03" type="0"/>
    <Peak1D F1="-78.377548" intensity="3.676303e-03" type="0"/>
    <Peak1D F1="-78.379578" intensity="5.381990e-03" type="0"/>
    <Peak1D F1="-78.381470" intensity="5.985701e-03" type="0"/>
    <Peak1D F1="-78.383324" intensity="6.724908e-03" type="0"/>
    <Peak1D F1="-78.385193" intensity="6.377129e-03" type="0"/>
    <Peak1D F1="-78.387054" intensity="5.883180e-03" type="0"/>
    <Peak1D F1="-78.388954" intensity="4.671785e-03" type="0"/>
    <Peak1D F1="-78.391052" intensity="3.506019e-03" type="0"/>
    <Peak1D F1="-78.393394" intensity="4.728947e-03" type="0"/>
    <Peak1D F1="-78.395264" intensity="5.799333e-03" type="0"/>
    <Peak1D F1="-78.397141" intensity="5.944968e-03" type="0"/>
    <Peak1D F1="-78.398994" intensity="6.002973e-03" type="0"/>
    <Peak1D F1="-78.400871" intensity="5.399845e-03" type="0"/>
    <Peak1D F1="-78.402748" intensity="4.352570e-03" type="0"/>
    <Peak1D F1="-78.404877" intensity="3.124591e-03" type="0"/>
    <Peak1D F1="-78.407219" intensity="4.113556e-03" type="0"/>
    <Peak1D F1="-78.409088" intensity="5.228878e-03" type="0"/>
    <Peak1D F1="-78.410942" intensity="5.603730e-03" type="0"/>
    <Peak1D F1="-78.412819" intensity="5.692344e-03" type="0"/>
    <Peak1D F1="-78.414680" intensity="5.145888e-03" type="0"/>
    <Peak1D F1="-78.416573" intensity="4.571267e-03" type="0"/>
    <Peak1D F1="-78.418533" intensity="3.016100e-03" type="0"/>
    <Peak1D F1="-78.421043" intensity="3.983429e-03" type="0"/>
    <Peak1D F1="-78.422890" intensity="4.801025e-03" type="0"/>
    <Peak1D F1="-78.424759" intensity="5.241204e-03" type="0"/>
    <Peak1D F1="-78.426628" intensity="5.122159e-03" type="0"/>
    <Peak1D F1="-78.428505" intensity="5.230069e-03" type="0"/>
    <Peak1D F1="-78.430367" intensity="4.031343e-03" type="0"/>
    <Peak1D F1="-78.432404" intensity="3.216388e-03" type="0"/>
    <Peak1D F1="-78.434837" intensity="3.667497e-03" type="0"/>
    <Peak1D F1="-78.436707" intensity="4.729432e-03" type="0"/>
    <Peak1D F1="-78.438576" intensity="4.778446e-03" type="0"/>
    <Peak1D F1="-78.440445" intensity="4.916357e-03" type="0"/>
    <Peak1D F1="-78.442307" intensity="4.870739e-03" type="0"/>
    <Peak1D F1="-78.444191" intensity="4.063226e-03" type="0"/>
    <Peak1D F1="-78.446106" intensity="3.113356e-03" type="0"/>
    <Peak1D F1="-78.448601" intensity="3.333331e-03" type="0"/>
    <Peak1D F1="-78.450531" intensity="4.131155e-03" type="0"/>
    <Peak1D F1="-78.452393" intensity="4.724255e-03" type="0"/>
    <Peak1D F1="-78.454254" intensity="4.887733e-03" type="0"/>
    <Peak1D F1="-78.456108" intensity="4.697937e-03" type="0"/>
    <Peak1D F1="-78.458000" intensity="3.951341e-03" type="0"/>
    <Peak1D F1="-78.459930" intensity="3.168096e-03" type="0"/>
    <Peak1D F1="-78.462402" intensity="3.012315e-03" type="0"/>
    <Peak1D F1="-78.464325" intensity="3.569227e-03" type="0"/>
    <Peak1D F1="-78.466202" intensity="4.193536e-03" type="0"/>
    <Peak1D F1="-78.468063" intensity="4.708010e-03" type="0"/>
    <Peak1D F1="-78.469925" intensity="4.089834e-03" type="0"/>
    <Peak1D F1="-78.471840" intensity="3.691040e-03" type="0"/>
    <Peak1D F1="-78.473724" intensity="3.048443e-03" type="0"/>
    <Peak1D F1="-78.476181" intensity="2.900211e-03" type="0"/>
    <Peak1D F1="-78.478119" intensity="3.251250e-03" type="0"/>
    <Peak1D F1="-78.480026" intensity="4.187122e-03" type="0"/>
    <Peak1D F1="-78.481880" intensity="4.297106e-03" type="0"/>
    <Peak1D F1="-78.483734" intensity="3.996441e-03" type="0"/>
    <Peak1D F1="-78.485634" intensity="3.528108e-03" type="0"/>
    <Peak1D F1="-78.487511" intensity="2.538729e-03" type="0"/>
    <Peak1D F1="-78.489937" intensity="2.382069e-03" type="0"/>
    <Peak1D F1="-78.491943" intensity="3.136286e-03" type="0"/>
    <Peak1D F1="-78.493835" intensity="3.580113e-03" type="0"/>
    <Peak1D F1="-78.495697" intensity="3.834501e-03" type="0"/>
    <Peak1D F1="-78.497551" intensity="3.548137e-03" type="0"/>
    <Peak1D F1="-78.499435" intensity="3.172368e-03" type="0"/>
    <Peak1D F1="-78.501373" intensity="2.509250e-03" type="0"/>
    <Peak1D F1="-78.503716" intensity="2.096249e-03" type="0"/>
    <Peak1D F1="-78.505783" intensity="2.768951e-03" type="0"/>
    <Peak1D F1="-78.507637" intensity="3.414980e-03" type="0"/>
    <Peak1D F1="-78.509506" intensity="3.711727e-03" type="0"/>
    <Peak1D F1="-78.511368" intensity="3.608388e-03" type="0"/>
    <Peak1D F1="-78.513237" intensity="3.004277e-03" type="0"/>
    <Peak1D F1="-78.515091" intensity="2.256347e-03" type="0"/>
    <Peak1D F1="-78.517525" intensity="1.766709e-03" type="0"/>
    <Peak1D F1="-78.519585" intensity="2.404338e-03" type="0"/>
    <Peak1D F1="-78.521454" intensity="3.352816e-03" type="0"/>
    <Peak1D F1="-78.523331" intensity="3.530296e-03" type="0"/>
    <Peak1D F1="-78.525169" intensity="3.367235e-03" type="0"/>
    <Peak1D F1="-78.527046" intensity="3.068449e-03" type="0"/>
    <Peak1D F1="-78.528976" intensity="2.518166e-03" type="0"/>
    <Peak1D F1="-78.531334" intensity="1.762684e-03" type="0"/>
    <Peak1D F1="-78.533363" intensity="2.140479e-03" type="0"/>
    <Peak1D F1="-78.535278" intensity="2.958646e-03" type="0"/>
    <Peak1D F1="-78.537132" intensity="2.973787e-03" type="0"/>
    <Peak1D F1="-78.538979" intensity="3.007008e-03" type="0"/>
    <Peak1D F1="-78.540886" intensity="2.812808e-03" type="0"/>
    <Peak1D F1="-78.542747" intensity="2.289218e-03" type="0"/>
    <Peak1D F1="-78.544785" intensity="1.763061e-03" type="0"/>
    <Peak1D F1="-78.547195" intensity="2.233725e-03" type="0"/>
    <Peak1D F1="-78.549080" intensity="2.633316e-03" type="0"/>
    <Peak1D F1="-78.550941" intensity="2.929396e-03" type="0"/>
    <Peak1D F1="-78.552818" intensity="3.077418e-03" type="0"/>
    <Peak1D F1="-78.554688" intensity="2.715068e-03" type="0"/>
    <Peak1D F1="-78.556541" intensity="2.383917e-03" type="0"/>
    <Peak1D F1="-78.558662" intensity="1.649819e-03" type="0"/>
    <Peak1D F1="-78.561028" intensity="2.036552e-03" type="0"/>
    <Peak1D F1="-78.562859" intensity="2.520283e-03" type="0"/>
    <Peak1D F1="-78.564789" intensity="2.788333e-03" type="0"/>
    <Peak1D F1="-78.566612" intensity="3.142322e-03" type="0"/>
    <Peak1D F1="-78.568481" intensity="2.744566e-03" type="0"/>
    <Peak1D F1="-78.570343" intensity="2.109256e-03" type="0"/>
    <Peak1D F1="-78.574776" intensity="1.863576e-03" type="0"/>
    <Peak1D F1="-78.576698" intensity="2.230768e-03" type="0"/>
    <Peak1D F1="-78.578560" intensity="2.747420e-03" type="0"/>
    <Peak1D F1="-78.580414" intensity="2.578227e-03" type="0"/>
    <Peak1D F1="-78.582321" intensity="2.512886e-03" type="0"/>
    <Peak1D F1="-78.584167" intensity="2.105632e-03" type="0"/>
    <Peak1D F1="-78.586075" intensity="1.511643e-03" type="0"/>
    <Peak1D F1="-78.588570" intensity="1.680633e-03" type="0"/>
    <Peak1D F1="-78.590538" intensity="2.409848e-03" type="0"/>
    <Peak1D F1="-78.592400" intensity="2.568068e-03" type="0"/>
    <Peak1D F1="-78.594231" intensity="2.934821e-03" type="0"/>
    <Peak1D F1="-78.596100" intensity="2.587394e-03" type="0"/>
    <Peak1D F1="-78.597992" intensity="2.353561e-03" type="0"/>
    <Peak1D F1="-78.599907" intensity="1.670029e-03" type="0"/>
    <Peak1D F1="-78.602379" intensity="1.589358e-03" type="0"/>
    <Peak1D F1="-78.604309" intensity="2.112982e-03" type="0"/>
    <Peak1D F1="-78.606209" intensity="2.706414e-03" type="0"/>
    <Peak1D F1="-78.608055" intensity="2.843803e-03" type="0"/>
    <Peak1D F1="-78.609917" intensity="2.552829e-03" type="0"/>
    <Peak1D F1="-78.611794" intensity="2.176041e-03" type="0"/>
    <Peak1D F1="-78.613663" intensity="1.742790e-03" type="0"/>
    <Peak1D F1="-78.616272" intensity="1.720776e-03" type="0"/>
    <Peak1D F1="-78.618118" intensity="2.319236e-03" type="0"/>
    <Peak1D F1="-78.620026" intensity="2.991742e-03" type="0"/>
    <Peak1D F1="-78.621933" intensity="3.953832e-03" type="0"/>
    <Peak1D F1="-78.623787" intensity="5.100819e-03" type="0"/>
    <Peak1D F1="-78.625916" intensity="6.948361e-03" type="0"/>
    <Peak1D F1="-78.629997" intensity="8.336267e-02" type="0"/>
    <Peak1D F1="-78.635506" intensity="1.051205e-02" type="0"/>
    <Peak1D F1="-78.639297" intensity="4.073131e-03" type="0"/>
    <Peak1D F1="-78.641144" intensity="3.412968e-03" type="0"/>
    <Peak1D F1="-78.645737" intensity="2.999750e-03" type="0"/>
    <Peak1D F1="-78.647652" intensity="3.098642e-03" type="0"/>
    <Peak1D F1="-78.649498" intensity="3.109483e-03" type="0"/>
    <Peak1D F1="-78.651344" intensity="2.716044e-03" type="0"/>
    <Peak1D F1="-78.653244" intensity="2.504910e-03" type="0"/>
    <Peak1D F1="-78.655182" intensity="1.896799e-03" type="0"/>
    <Peak1D F1="-78.659599" intensity="2.359370e-03" type="0"/>
    <Peak1D F1="-78.661453" intensity="2.548371e-03" type="0"/>
    <Peak1D F1="-78.663292" intensity="2.475281e-03" type="0"/>
    <Peak1D F1="-78.665199" intensity="2.639172e-03" type="0"/>
    <Peak1D F1="-78.667053" intensity="2.257123e-03" type="0"/>
    <Peak1D F1="-78.668930" intensity="1.587231e-03" type="0"/>
    <Peak1D F1="-78.673386" intensity="1.648325e-03" type="0"/>
    <Peak1D F1="-78.675293" intensity="2.241764e-03" type="0"/>
    <Peak1D F1="-78.677132" intensity="2.247583e-03" type="0"/>
    <Peak1D F1="-78.678986" intensity="2.385637e-03" type="0"/>
    <Peak1D F1="-78.680855" intensity="1.844365e-03" type="0"/>
    <Peak1D F1="-78.682785" intensity="1.866828e-03" type="0"/>
    <Peak1D F1="-78.689064" intensity="1.877569e-03" type="0"/>
    <Peak1D F1="-78.690948" intensity="2.270262e-03" type="0"/>
    <Peak1D F1="-78.692818" intensity="2.215338e-03" type="0"/>
    <Peak1D F1="-78.694695" intensity="1.954167e-03" type="0"/>
    <Peak1D F1="-78.696533" intensity="1.556446e-03" type="0"/>
    <Peak1D F1="-78.700974" intensity="1.557373e-03" type="0"/>
    <Peak1D F1="-78.702904" intensity="1.832611e-03" type="0"/>
    <Peak1D F1="-78.704742" intensity="2.057315e-03" type="0"/>
    <Peak1D F1="-78.706612" intensity="2.169905e-03" type="0"/>
    <Peak1D F1="-78.708473" intensity="1.676673e-03" type="0"/>
    <Peak1D F1="-78.710358" intensity="1.475127e-03" type="0"/>
    <Peak1D F1="-78.714767" intensity="1.485613e-03" type="0"/>
    <Peak1D F1="-78.716721" intensity="1.779767e-03" type="0"/>
    <Peak1D F1="-78.718536" intensity="1.886324e-03" type="0"/>
    <Peak1D F1="-78.720436" intensity="1.900565e-03" type="0"/>
    <Peak1D F1="-78.722313" intensity="1.883376e-03" type="0"/>
    <Peak1D F1="-78.730537" intensity="1.799404e-03" type="0"/>
    <Peak1D F1="-78.732353" intensity="1.886691e-03" type="0"/>
    <Peak1D F1="-78.734230" intensity="1.964653e-03" type="0"/>
    <Peak1D F1="-78.736137" intensity="1.571660e-03" type="0"/>
    <Peak1D F1="-78.737968" intensity="1.643441e-03" type="0"/>
    <Peak1D F1="-78.746216" intensity="1.967580e-03" type="0"/>
    <Peak1D F1="-78.748062" intensity="2.074311e-03" type="0"/>
    <Peak1D F1="-78.749924" intensity="2.122983e-03" type="0"/>
    <Peak1D F1="-78.751808" intensity="1.701887e-03" type="0"/>
    <Peak1D F1="-78.756210" intensity="2.063234e-03" type="0"/>
    <Peak1D F1="-78.758163" intensity="2.587124e-03" type="0"/>
    <Peak1D F1="-78.759995" intensity="2.451661e-03" type="0"/>
    <Peak1D F1="-78.761826" intensity="2.527725e-03" type="0"/>
    <Peak1D F1="-78.763748" intensity="2.296920e-03" type="0"/>
    <Peak1D F1="-78.765617" intensity="1.871198e-03" type="0"/>
    <Peak1D F1="-78.771904" intensity="1.675247e-03" type="0"/>
    <Peak1D F1="-78.773819" intensity="1.901325e-03" type="0"/>
    <Peak1D F1="-78.775681" intensity="2.007464e-03" type="0"/>
    <Peak1D F1="-78.777565" intensity="1.697548e-03" type="0"/>
    <Peak1D F1="-78.779411" intensity="1.713258e-03" type="0"/>
    <Peak1D F1="-78.787628" intensity="1.590154e-03" type="0"/>
    <Peak1D F1="-78.789497" intensity="1.672026e-03" type="0"/>
    <Peak1D F1="-78.791389" intensity="1.660708e-03" type="0"/>
    <Peak1D F1="-78.793221" intensity="1.831520e-03" type="0"/>
    <Peak1D F1="-78.801437" intensity="1.643889e-03" type="0"/>
    <Peak1D F1="-78.803284" intensity="1.549566e-03" type="0"/>
    <Peak1D F1="-78.805176" intensity="1.573176e-03" type="0"/>
    <Peak1D F1="-78.807053" intensity="1.452495e-03" type="0"/>
    <Peak1D F1="-78.815269" intensity="1.525013e-03" type="0"/>
    <Peak1D F1="-78.817146" intensity="1.564612e-03" type="0"/>
    <Peak1D F1="-78.818970" intensity="1.586892e-03" type="0"/>
    <Peak1D F1="-78.832832" intensity="1.672295e-03" type="0"/>
    <Peak1D F1="-78.834625" intensity="1.721788e-03" type="0"/>
    <Peak1D F1="-78.844765" intensity="1.613393e-03" type="0"/>
    <Peak1D F1="-78.846619" intensity="1.745582e-03" type="0"/>
    <Peak1D F1="-78.856697" intensity="1.666177e-03" type="0"/>
    <Peak1D F1="-78.862289" intensity="1.615265e-03" type="0"/>
    <Peak1D F1="-78.872360" intensity="1.669831e-03" type="0"/>
    <Peak1D F1="-78.886223" intensity="1.468286e-03" type="0"/>
    <Peak1D F1="-78.888031" intensity="1.619168e-03" type="0"/>
    <Peak1D F1="-78.901871" intensity="1.601309e-03" type="0"/>
    <Peak1D F1="-78.903748" intensity="1.461155e-03" type="0"/>
    <Peak1D F1="-78.915703" intensity="1.492700e-03" type="0"/>
    <Peak1D F1="-78.943260" intensity="1.580729e-03" type="0"/>
    <Peak1D F1="-78.957138" intensity="1.494760e-03" type="0"/>
    <Peak1D F1="-78.958977" intensity="1.548461e-03" type="0"/>
    <Peak1D F1="-78.974701" intensity="1.488364e-03" type="0"/>
    <Peak1D F1="-78.976555" intensity="1.578028e-03" type="0"/>
    <Peak1D F1="-78.982948" intensity="1.531901e-03" type="0"/>
    <Peak1D F1="-78.984756" intensity="1.491590e-03" type="0"/>
    <Peak1D F1="-78.986565" intensity="1.963292e-03" type="0"/>
    <Peak1D F1="-78.988495" intensity="1.513098e-03" type="0"/>
    <Peak1D F1="-78.998566" intensity="1.706825e-03" type="0"/>
    <Peak1D F1="-79.000412" intensity="1.537797e-03" type="0"/>
    <Peak1D F1="-79.014244" intensity="1.755003e-03" type="0"/>
    <Peak1D F1="-79.026192" intensity="1.482886e-03" type="0"/>
    <Peak1D F1="-79.028107" intensity="1.508574e-03" type="0"/>
    <Peak1D F1="-79.053757" intensity="1.517492e-03" type="0"/>
    <Peak1D F1="-79.057526" intensity="1.461565e-03" type="0"/>
    <Peak1D F1="-79.167717" intensity="2.458677e-02" type="0"/>
    <Peak1D F1="-79.173660" intensity="2.692186e-03" type="0"/>
    <Peak1D F1="-79.178040" intensity="1.693223e-03" type="0"/>
    <Peak1D F1="-79.179955" intensity="1.662958e-03" type="0"/>
    <Peak1D F1="-79.181854" intensity="1.660505e-03" type="0"/>
  </PeakList1D>
</PeakList>
