<?xml version="1.0" encoding="UTF-8"?>
<PeakList modified="2020-02-03T17:21:42">
  <PeakList1D>
    <PeakList1DHeader creator="Dell" date="2020-02-03T17:20:38" expNo="3" name="SDT332" owner="" procNo="1" source="C:/Users/Dell/Desktop/NMR/E synthesis">
      <PeakPickDetails>F1=121.882698ppm, F2=106.162849ppm, MI=3.65cm, MAXI=15.71cm, PC=1.400
      </PeakPickDetails>
    </PeakList1DHeader>
    <Peak1D F1="120.192406" intensity="8.676335" type="0"/>
    <Peak1D F1="118.615479" intensity="9.115626" type="0"/>
    <Peak1D F1="115.848999" intensity="9.264253" type="0"/>
    <Peak1D F1="110.092361" intensity="8.351281" type="0"/>
  </PeakList1D>
  <PeakList1D>
    <PeakList1DHeader creator="Dell" date="2020-02-03T17:20:38" expNo="3" name="SDT332" owner="" procNo="1" source="C:/Users/Dell/Desktop/NMR/E synthesis">
      <PeakPickDetails>F1=58.572605ppm, F2=51.251030ppm, MI=4.39cm, MAXI=21.80cm, PC=1.400
      </PeakPickDetails>
    </PeakList1DHeader>
    <Peak1D F1="56.091347" intensity="15.0" type="0"/>
  </PeakList1D>
  <PeakList1D>
    <PeakList1DHeader creator="Dell@Dell-PC" date="2020-02-03T17:21:43" expNo="3" name="SDT332" owner="Dell" procNo="1" source="C:/Users/Dell/Desktop/NMR/E synthesis">
      <PeakPickDetails>Manually picked peaks
</PeakPickDetails>
    </PeakList1DHeader>
    <Peak1D F1="66.91020964660015" intensity="-12.419052803899886" type="1"/>
    <Peak1D F1="62.43260537783078" intensity="-11.721450787515849" type="1"/>
    <Peak1D F1="31.4056811731879" intensity="-11.14966543035829" type="1"/>
    <Peak1D F1="25.986882686675262" intensity="-11.36794191796149" type="1"/>
  </PeakList1D>
</PeakList>
