<?xml version="1.0" encoding="UTF-8"?>
<PeakList>
  <PeakList1D>
    <PeakList1DHeader creator="nmr600" date="2019-08-30T11:52:03.928+02:00" expNo="31" name="6Aug3019" owner="" procNo="1" source="/opt/topspin3.0/data/nmr600/nmr">
      <PeakPickDetails>F1=219.446198ppm, F2=-19.452496ppm, MI=0.00cm, MAXI=10000.00cm, PC=1.400
      </PeakPickDetails>
    </PeakList1DHeader>
    <Peak1D F1="194.694931" intensity="-3.715705e-02" type="0"/>
    <Peak1D F1="158.714417" intensity="-1.825975e+00" type="0"/>
    <Peak1D F1="151.157730" intensity="-1.949238e+00" type="0"/>
    <Peak1D F1="137.894928" intensity="-4.705245e-02" type="0"/>
    <Peak1D F1="135.442719" intensity="-1.627034e+00" type="0"/>
    <Peak1D F1="135.303787" intensity="-2.365165e+00" type="0"/>
    <Peak1D F1="132.223663" intensity="5.194947e-02" type="0"/>
    <Peak1D F1="131.609604" intensity="2.690317e-01" type="0"/>
    <Peak1D F1="131.552887" intensity="5.195331e-02" type="0"/>
    <Peak1D F1="129.249573" intensity="7.066296e-02" type="0"/>
    <Peak1D F1="129.140915" intensity="6.654725e-02" type="0"/>
    <Peak1D F1="128.978470" intensity="6.098150e+00" type="0"/>
    <Peak1D F1="128.920578" intensity="2.847813e-01" type="0"/>
    <Peak1D F1="128.862885" intensity="1.156109e-01" type="0"/>
    <Peak1D F1="128.747574" intensity="7.007546e-02" type="0"/>
    <Peak1D F1="128.664368" intensity="1.213471e+01" type="0"/>
    <Peak1D F1="128.494400" intensity="1.028991e-01" type="0"/>
    <Peak1D F1="128.363953" intensity="3.171955e-01" type="0"/>
    <Peak1D F1="128.144669" intensity="4.456181e-02" type="0"/>
    <Peak1D F1="128.006241" intensity="9.385494e-02" type="0"/>
    <Peak1D F1="127.962250" intensity="7.580619e-02" type="0"/>
    <Peak1D F1="127.829224" intensity="1.266168e+01" type="0"/>
    <Peak1D F1="127.652107" intensity="4.786342e-02" type="0"/>
    <Peak1D F1="127.608940" intensity="5.568953e-02" type="0"/>
    <Peak1D F1="127.285080" intensity="4.788055e-02" type="0"/>
    <Peak1D F1="127.056664" intensity="-2.188547e+00" type="0"/>
    <Peak1D F1="125.615990" intensity="4.534618e-02" type="0"/>
    <Peak1D F1="125.206245" intensity="6.224618e-02" type="0"/>
    <Peak1D F1="125.045509" intensity="4.880956e-02" type="0"/>
    <Peak1D F1="125.013489" intensity="-5.127390e-02" type="0"/>
    <Peak1D F1="124.855049" intensity="1.500000e+01" type="0"/>
    <Peak1D F1="124.650131" intensity="-4.343830e-02" type="0"/>
    <Peak1D F1="124.620010" intensity="6.603468e-02" type="0"/>
    <Peak1D F1="114.306137" intensity="6.033681e+00" type="0"/>
    <Peak1D F1="114.039474" intensity="6.154104e-02" type="0"/>
    <Peak1D F1="113.984344" intensity="5.609355e-02" type="0"/>
    <Peak1D F1="113.893219" intensity="6.011699e-02" type="0"/>
    <Peak1D F1="113.766945" intensity="3.307547e-01" type="0"/>
    <Peak1D F1="113.684357" intensity="1.441756e+01" type="0"/>
    <Peak1D F1="113.419525" intensity="1.033559e-01" type="0"/>
    <Peak1D F1="113.117149" intensity="5.246600e-02" type="0"/>
    <Peak1D F1="100.535217" intensity="1.313425e-01" type="0"/>
    <Peak1D F1="84.169861" intensity="1.624919e-01" type="0"/>
    <Peak1D F1="77.269859" intensity="-2.621717e+00" type="0"/>
    <Peak1D F1="77.057877" intensity="-2.870151e+00" type="0"/>
    <Peak1D F1="76.846161" intensity="-2.921640e+00" type="0"/>
    <Peak1D F1="71.663765" intensity="5.428833e-02" type="0"/>
    <Peak1D F1="71.508270" intensity="7.684402e+00" type="0"/>
    <Peak1D F1="71.334419" intensity="5.679331e-02" type="0"/>
    <Peak1D F1="61.171650" intensity="4.234855e-02" type="0"/>
    <Peak1D F1="55.471275" intensity="2.268943e-01" type="0"/>
    <Peak1D F1="55.326572" intensity="1.597621e-01" type="0"/>
    <Peak1D F1="55.258579" intensity="1.082002e+01" type="0"/>
    <Peak1D F1="55.132931" intensity="8.495617e-02" type="0"/>
    <Peak1D F1="53.445042" intensity="-7.326232e-02" type="0"/>
    <Peak1D F1="49.338150" intensity="-4.545134e-02" type="0"/>
    <Peak1D F1="46.876842" intensity="-5.700755e-02" type="0"/>
    <Peak1D F1="46.337337" intensity="-2.274176e-01" type="0"/>
    <Peak1D F1="45.931072" intensity="-7.751054e-02" type="0"/>
    <Peak1D F1="42.318047" intensity="-4.321232e-02" type="0"/>
    <Peak1D F1="30.937307" intensity="2.251706e-01" type="0"/>
    <Peak1D F1="29.718693" intensity="-6.309671e-02" type="0"/>
    <Peak1D F1="26.163694" intensity="-5.486047e-02" type="0"/>
    <Peak1D F1="25.688410" intensity="-4.721807e-02" type="0"/>
    <Peak1D F1="24.726974" intensity="-4.133889e-02" type="0"/>
    <Peak1D F1="24.361206" intensity="-4.213565e-02" type="0"/>
  </PeakList1D>
</PeakList>
