<?xml version="1.0" encoding="UTF-8"?>
<PeakList>
  <PeakList1D>
    <PeakList1DHeader creator="studnmr" date="2019-08-20T17:00:51.399+02:00" expNo="71" name="Aug20-2019" owner="" procNo="1" source="C:/Bruker/TopSpin3.0/data/AK_Koenig/nmr">
      <PeakPickDetails>F1=251.177ppm, F2=-31.184ppm, MI=0.00cm, MAXI=10000.00cm, PC=1.400
      </PeakPickDetails>
    </PeakList1DHeader>
    <Peak1D F1="171.9646" intensity="1.012278e+001" type="0"/>
    <Peak1D F1="170.9752" intensity="8.774866e+000" type="0"/>
    <Peak1D F1="170.1140" intensity="8.539356e+000" type="0"/>
    <Peak1D F1="169.9828" intensity="8.539196e+000" type="0"/>
    <Peak1D F1="169.3325" intensity="8.496572e+000" type="0"/>
    <Peak1D F1="137.0400" intensity="8.473611e+000" type="0"/>
    <Peak1D F1="127.2417" intensity="7.957042e+000" type="0"/>
    <Peak1D F1="123.6699" intensity="1.175785e+001" type="0"/>
    <Peak1D F1="120.5542" intensity="7.986412e+000" type="0"/>
    <Peak1D F1="120.0097" intensity="1.152330e+001" type="0"/>
    <Peak1D F1="119.4831" intensity="1.229086e+001" type="0"/>
    <Peak1D F1="116.7623" intensity="8.643310e+000" type="0"/>
    <Peak1D F1="111.2400" intensity="1.241746e+001" type="0"/>
    <Peak1D F1="84.0537" intensity="1.250750e+001" type="0"/>
    <Peak1D F1="77.3771" intensity="8.510866e+001" type="0"/>
    <Peak1D F1="77.2621" intensity="5.045641e+000" type="0"/>
    <Peak1D F1="77.0594" intensity="8.696643e+001" type="0"/>
    <Peak1D F1="76.7417" intensity="8.534684e+001" type="0"/>
    <Peak1D F1="76.1573" intensity="1.239997e+001" type="0"/>
    <Peak1D F1="73.6810" intensity="1.249040e+001" type="0"/>
    <Peak1D F1="70.4446" intensity="1.270780e+001" type="0"/>
    <Peak1D F1="67.9764" intensity="1.268769e+001" type="0"/>
    <Peak1D F1="61.7318" intensity="9.747546e+000" type="0"/>
    <Peak1D F1="51.9811" intensity="1.315307e+001" type="0"/>
    <Peak1D F1="30.8581" intensity="1.098681e+001" type="0"/>
    <Peak1D F1="20.8777" intensity="1.312427e+001" type="0"/>
    <Peak1D F1="20.8268" intensity="1.338462e+001" type="0"/>
    <Peak1D F1="20.5830" intensity="1.500000e+001" type="0"/>
    <Peak1D F1="20.5618" intensity="1.491820e+001" type="0"/>
  </PeakList1D>
</PeakList>
