<?xml version="1.0" encoding="UTF-8"?>
<PeakList>
  <PeakList1D>
    <PeakList1DHeader creator="nmrsu" date="2019-10-04T11:59:53.208-03:00" expNo="1" name="2B239_CMK90Carb" owner="" procNo="1" source="C:/NMRData/data/marcio_marilia/nmr">
      <PeakPickDetails>F1=222.593201ppm, F2=-22.602512ppm, MI=0.00cm, MAXI=10000.00cm, PC=1.400
      </PeakPickDetails>
    </PeakList1DHeader>
    <Peak1D F1="170.857727" intensity="2.061009e+000" type="0"/>
    <Peak1D F1="141.470734" intensity="2.442747e+000" type="0"/>
    <Peak1D F1="136.129654" intensity="2.179143e+000" type="0"/>
    <Peak1D F1="133.494156" intensity="7.621973e+000" type="0"/>
    <Peak1D F1="130.036880" intensity="2.213026e+000" type="0"/>
    <Peak1D F1="129.283188" intensity="1.500000e+001" type="0"/>
    <Peak1D F1="127.535172" intensity="2.348861e+000" type="0"/>
    <Peak1D F1="127.184990" intensity="1.463449e+001" type="0"/>
    <Peak1D F1="126.391449" intensity="7.316175e+000" type="0"/>
    <Peak1D F1="121.427559" intensity="7.129518e+000" type="0"/>
    <Peak1D F1="120.855415" intensity="6.548172e+000" type="0"/>
    <Peak1D F1="114.846428" intensity="2.770815e+000" type="0"/>
    <Peak1D F1="112.498711" intensity="5.936842e+000" type="0"/>
    <Peak1D F1="77.394020" intensity="7.572370e+000" type="0"/>
    <Peak1D F1="77.076294" intensity="7.641769e+000" type="0"/>
    <Peak1D F1="76.758408" intensity="7.644694e+000" type="0"/>
    <Peak1D F1="60.488594" intensity="2.217627e-001" type="0"/>
    <Peak1D F1="52.149067" intensity="6.153327e+000" type="0"/>
    <Peak1D F1="29.738346" intensity="7.821910e+000" type="0"/>
    <Peak1D F1="21.099886" intensity="1.892979e-001" type="0"/>
    <Peak1D F1="14.215934" intensity="3.367242e-001" type="0"/>
  </PeakList1D>
</PeakList>
