<?xml version="1.0" encoding="UTF-8"?>
<PeakList modified="2020-01-28T12:00:42">
  <PeakList1D>
    <PeakList1DHeader creator="Dell" date="2020-01-28T12:00:42" expNo="2" name="SDT460" owner="" procNo="1" source="C:/Users/Dell/Desktop/NMR/Chlorochromanyl">
      <PeakPickDetails>F1=198.679657ppm, F2=118.418343ppm, MI=0.91cm, MAXI=12.41cm, PC=1.400
      </PeakPickDetails>
    </PeakList1DHeader>
    <Peak1D F1="191.039124" intensity="3.313449" type="0"/>
    <Peak1D F1="157.471664" intensity="2.451075" type="0"/>
    <Peak1D F1="136.212357" intensity="8.87415" type="0"/>
    <Peak1D F1="125.922592" intensity="8.711169" type="0"/>
    <Peak1D F1="122.83876" intensity="2.295799" type="0"/>
    <Peak1D F1="122.721298" intensity="2.881563" type="0"/>
    <Peak1D F1="121.604401" intensity="8.88025" type="0"/>
  </PeakList1D>
  <PeakList1D>
    <PeakList1DHeader creator="Dell" date="2020-01-28T12:00:42" expNo="2" name="SDT460" owner="" procNo="1" source="C:/Users/Dell/Desktop/NMR/Chlorochromanyl">
      <PeakPickDetails>F1=81.254807ppm, F2=73.497787ppm, MI=11.04cm, MAXI=17.25cm, PC=1.400
      </PeakPickDetails>
    </PeakList1DHeader>
    <Peak1D F1="77.376381" intensity="14.70545" type="0"/>
    <Peak1D F1="77.194862" intensity="15.0" type="0"/>
    <Peak1D F1="77.013321" intensity="14.84998" type="0"/>
  </PeakList1D>
  <PeakList1D>
    <PeakList1DHeader creator="Dell" date="2020-01-28T12:00:42" expNo="2" name="SDT460" owner="" procNo="1" source="C:/Users/Dell/Desktop/NMR/Chlorochromanyl">
      <PeakPickDetails>F1=71.270302ppm, F2=28.508120ppm, MI=3.77cm, MAXI=13.01cm, PC=1.400
      </PeakPickDetails>
    </PeakList1DHeader>
    <Peak1D F1="67.801277" intensity="9.639011" type="0"/>
    <Peak1D F1="37.550301" intensity="9.761586" type="0"/>
  </PeakList1D>
</PeakList>
