<?xml version="1.0" encoding="UTF-8"?>
<PeakList>
  <PeakList1D>
    <PeakList1DHeader creator="pjw" date="2020-02-27T14:18:12.889-05:00" expNo="2" name="hz-3am" owner="" procNo="1" source="D:\pjw-UNI500">
      <PeakPickDetails>F1=218.326508ppm, F2=-18.334021ppm, MI=0.00cm, MAXI=10000.00cm, PC=1.400
      </PeakPickDetails>
    </PeakList1DHeader>
    <Peak1D F1="163.816467" intensity="2.634269e+000" type="0"/>
    <Peak1D F1="151.671463" intensity="2.358174e+000" type="0"/>
    <Peak1D F1="149.841812" intensity="4.052129e+000" type="0"/>
    <Peak1D F1="149.017548" intensity="4.281136e+000" type="0"/>
    <Peak1D F1="140.109100" intensity="7.095634e+000" type="0"/>
    <Peak1D F1="138.638184" intensity="7.540211e+000" type="0"/>
    <Peak1D F1="124.136131" intensity="6.486594e+000" type="0"/>
    <Peak1D F1="124.101898" intensity="4.556174e+000" type="0"/>
    <Peak1D F1="118.882988" intensity="7.032201e+000" type="0"/>
    <Peak1D F1="105.098000" intensity="8.291280e+000" type="0"/>
    <Peak1D F1="77.365784" intensity="1.441776e+001" type="0"/>
    <Peak1D F1="77.111816" intensity="1.500000e+001" type="0"/>
    <Peak1D F1="76.857651" intensity="1.397778e+001" type="0"/>
    <Peak1D F1="44.286774" intensity="8.411252e+000" type="0"/>
    <Peak1D F1="32.196831" intensity="9.336184e+000" type="0"/>
    <Peak1D F1="31.736774" intensity="8.259300e+000" type="0"/>
    <Peak1D F1="25.059584" intensity="8.444904e+000" type="0"/>
  </PeakList1D>
</PeakList>
