<?xml version="1.0" encoding="UTF-8"?>
<PeakList>
  <PeakList1D>
    <PeakList1DHeader creator="nmr600" date="2019-07-25T08:42:36.910+02:00" expNo="11" name="6Jul2519" owner="" procNo="1" source="/opt/topspin3.0/data/nmr600/nmr">
      <PeakPickDetails>F1=219.446198ppm, F2=-19.452496ppm, MI=0.00cm, MAXI=10000.00cm, PC=1.400
      </PeakPickDetails>
    </PeakList1DHeader>
    <Peak1D F1="166.276672" intensity="-1.483404e+00" type="0"/>
    <Peak1D F1="166.257736" intensity="4.723388e-01" type="0"/>
    <Peak1D F1="164.092896" intensity="-1.017747e-01" type="0"/>
    <Peak1D F1="137.570999" intensity="-3.961792e+00" type="0"/>
    <Peak1D F1="133.088242" intensity="7.182851e+00" type="0"/>
    <Peak1D F1="132.667831" intensity="7.232223e+00" type="0"/>
    <Peak1D F1="130.673599" intensity="1.333443e-01" type="0"/>
    <Peak1D F1="130.395020" intensity="1.070542e-01" type="0"/>
    <Peak1D F1="130.031464" intensity="1.605229e-01" type="0"/>
    <Peak1D F1="129.963303" intensity="1.186577e-01" type="0"/>
    <Peak1D F1="129.898087" intensity="3.743006e-01" type="0"/>
    <Peak1D F1="129.767365" intensity="1.500000e+01" type="0"/>
    <Peak1D F1="129.596283" intensity="7.245229e+00" type="0"/>
    <Peak1D F1="129.507507" intensity="2.155747e-01" type="0"/>
    <Peak1D F1="129.463898" intensity="2.455062e-01" type="0"/>
    <Peak1D F1="129.399704" intensity="1.422822e-01" type="0"/>
    <Peak1D F1="129.269424" intensity="2.561435e-01" type="0"/>
    <Peak1D F1="129.245163" intensity="2.805565e-01" type="0"/>
    <Peak1D F1="129.162369" intensity="-1.673389e+00" type="0"/>
    <Peak1D F1="129.103729" intensity="1.411848e-01" type="0"/>
    <Peak1D F1="129.038147" intensity="2.695920e-01" type="0"/>
    <Peak1D F1="128.981293" intensity="3.180755e-01" type="0"/>
    <Peak1D F1="128.935623" intensity="6.134951e-01" type="0"/>
    <Peak1D F1="128.806488" intensity="3.281669e-01" type="0"/>
    <Peak1D F1="128.778473" intensity="4.949916e-01" type="0"/>
    <Peak1D F1="128.681320" intensity="4.018246e-01" type="0"/>
    <Peak1D F1="128.578140" intensity="2.469834e-01" type="0"/>
    <Peak1D F1="128.538498" intensity="1.886390e-01" type="0"/>
    <Peak1D F1="128.479141" intensity="2.357291e-01" type="0"/>
    <Peak1D F1="128.450470" intensity="2.788526e-01" type="0"/>
    <Peak1D F1="128.401199" intensity="2.738236e-01" type="0"/>
    <Peak1D F1="128.302170" intensity="7.274117e+00" type="0"/>
    <Peak1D F1="128.016464" intensity="1.332720e-01" type="0"/>
    <Peak1D F1="127.684784" intensity="1.691675e-01" type="0"/>
    <Peak1D F1="127.551353" intensity="7.149158e+00" type="0"/>
    <Peak1D F1="127.331871" intensity="4.334483e-01" type="0"/>
    <Peak1D F1="127.119629" intensity="1.376128e-01" type="0"/>
    <Peak1D F1="126.996788" intensity="1.422032e-01" type="0"/>
    <Peak1D F1="126.718369" intensity="1.890474e-01" type="0"/>
    <Peak1D F1="125.556732" intensity="-1.237399e-01" type="0"/>
    <Peak1D F1="125.404564" intensity="1.448466e+01" type="0"/>
    <Peak1D F1="125.182877" intensity="1.185400e-01" type="0"/>
    <Peak1D F1="123.757050" intensity="-1.741242e-01" type="0"/>
    <Peak1D F1="121.637787" intensity="-4.587690e-01" type="0"/>
    <Peak1D F1="119.519989" intensity="-4.829016e-01" type="0"/>
    <Peak1D F1="117.400749" intensity="-1.401880e-01" type="0"/>
    <Peak1D F1="80.823189" intensity="1.146260e-01" type="0"/>
    <Peak1D F1="77.278374" intensity="3.393322e+00" type="0"/>
    <Peak1D F1="77.259048" intensity="-3.264742e+00" type="0"/>
    <Peak1D F1="77.066078" intensity="3.421892e+00" type="0"/>
    <Peak1D F1="77.046196" intensity="-3.893713e+00" type="0"/>
    <Peak1D F1="76.854332" intensity="2.980160e+00" type="0"/>
    <Peak1D F1="76.834114" intensity="-4.349846e+00" type="0"/>
    <Peak1D F1="74.085083" intensity="-1.088764e-01" type="0"/>
    <Peak1D F1="63.700237" intensity="1.013765e-01" type="0"/>
    <Peak1D F1="50.209221" intensity="-5.405818e+00" type="0"/>
    <Peak1D F1="50.188873" intensity="1.436134e+00" type="0"/>
    <Peak1D F1="47.607754" intensity="6.767884e+00" type="0"/>
    <Peak1D F1="47.586765" intensity="-1.349160e+00" type="0"/>
    <Peak1D F1="46.727512" intensity="2.246853e-01" type="0"/>
    <Peak1D F1="46.602177" intensity="1.163992e-01" type="0"/>
    <Peak1D F1="46.071560" intensity="7.011616e+00" type="0"/>
    <Peak1D F1="46.050270" intensity="-1.357148e+00" type="0"/>
    <Peak1D F1="45.818550" intensity="-1.953542e-01" type="0"/>
    <Peak1D F1="45.692844" intensity="-1.122051e-01" type="0"/>
    <Peak1D F1="45.596771" intensity="-1.356617e-01" type="0"/>
    <Peak1D F1="45.095558" intensity="-9.580646e-02" type="0"/>
    <Peak1D F1="43.878395" intensity="2.885399e-01" type="0"/>
    <Peak1D F1="39.934872" intensity="6.879722e+00" type="0"/>
    <Peak1D F1="39.910309" intensity="-8.746128e-01" type="0"/>
    <Peak1D F1="39.570827" intensity="-1.369531e-01" type="0"/>
    <Peak1D F1="35.586906" intensity="1.137794e-01" type="0"/>
    <Peak1D F1="35.241215" intensity="9.407680e-02" type="0"/>
    <Peak1D F1="34.222183" intensity="1.009117e-01" type="0"/>
    <Peak1D F1="31.999216" intensity="7.581398e+00" type="0"/>
    <Peak1D F1="31.970167" intensity="-3.809754e-01" type="0"/>
    <Peak1D F1="29.706347" intensity="3.268004e-01" type="0"/>
    <Peak1D F1="22.698748" intensity="1.358129e-01" type="0"/>
    <Peak1D F1="14.799187" intensity="-9.950904e+00" type="0"/>
    <Peak1D F1="14.053807" intensity="-2.617802e-01" type="0"/>
    <Peak1D F1="13.211770" intensity="-1.119857e-01" type="0"/>
    <Peak1D F1="13.094565" intensity="-1.168213e-01" type="0"/>
    <Peak1D F1="13.018953" intensity="-2.847395e-01" type="0"/>
    <Peak1D F1="12.959774" intensity="-1.313987e-01" type="0"/>
    <Peak1D F1="12.843452" intensity="-4.785846e-01" type="0"/>
    <Peak1D F1="12.781197" intensity="-1.147590e-01" type="0"/>
    <Peak1D F1="11.569133" intensity="-1.014913e+01" type="0"/>
  </PeakList1D>
</PeakList>
