<?xml version="1.0" encoding="UTF-8"?>
<PeakList>
  <PeakList1D>
    <PeakList1DHeader creator="nmrsu" date="2019-07-10T18:12:55.095-03:00" expNo="2" name="2A127_CMK_ms330-2" owner="" procNo="1" source="C:/NMRData/data/marcio_camila/nmr">
      <PeakPickDetails>F1=222.593201ppm, F2=-22.602512ppm, MI=0.00cm, MAXI=10000.00cm, PC=1.400
      </PeakPickDetails>
    </PeakList1DHeader>
    <Peak1D F1="171.631134" intensity="2.031475e+000" type="0"/>
    <Peak1D F1="162.093399" intensity="1.377842e+000" type="0"/>
    <Peak1D F1="159.700653" intensity="1.229920e+000" type="0"/>
    <Peak1D F1="136.888992" intensity="1.048960e+000" type="0"/>
    <Peak1D F1="136.765503" intensity="1.171968e+000" type="0"/>
    <Peak1D F1="136.231186" intensity="1.859314e+000" type="0"/>
    <Peak1D F1="129.177765" intensity="1.500000e+001" type="0"/>
    <Peak1D F1="127.146599" intensity="1.481927e+001" type="0"/>
    <Peak1D F1="126.208939" intensity="7.906289e+000" type="0"/>
    <Peak1D F1="124.246338" intensity="1.666392e+000" type="0"/>
    <Peak1D F1="123.973518" intensity="1.096461e+000" type="0"/>
    <Peak1D F1="120.664421" intensity="4.099924e+000" type="0"/>
    <Peak1D F1="120.562088" intensity="3.845055e+000" type="0"/>
    <Peak1D F1="116.579231" intensity="2.173061e+000" type="0"/>
    <Peak1D F1="109.460167" intensity="3.866837e+000" type="0"/>
    <Peak1D F1="109.213448" intensity="3.995696e+000" type="0"/>
    <Peak1D F1="97.503494" intensity="3.663904e+000" type="0"/>
    <Peak1D F1="97.243103" intensity="3.631468e+000" type="0"/>
    <Peak1D F1="77.348671" intensity="2.655770e+001" type="0"/>
    <Peak1D F1="77.031349" intensity="2.693488e+001" type="0"/>
    <Peak1D F1="76.713554" intensity="2.663890e+001" type="0"/>
    <Peak1D F1="52.040272" intensity="5.778450e+000" type="0"/>
    <Peak1D F1="30.850460" intensity="8.325772e+000" type="0"/>
  </PeakList1D>
</PeakList>
