<?xml version="1.0" encoding="UTF-8"?>
<PeakList>
  <PeakList1D>
    <PeakList1DHeader creator="nmr700" date="2019-12-11T13:59:13.642+01:00" expNo="111" name="7Dec1119" owner="" procNo="1" source="/opt/topspin3.5pl7/data/nmr700/nmr">
      <PeakPickDetails>F1=218.293396ppm, F2=-18.293472ppm, MI=0.00cm, MAXI=10000.00cm, PC=1.400
      </PeakPickDetails>
    </PeakList1DHeader>
    <Peak1D F1="168.447632" intensity="-8.088062e-01" type="0"/>
    <Peak1D F1="168.436142" intensity="3.932668e-01" type="0"/>
    <Peak1D F1="135.234192" intensity="-1.846886e+00" type="0"/>
    <Peak1D F1="132.613770" intensity="9.051708e+00" type="0"/>
    <Peak1D F1="130.996811" intensity="9.070676e+00" type="0"/>
    <Peak1D F1="128.450150" intensity="9.790840e+00" type="0"/>
    <Peak1D F1="127.602684" intensity="9.109599e+00" type="0"/>
    <Peak1D F1="124.822189" intensity="-1.392842e+00" type="0"/>
    <Peak1D F1="79.000679" intensity="1.907008e-01" type="0"/>
    <Peak1D F1="77.224358" intensity="6.400746e+00" type="0"/>
    <Peak1D F1="77.204109" intensity="-1.977065e+00" type="0"/>
    <Peak1D F1="77.042885" intensity="6.159025e+00" type="0"/>
    <Peak1D F1="77.023201" intensity="-2.608903e+00" type="0"/>
    <Peak1D F1="76.861435" intensity="5.714890e+00" type="0"/>
    <Peak1D F1="76.841713" intensity="-3.159379e+00" type="0"/>
    <Peak1D F1="53.443954" intensity="2.230476e-01" type="0"/>
    <Peak1D F1="46.824867" intensity="1.500000e+01" type="0"/>
    <Peak1D F1="45.963394" intensity="1.394630e+01" type="0"/>
    <Peak1D F1="42.025673" intensity="1.449347e+01" type="0"/>
    <Peak1D F1="26.201265" intensity="-2.116621e+00" type="0"/>
    <Peak1D F1="26.192690" intensity="1.132620e+01" type="0"/>
    <Peak1D F1="25.997156" intensity="2.688271e-01" type="0"/>
    <Peak1D F1="24.430305" intensity="-2.287398e+00" type="0"/>
    <Peak1D F1="24.421492" intensity="1.059028e+01" type="0"/>
  </PeakList1D>
</PeakList>
