<?xml version="1.0" encoding="UTF-8"?>
<PeakList modified="2020-02-04T16:28:47">
  <PeakList1D>
    <PeakList1DHeader creator="Dell" date="2020-02-04T16:27:42" expNo="2" name="SDT252A" owner="" procNo="1" source="C:/Users/Dell/Desktop/NMR/Tetrahydroisoquinoline">
      <PeakPickDetails>F1=115.484840ppm, F2=104.228195ppm, MI=1.52cm, MAXI=10.04cm, PC=1.400
      </PeakPickDetails>
    </PeakList1DHeader>
    <Peak1D F1="110.999161" intensity="4.078759" type="0"/>
  </PeakList1D>
  <PeakList1D>
    <PeakList1DHeader creator="Dell" date="2020-02-04T16:27:42" expNo="2" name="SDT252A" owner="" procNo="1" source="C:/Users/Dell/Desktop/NMR/Tetrahydroisoquinoline">
      <PeakPickDetails>F1=63.579201ppm, F2=49.612621ppm, MI=2.51cm, MAXI=12.02cm, PC=1.400
      </PeakPickDetails>
    </PeakList1DHeader>
    <Peak1D F1="61.624176" intensity="5.237261" type="0"/>
    <Peak1D F1="55.824478" intensity="8.89712" type="0"/>
  </PeakList1D>
  <PeakList1D>
    <PeakList1DHeader creator="Dell" date="2020-02-04T16:27:42" expNo="2" name="SDT252A" owner="" procNo="1" source="C:/Users/Dell/Desktop/NMR/Tetrahydroisoquinoline">
      <PeakPickDetails>F1=6.045236ppm, F2=0.208456ppm, MI=0.47cm, MAXI=25.29cm, PC=1.400
      </PeakPickDetails>
    </PeakList1DHeader>
    <Peak1D F1="3.090274" intensity="15.0" type="0"/>
  </PeakList1D>
  <PeakList1D>
    <PeakList1DHeader creator="Dell@Dell-PC" date="2020-02-04T16:28:49" expNo="2" name="SDT252A" owner="Dell" procNo="1" source="C:/Users/Dell/Desktop/NMR/Tetrahydroisoquinoline">
      <PeakPickDetails>Manually picked peaks
</PeakPickDetails>
    </PeakList1DHeader>
    <Peak1D F1="62.41251764146829" intensity="-6.803796794930383" type="1"/>
    <Peak1D F1="46.95378623536235" intensity="-5.6915517976638395" type="1"/>
    <Peak1D F1="45.285492933628994" intensity="-5.6012866375577515" type="1"/>
    <Peak1D F1="30.07390573993855" intensity="-6.3666920565721155" type="1"/>
    <Peak1D F1="28.336155293377292" intensity="-6.100017300961195" type="1"/>
  </PeakList1D>
</PeakList>
