<?xml version="1.0" encoding="UTF-8"?>
<PeakList>
  <PeakList1D>
    <PeakList1DHeader creator="Lijin_Xu" date="2017-10-10T14:49:20.900+08:00" expNo="2" name="zhq-425" owner="" procNo="1" source="D:">
      <PeakPickDetails>F1=235.494ppm, F2=-15.494ppm, MI=0.00cm, MAXI=10000.00cm, PC=1.400
      </PeakPickDetails>
    </PeakList1DHeader>
    <Peak1D F1="163.9379" intensity="4.88" type="0"/>
    <Peak1D F1="151.8163" intensity="5.00" type="0"/>
    <Peak1D F1="150.0038" intensity="7.03" type="0"/>
    <Peak1D F1="149.8371" intensity="13.36" type="0"/>
    <Peak1D F1="140.1884" intensity="12.37" type="0"/>
    <Peak1D F1="138.5180" intensity="12.34" type="0"/>
    <Peak1D F1="124.0667" intensity="15.00" type="0"/>
    <Peak1D F1="124.0129" intensity="14.35" type="0"/>
    <Peak1D F1="118.4897" intensity="13.65" type="0"/>
    <Peak1D F1="104.9844" intensity="13.45" type="0"/>
    <Peak1D F1="77.3892" intensity="48.38" type="0"/>
    <Peak1D F1="77.0714" intensity="48.72" type="0"/>
    <Peak1D F1="76.7536" intensity="48.74" type="0"/>
    <Peak1D F1="32.6211" intensity="14.41" type="0"/>
    <Peak1D F1="29.8928" intensity="14.55" type="0"/>
    <Peak1D F1="22.1329" intensity="14.42" type="0"/>
    <Peak1D F1="13.6082" intensity="13.65" type="0"/>
  </PeakList1D>
</PeakList>
