<?xml version="1.0" encoding="UTF-8"?>
<PeakList>
  <PeakList1D>
    <PeakList1DHeader creator="nmr600" date="2019-10-29T10:39:28.062+01:00" expNo="70" name="6Oct2919" owner="" procNo="1" source="/opt/topspin3.0/data/nmr600/nmr">
      <PeakPickDetails>F1=16.384899ppm, F2=-4.165747ppm, MI=0.00cm, MAXI=10000.00cm, PC=1.000
      </PeakPickDetails>
    </PeakList1DHeader>
    <Peak1D F1="13.079021" intensity="1.108212e-03" type="0"/>
    <Peak1D F1="12.334623" intensity="1.124924e-03" type="0"/>
    <Peak1D F1="12.148538" intensity="1.155820e-03" type="0"/>
    <Peak1D F1="12.121716" intensity="1.184339e-03" type="0"/>
    <Peak1D F1="9.729742" intensity="1.400103e-03" type="0"/>
    <Peak1D F1="9.667084" intensity="1.572036e-03" type="0"/>
    <Peak1D F1="9.407054" intensity="1.749027e-03" type="0"/>
    <Peak1D F1="9.373517" intensity="1.185254e-03" type="0"/>
    <Peak1D F1="9.264582" intensity="1.217552e-01" type="0"/>
    <Peak1D F1="9.196368" intensity="1.850004e-03" type="0"/>
    <Peak1D F1="8.600328" intensity="1.289979e-03" type="0"/>
    <Peak1D F1="8.187130" intensity="1.237916e-03" type="0"/>
    <Peak1D F1="8.175835" intensity="1.731171e-03" type="0"/>
    <Peak1D F1="8.147287" intensity="1.219012e-03" type="0"/>
    <Peak1D F1="8.128853" intensity="1.563045e-03" type="0"/>
    <Peak1D F1="8.115661" intensity="2.830859e-03" type="0"/>
    <Peak1D F1="8.091742" intensity="2.269953e-03" type="0"/>
    <Peak1D F1="8.070229" intensity="1.996356e-03" type="0"/>
    <Peak1D F1="8.058940" intensity="2.354175e-03" type="0"/>
    <Peak1D F1="8.021774" intensity="9.514229e-03" type="0"/>
    <Peak1D F1="8.011633" intensity="8.886541e-03" type="0"/>
    <Peak1D F1="7.960845" intensity="2.285024e-03" type="0"/>
    <Peak1D F1="7.951047" intensity="2.305979e-03" type="0"/>
    <Peak1D F1="7.935437" intensity="2.139246e-03" type="0"/>
    <Peak1D F1="7.927631" intensity="2.272178e-03" type="0"/>
    <Peak1D F1="7.914446" intensity="2.005248e-03" type="0"/>
    <Peak1D F1="7.891793" intensity="1.159800e-02" type="0"/>
    <Peak1D F1="7.878432" intensity="1.254837e-02" type="0"/>
    <Peak1D F1="7.835981" intensity="2.341235e-03" type="0"/>
    <Peak1D F1="7.821826" intensity="2.458075e-03" type="0"/>
    <Peak1D F1="7.802956" intensity="3.842794e-03" type="0"/>
    <Peak1D F1="7.790022" intensity="4.601915e-03" type="0"/>
    <Peak1D F1="7.773223" intensity="3.750999e-03" type="0"/>
    <Peak1D F1="7.755117" intensity="3.033908e-03" type="0"/>
    <Peak1D F1="7.739339" intensity="3.622165e-03" type="0"/>
    <Peak1D F1="7.718964" intensity="9.168566e-03" type="0"/>
    <Peak1D F1="7.705620" intensity="1.090043e-02" type="0"/>
    <Peak1D F1="7.689825" intensity="6.817500e-03" type="0"/>
    <Peak1D F1="7.671354" intensity="6.224374e-03" type="0"/>
    <Peak1D F1="7.633521" intensity="1.191670e-01" type="0"/>
    <Peak1D F1="7.582037" intensity="9.659262e-03" type="0"/>
    <Peak1D F1="7.572773" intensity="1.055716e-02" type="0"/>
    <Peak1D F1="7.560860" intensity="1.142521e-02" type="0"/>
    <Peak1D F1="7.548141" intensity="9.259192e-03" type="0"/>
    <Peak1D F1="7.521238" intensity="1.358108e-02" type="0"/>
    <Peak1D F1="7.508931" intensity="1.433415e-02" type="0"/>
    <Peak1D F1="7.467913" intensity="1.336919e-01" type="0"/>
    <Peak1D F1="7.461188" intensity="1.459524e-01" type="0"/>
    <Peak1D F1="7.432051" intensity="4.190081e-02" type="0"/>
    <Peak1D F1="7.418265" intensity="3.671335e-02" type="0"/>
    <Peak1D F1="7.403492" intensity="3.320304e-02" type="0"/>
    <Peak1D F1="7.391371" intensity="4.625155e-02" type="0"/>
    <Peak1D F1="7.337443" intensity="9.738147e-01" type="0"/>
    <Peak1D F1="7.325277" intensity="2.343990e+00" type="0"/>
    <Peak1D F1="7.312681" intensity="3.453688e+00" type="0"/>
    <Peak1D F1="7.300008" intensity="4.559992e+00" type="0"/>
    <Peak1D F1="7.287272" intensity="3.369752e+00" type="0"/>
    <Peak1D F1="7.269596" intensity="1.304222e+00" type="0"/>
    <Peak1D F1="7.257204" intensity="2.396164e+00" type="0"/>
    <Peak1D F1="7.244353" intensity="1.696174e+00" type="0"/>
    <Peak1D F1="7.239150" intensity="1.863058e+00" type="0"/>
    <Peak1D F1="7.226569" intensity="2.369604e+00" type="0"/>
    <Peak1D F1="7.219341" intensity="3.998267e+00" type="0"/>
    <Peak1D F1="7.204992" intensity="2.179162e+00" type="0"/>
    <Peak1D F1="7.193490" intensity="2.741490e+00" type="0"/>
    <Peak1D F1="7.180823" intensity="2.134010e+00" type="0"/>
    <Peak1D F1="7.167212" intensity="3.154017e-01" type="0"/>
    <Peak1D F1="7.148101" intensity="7.149704e-02" type="0"/>
    <Peak1D F1="7.131565" intensity="5.738639e-02" type="0"/>
    <Peak1D F1="7.117258" intensity="7.111880e-02" type="0"/>
    <Peak1D F1="7.104349" intensity="5.077821e-02" type="0"/>
    <Peak1D F1="7.091182" intensity="3.771361e-02" type="0"/>
    <Peak1D F1="7.071509" intensity="3.175958e-02" type="0"/>
    <Peak1D F1="7.060697" intensity="3.231038e-02" type="0"/>
    <Peak1D F1="7.042698" intensity="3.626740e-02" type="0"/>
    <Peak1D F1="7.000316" intensity="3.948499e+00" type="0"/>
    <Peak1D F1="6.987382" intensity="3.732828e+00" type="0"/>
    <Peak1D F1="6.917356" intensity="1.083036e-02" type="0"/>
    <Peak1D F1="6.904511" intensity="2.652791e-02" type="0"/>
    <Peak1D F1="6.893203" intensity="1.031958e-02" type="0"/>
    <Peak1D F1="6.879186" intensity="9.900329e-03" type="0"/>
    <Peak1D F1="6.866134" intensity="2.514471e-02" type="0"/>
    <Peak1D F1="6.853556" intensity="2.778569e-02" type="0"/>
    <Peak1D F1="6.837021" intensity="4.111633e-01" type="0"/>
    <Peak1D F1="6.824372" intensity="4.018911e-01" type="0"/>
    <Peak1D F1="6.794342" intensity="1.103087e-02" type="0"/>
    <Peak1D F1="6.764244" intensity="3.203891e-02" type="0"/>
    <Peak1D F1="6.704681" intensity="1.683984e-03" type="0"/>
    <Peak1D F1="6.686716" intensity="3.208178e-03" type="0"/>
    <Peak1D F1="5.731376" intensity="1.831130e-02" type="0"/>
    <Peak1D F1="5.698593" intensity="3.616043e-03" type="0"/>
    <Peak1D F1="5.626736" intensity="3.728639e+00" type="0"/>
    <Peak1D F1="5.519519" intensity="2.191739e-02" type="0"/>
    <Peak1D F1="5.413688" intensity="3.277841e-01" type="0"/>
    <Peak1D F1="5.376256" intensity="3.810141e-03" type="0"/>
    <Peak1D F1="5.331444" intensity="1.411040e-03" type="0"/>
    <Peak1D F1="5.304617" intensity="1.754435e-03" type="0"/>
    <Peak1D F1="5.276889" intensity="1.590827e-03" type="0"/>
    <Peak1D F1="5.270658" intensity="2.674196e-03" type="0"/>
    <Peak1D F1="5.259441" intensity="2.520888e-03" type="0"/>
    <Peak1D F1="5.231240" intensity="5.427533e-01" type="0"/>
    <Peak1D F1="4.996526" intensity="6.944755e-03" type="0"/>
    <Peak1D F1="4.890267" intensity="4.002867e-02" type="0"/>
    <Peak1D F1="4.879046" intensity="3.278567e-03" type="0"/>
    <Peak1D F1="4.702137" intensity="7.073406e-03" type="0"/>
    <Peak1D F1="4.689540" intensity="1.222429e-02" type="0"/>
    <Peak1D F1="4.677436" intensity="6.977160e-03" type="0"/>
    <Peak1D F1="4.606037" intensity="8.363629e-03" type="0"/>
    <Peak1D F1="4.526156" intensity="3.535875e-03" type="0"/>
    <Peak1D F1="4.322935" intensity="3.145494e-01" type="0"/>
    <Peak1D F1="4.246363" intensity="1.287570e-01" type="0"/>
    <Peak1D F1="4.228636" intensity="1.287746e-01" type="0"/>
    <Peak1D F1="4.217895" intensity="1.607174e-01" type="0"/>
    <Peak1D F1="4.207212" intensity="1.444562e-01" type="0"/>
    <Peak1D F1="4.165885" intensity="5.910531e-02" type="0"/>
    <Peak1D F1="4.128883" intensity="1.001197e-01" type="0"/>
    <Peak1D F1="4.116391" intensity="1.120369e-01" type="0"/>
    <Peak1D F1="4.037974" intensity="5.351604e-01" type="0"/>
    <Peak1D F1="3.970526" intensity="7.659790e-01" type="0"/>
    <Peak1D F1="3.959448" intensity="9.305847e-01" type="0"/>
    <Peak1D F1="3.948033" intensity="7.563881e-01" type="0"/>
    <Peak1D F1="3.927137" intensity="1.170408e+00" type="0"/>
    <Peak1D F1="3.923690" intensity="1.173851e+00" type="0"/>
    <Peak1D F1="3.902228" intensity="1.749057e+00" type="0"/>
    <Peak1D F1="3.880992" intensity="1.078776e+00" type="0"/>
    <Peak1D F1="3.877786" intensity="1.024984e+00" type="0"/>
    <Peak1D F1="3.811605" intensity="4.093786e-02" type="0"/>
    <Peak1D F1="3.800306" intensity="4.296163e-02" type="0"/>
    <Peak1D F1="3.782880" intensity="3.766700e-02" type="0"/>
    <Peak1D F1="3.760914" intensity="2.720466e-02" type="0"/>
    <Peak1D F1="3.747976" intensity="2.337883e-02" type="0"/>
    <Peak1D F1="3.741174" intensity="2.193218e-02" type="0"/>
    <Peak1D F1="3.734168" intensity="2.270888e-02" type="0"/>
    <Peak1D F1="3.709037" intensity="9.017170e-02" type="0"/>
    <Peak1D F1="3.699759" intensity="9.510075e-02" type="0"/>
    <Peak1D F1="3.692212" intensity="8.995093e-02" type="0"/>
    <Peak1D F1="3.684646" intensity="1.068719e-01" type="0"/>
    <Peak1D F1="3.675478" intensity="1.025751e-01" type="0"/>
    <Peak1D F1="3.667686" intensity="6.059241e-02" type="0"/>
    <Peak1D F1="3.653152" intensity="8.641876e-02" type="0"/>
    <Peak1D F1="3.629609" intensity="2.176361e-02" type="0"/>
    <Peak1D F1="3.621849" intensity="2.124592e-02" type="0"/>
    <Peak1D F1="3.615847" intensity="2.148646e-02" type="0"/>
    <Peak1D F1="3.589246" intensity="3.787964e-02" type="0"/>
    <Peak1D F1="3.537171" intensity="1.500000e+01" type="0"/>
    <Peak1D F1="3.458896" intensity="2.191085e-02" type="0"/>
    <Peak1D F1="3.416503" intensity="8.187713e-02" type="0"/>
    <Peak1D F1="3.401008" intensity="1.643691e-02" type="0"/>
    <Peak1D F1="3.364192" intensity="6.541494e-02" type="0"/>
    <Peak1D F1="3.359094" intensity="5.772293e-02" type="0"/>
    <Peak1D F1="3.343006" intensity="1.189913e-01" type="0"/>
    <Peak1D F1="3.338847" intensity="1.189711e-01" type="0"/>
    <Peak1D F1="3.323158" intensity="5.781879e-01" type="0"/>
    <Peak1D F1="3.316892" intensity="6.437103e-01" type="0"/>
    <Peak1D F1="3.302311" intensity="5.606834e-01" type="0"/>
    <Peak1D F1="3.294442" intensity="1.000488e+00" type="0"/>
    <Peak1D F1="3.286839" intensity="7.463999e-01" type="0"/>
    <Peak1D F1="3.272400" intensity="6.265595e-01" type="0"/>
    <Peak1D F1="3.266003" intensity="6.485795e-01" type="0"/>
    <Peak1D F1="3.190198" intensity="9.538484e-02" type="0"/>
    <Peak1D F1="3.175206" intensity="7.611554e-01" type="0"/>
    <Peak1D F1="3.168305" intensity="1.424087e+00" type="0"/>
    <Peak1D F1="3.161304" intensity="9.041270e-01" type="0"/>
    <Peak1D F1="3.150049" intensity="7.971673e-01" type="0"/>
    <Peak1D F1="3.142904" intensity="1.358005e+00" type="0"/>
    <Peak1D F1="3.136050" intensity="7.634764e-01" type="0"/>
    <Peak1D F1="3.095931" intensity="1.865787e-02" type="0"/>
    <Peak1D F1="3.048832" intensity="1.762906e-02" type="0"/>
    <Peak1D F1="3.040511" intensity="1.588720e-02" type="0"/>
    <Peak1D F1="2.985648" intensity="1.167316e+00" type="0"/>
    <Peak1D F1="2.955294" intensity="9.841254e-01" type="0"/>
    <Peak1D F1="2.939770" intensity="1.526102e-01" type="0"/>
    <Peak1D F1="2.934075" intensity="1.800002e-01" type="0"/>
    <Peak1D F1="2.904006" intensity="1.219792e-01" type="0"/>
    <Peak1D F1="2.845968" intensity="1.319126e-02" type="0"/>
    <Peak1D F1="2.838441" intensity="1.178046e-02" type="0"/>
    <Peak1D F1="2.825685" intensity="1.101757e-02" type="0"/>
    <Peak1D F1="2.812545" intensity="1.120718e-02" type="0"/>
    <Peak1D F1="2.805403" intensity="1.204862e-02" type="0"/>
    <Peak1D F1="2.788337" intensity="8.800881e-03" type="0"/>
    <Peak1D F1="2.781573" intensity="1.106251e-02" type="0"/>
    <Peak1D F1="2.768373" intensity="1.089089e-02" type="0"/>
    <Peak1D F1="2.753220" intensity="9.275844e-03" type="0"/>
    <Peak1D F1="2.722826" intensity="5.373484e-03" type="0"/>
    <Peak1D F1="2.698299" intensity="5.409958e-03" type="0"/>
    <Peak1D F1="2.684169" intensity="5.621002e-03" type="0"/>
    <Peak1D F1="2.673352" intensity="6.517968e-03" type="0"/>
    <Peak1D F1="2.662336" intensity="1.072544e-02" type="0"/>
    <Peak1D F1="2.649481" intensity="9.619676e-03" type="0"/>
    <Peak1D F1="2.641569" intensity="8.325253e-03" type="0"/>
    <Peak1D F1="2.629385" intensity="6.504083e-03" type="0"/>
    <Peak1D F1="2.622338" intensity="5.812535e-03" type="0"/>
    <Peak1D F1="2.614629" intensity="5.664329e-03" type="0"/>
    <Peak1D F1="2.581935" intensity="3.624637e-03" type="0"/>
    <Peak1D F1="2.572911" intensity="3.980091e-03" type="0"/>
    <Peak1D F1="2.543417" intensity="8.153302e-03" type="0"/>
    <Peak1D F1="2.529242" intensity="9.643927e-03" type="0"/>
    <Peak1D F1="2.516688" intensity="9.611948e-03" type="0"/>
    <Peak1D F1="2.495721" intensity="1.261221e-02" type="0"/>
    <Peak1D F1="2.481525" intensity="1.982620e-02" type="0"/>
    <Peak1D F1="2.466659" intensity="2.209600e-02" type="0"/>
    <Peak1D F1="2.453281" intensity="1.535803e-02" type="0"/>
    <Peak1D F1="2.436698" intensity="1.403994e-02" type="0"/>
    <Peak1D F1="2.280539" intensity="3.110310e-01" type="0"/>
    <Peak1D F1="2.210828" intensity="1.256658e-01" type="0"/>
    <Peak1D F1="2.199177" intensity="1.374552e-01" type="0"/>
    <Peak1D F1="2.189954" intensity="1.687518e-01" type="0"/>
    <Peak1D F1="2.178718" intensity="1.877522e-01" type="0"/>
    <Peak1D F1="2.167361" intensity="1.997950e-01" type="0"/>
    <Peak1D F1="2.160919" intensity="2.216998e-01" type="0"/>
    <Peak1D F1="2.150370" intensity="2.126775e-01" type="0"/>
    <Peak1D F1="2.139396" intensity="2.208493e-01" type="0"/>
    <Peak1D F1="2.129048" intensity="2.455571e-01" type="0"/>
    <Peak1D F1="2.079978" intensity="1.898749e+00" type="0"/>
    <Peak1D F1="1.949028" intensity="1.133290e-01" type="0"/>
    <Peak1D F1="1.902771" intensity="3.580311e-02" type="0"/>
    <Peak1D F1="1.890487" intensity="3.227843e-02" type="0"/>
    <Peak1D F1="1.880609" intensity="2.719835e-02" type="0"/>
    <Peak1D F1="1.797041" intensity="2.174596e-02" type="0"/>
    <Peak1D F1="1.776674" intensity="2.560341e-02" type="0"/>
    <Peak1D F1="1.763188" intensity="2.684326e-02" type="0"/>
    <Peak1D F1="1.719672" intensity="9.912218e-02" type="0"/>
    <Peak1D F1="1.696399" intensity="2.235360e-01" type="0"/>
    <Peak1D F1="1.643461" intensity="6.745052e-02" type="0"/>
    <Peak1D F1="1.623370" intensity="6.304925e-02" type="0"/>
    <Peak1D F1="1.612445" intensity="6.294415e-02" type="0"/>
    <Peak1D F1="1.601779" intensity="5.543022e-02" type="0"/>
    <Peak1D F1="1.590508" intensity="4.925815e-02" type="0"/>
    <Peak1D F1="1.567946" intensity="3.199320e-02" type="0"/>
    <Peak1D F1="1.555795" intensity="3.142777e-02" type="0"/>
    <Peak1D F1="1.517794" intensity="4.888488e-02" type="0"/>
    <Peak1D F1="1.506408" intensity="6.094180e-02" type="0"/>
    <Peak1D F1="1.496566" intensity="6.325201e-02" type="0"/>
    <Peak1D F1="1.484270" intensity="5.457984e-02" type="0"/>
    <Peak1D F1="1.426239" intensity="4.843548e-02" type="0"/>
    <Peak1D F1="1.416493" intensity="5.596389e-02" type="0"/>
    <Peak1D F1="1.405925" intensity="5.798210e-02" type="0"/>
    <Peak1D F1="1.389644" intensity="6.296997e-02" type="0"/>
    <Peak1D F1="1.377149" intensity="7.733791e-02" type="0"/>
    <Peak1D F1="1.365026" intensity="6.201794e-02" type="0"/>
    <Peak1D F1="1.350520" intensity="2.155255e-01" type="0"/>
    <Peak1D F1="1.339074" intensity="7.150190e-02" type="0"/>
    <Peak1D F1="1.326682" intensity="6.963665e-02" type="0"/>
    <Peak1D F1="1.299372" intensity="1.449338e-01" type="0"/>
    <Peak1D F1="1.290105" intensity="1.003822e-01" type="0"/>
    <Peak1D F1="1.263566" intensity="2.100125e-01" type="0"/>
    <Peak1D F1="1.212877" intensity="3.672303e-01" type="0"/>
    <Peak1D F1="1.204529" intensity="2.816998e-01" type="0"/>
    <Peak1D F1="1.183642" intensity="5.499869e-01" type="0"/>
    <Peak1D F1="1.160947" intensity="1.455606e-01" type="0"/>
    <Peak1D F1="1.147699" intensity="1.307015e-01" type="0"/>
    <Peak1D F1="1.138354" intensity="1.197998e-01" type="0"/>
    <Peak1D F1="1.103155" intensity="8.377676e-02" type="0"/>
    <Peak1D F1="1.091052" intensity="7.584620e-02" type="0"/>
    <Peak1D F1="1.071247" intensity="6.490288e-02" type="0"/>
    <Peak1D F1="1.061620" intensity="5.900382e-02" type="0"/>
    <Peak1D F1="1.049248" intensity="6.169075e-02" type="0"/>
    <Peak1D F1="1.039479" intensity="6.077427e-02" type="0"/>
    <Peak1D F1="1.026324" intensity="5.494023e-02" type="0"/>
    <Peak1D F1="1.016648" intensity="5.283012e-02" type="0"/>
    <Peak1D F1="1.007396" intensity="5.325953e-02" type="0"/>
    <Peak1D F1="0.995292" intensity="5.294602e-02" type="0"/>
    <Peak1D F1="0.983274" intensity="4.803649e-02" type="0"/>
    <Peak1D F1="0.967605" intensity="4.454555e-02" type="0"/>
    <Peak1D F1="0.951675" intensity="4.338673e-02" type="0"/>
    <Peak1D F1="0.941436" intensity="4.593005e-02" type="0"/>
    <Peak1D F1="0.929230" intensity="4.486474e-02" type="0"/>
    <Peak1D F1="0.918193" intensity="6.252425e-02" type="0"/>
    <Peak1D F1="0.908629" intensity="6.334474e-02" type="0"/>
    <Peak1D F1="0.900447" intensity="5.202984e-02" type="0"/>
    <Peak1D F1="0.888470" intensity="4.123871e-02" type="0"/>
    <Peak1D F1="0.881344" intensity="3.833008e-02" type="0"/>
    <Peak1D F1="0.876715" intensity="4.020159e-02" type="0"/>
    <Peak1D F1="0.865627" intensity="8.180295e-02" type="0"/>
    <Peak1D F1="0.855013" intensity="8.465837e-02" type="0"/>
    <Peak1D F1="0.841346" intensity="7.206038e-02" type="0"/>
    <Peak1D F1="0.813844" intensity="3.023477e-01" type="0"/>
    <Peak1D F1="0.799030" intensity="4.628252e-01" type="0"/>
    <Peak1D F1="0.786826" intensity="5.472343e-01" type="0"/>
    <Peak1D F1="0.774522" intensity="6.143116e-01" type="0"/>
    <Peak1D F1="0.747364" intensity="2.157551e-01" type="0"/>
    <Peak1D F1="0.730775" intensity="1.316328e-01" type="0"/>
    <Peak1D F1="0.723603" intensity="9.658192e-02" type="0"/>
    <Peak1D F1="0.719402" intensity="1.073372e-01" type="0"/>
    <Peak1D F1="0.712556" intensity="9.190179e-02" type="0"/>
    <Peak1D F1="0.701034" intensity="6.228975e-02" type="0"/>
    <Peak1D F1="0.694073" intensity="5.402192e-02" type="0"/>
    <Peak1D F1="0.683076" intensity="4.641217e-02" type="0"/>
    <Peak1D F1="0.605875" intensity="3.674696e-03" type="0"/>
    <Peak1D F1="0.547815" intensity="1.429704e-03" type="0"/>
    <Peak1D F1="0.016752" intensity="7.098252e-03" type="0"/>
    <Peak1D F1="-0.000163" intensity="1.508804e-01" type="0"/>
    <Peak1D F1="-0.025066" intensity="4.378182e-03" type="0"/>
    <Peak1D F1="-1.642929" intensity="1.251426e-03" type="0"/>
    <Peak1D F1="-1.734566" intensity="1.283336e-03" type="0"/>
    <Peak1D F1="-1.751237" intensity="1.150803e-03" type="0"/>
    <Peak1D F1="-1.805812" intensity="1.222700e-03" type="0"/>
    <Peak1D F1="-1.874853" intensity="1.165059e-03" type="0"/>
    <Peak1D F1="-1.939894" intensity="1.197590e-03" type="0"/>
    <Peak1D F1="-2.261773" intensity="1.238821e-03" type="0"/>
    <Peak1D F1="-2.506173" intensity="1.156485e-03" type="0"/>
    <Peak1D F1="-2.990951" intensity="1.207532e-03" type="0"/>
  </PeakList1D>
</PeakList>
