<?xml version="1.0" encoding="UTF-8"?>
<PeakList>
  <PeakList1D>
    <PeakList1DHeader creator="nmr700" date="2019-12-11T13:50:45.772+01:00" expNo="110" name="7Dec1119" owner="" procNo="1" source="/opt/topspin3.5pl7/data/nmr700/nmr">
      <PeakPickDetails>F1=16.239071ppm, F2=-3.889062ppm, MI=0.00cm, MAXI=10000.00cm, PC=1.000
      </PeakPickDetails>
    </PeakList1DHeader>
    <Peak1D F1="13.151297" intensity="7.872311e-04" type="0"/>
    <Peak1D F1="12.080688" intensity="1.591910e-03" type="0"/>
    <Peak1D F1="9.758768" intensity="7.853176e-04" type="0"/>
    <Peak1D F1="9.693336" intensity="9.565201e-04" type="0"/>
    <Peak1D F1="9.650263" intensity="9.562496e-04" type="0"/>
    <Peak1D F1="9.632892" intensity="1.061021e-03" type="0"/>
    <Peak1D F1="9.621661" intensity="9.745185e-04" type="0"/>
    <Peak1D F1="9.610156" intensity="9.928824e-04" type="0"/>
    <Peak1D F1="9.572781" intensity="9.580528e-04" type="0"/>
    <Peak1D F1="9.534796" intensity="1.234828e-03" type="0"/>
    <Peak1D F1="9.516405" intensity="1.173878e-03" type="0"/>
    <Peak1D F1="9.503057" intensity="1.244406e-03" type="0"/>
    <Peak1D F1="9.469131" intensity="1.459708e-03" type="0"/>
    <Peak1D F1="9.445463" intensity="1.574693e-03" type="0"/>
    <Peak1D F1="9.432284" intensity="1.495878e-03" type="0"/>
    <Peak1D F1="9.411563" intensity="1.439240e-03" type="0"/>
    <Peak1D F1="9.355099" intensity="1.089773e-03" type="0"/>
    <Peak1D F1="9.339901" intensity="9.706683e-04" type="0"/>
    <Peak1D F1="9.324809" intensity="8.750380e-04" type="0"/>
    <Peak1D F1="8.539834" intensity="8.109416e-04" type="0"/>
    <Peak1D F1="7.824198" intensity="8.312595e-04" type="0"/>
    <Peak1D F1="7.785121" intensity="7.834660e-04" type="0"/>
    <Peak1D F1="7.753513" intensity="8.740901e-04" type="0"/>
    <Peak1D F1="7.714164" intensity="1.076731e-03" type="0"/>
    <Peak1D F1="7.696106" intensity="1.888171e-02" type="0"/>
    <Peak1D F1="7.684888" intensity="1.935224e-02" type="0"/>
    <Peak1D F1="7.654928" intensity="1.498692e-03" type="0"/>
    <Peak1D F1="7.579751" intensity="3.130940e+00" type="0"/>
    <Peak1D F1="7.568342" intensity="3.284708e+00" type="0"/>
    <Peak1D F1="7.520416" intensity="2.600382e-03" type="0"/>
    <Peak1D F1="7.514570" intensity="1.909948e-03" type="0"/>
    <Peak1D F1="7.499762" intensity="1.534385e-03" type="0"/>
    <Peak1D F1="7.475048" intensity="1.545779e-02" type="0"/>
    <Peak1D F1="7.463858" intensity="1.983225e-02" type="0"/>
    <Peak1D F1="7.461245" intensity="2.117210e-02" type="0"/>
    <Peak1D F1="7.459920" intensity="2.102147e-02" type="0"/>
    <Peak1D F1="7.448291" intensity="2.002971e-02" type="0"/>
    <Peak1D F1="7.431647" intensity="2.691579e-02" type="0"/>
    <Peak1D F1="7.417964" intensity="9.330928e-03" type="0"/>
    <Peak1D F1="7.407174" intensity="2.034991e-02" type="0"/>
    <Peak1D F1="7.396421" intensity="1.652400e-02" type="0"/>
    <Peak1D F1="7.362823" intensity="2.256908e+00" type="0"/>
    <Peak1D F1="7.353476" intensity="2.882637e+00" type="0"/>
    <Peak1D F1="7.351922" intensity="3.098101e+00" type="0"/>
    <Peak1D F1="7.305007" intensity="1.685576e+00" type="0"/>
    <Peak1D F1="7.303817" intensity="1.875134e+00" type="0"/>
    <Peak1D F1="7.293206" intensity="3.290703e+00" type="0"/>
    <Peak1D F1="7.284816" intensity="5.346897e+00" type="0"/>
    <Peak1D F1="7.261919" intensity="2.158049e-02" type="0"/>
    <Peak1D F1="7.259717" intensity="2.073503e-02" type="0"/>
    <Peak1D F1="7.247959" intensity="3.184504e-02" type="0"/>
    <Peak1D F1="7.236990" intensity="1.857441e-02" type="0"/>
    <Peak1D F1="7.206532" intensity="3.280442e-03" type="0"/>
    <Peak1D F1="7.187469" intensity="1.049455e-02" type="0"/>
    <Peak1D F1="7.176804" intensity="2.131191e-02" type="0"/>
    <Peak1D F1="7.165944" intensity="1.858688e-02" type="0"/>
    <Peak1D F1="7.148668" intensity="1.422456e+00" type="0"/>
    <Peak1D F1="7.146614" intensity="1.574227e+00" type="0"/>
    <Peak1D F1="7.135863" intensity="2.633516e+00" type="0"/>
    <Peak1D F1="7.126822" intensity="1.240840e+00" type="0"/>
    <Peak1D F1="7.124745" intensity="1.299934e+00" type="0"/>
    <Peak1D F1="7.028937" intensity="8.926465e-03" type="0"/>
    <Peak1D F1="7.018200" intensity="1.506069e-02" type="0"/>
    <Peak1D F1="7.007147" intensity="7.945328e-03" type="0"/>
    <Peak1D F1="6.763389" intensity="8.132605e-04" type="0"/>
    <Peak1D F1="6.284300" intensity="2.219193e-03" type="0"/>
    <Peak1D F1="6.275704" intensity="1.751666e-03" type="0"/>
    <Peak1D F1="6.267863" intensity="7.961339e-04" type="0"/>
    <Peak1D F1="5.901183" intensity="8.471642e-04" type="0"/>
    <Peak1D F1="5.715604" intensity="9.017394e-04" type="0"/>
    <Peak1D F1="5.444040" intensity="1.396672e-02" type="0"/>
    <Peak1D F1="5.362704" intensity="8.447642e-04" type="0"/>
    <Peak1D F1="5.320178" intensity="2.536623e+00" type="0"/>
    <Peak1D F1="5.280236" intensity="1.515583e-03" type="0"/>
    <Peak1D F1="5.190746" intensity="1.373670e-02" type="0"/>
    <Peak1D F1="4.170188" intensity="1.206081e-03" type="0"/>
    <Peak1D F1="4.159039" intensity="9.398637e-03" type="0"/>
    <Peak1D F1="4.148819" intensity="2.986052e-02" type="0"/>
    <Peak1D F1="4.138666" intensity="3.356161e-02" type="0"/>
    <Peak1D F1="4.128453" intensity="9.739823e-03" type="0"/>
    <Peak1D F1="3.882213" intensity="8.020568e-02" type="0"/>
    <Peak1D F1="3.834605" intensity="1.345030e-03" type="0"/>
    <Peak1D F1="3.792339" intensity="1.500000e+01" type="0"/>
    <Peak1D F1="3.751206" intensity="1.709130e-02" type="0"/>
    <Peak1D F1="3.740577" intensity="2.301806e-02" type="0"/>
    <Peak1D F1="3.730620" intensity="2.029147e-02" type="0"/>
    <Peak1D F1="3.720482" intensity="9.328755e-03" type="0"/>
    <Peak1D F1="3.716199" intensity="9.627974e-03" type="0"/>
    <Peak1D F1="3.699039" intensity="8.354955e-02" type="0"/>
    <Peak1D F1="3.679201" intensity="1.875372e-03" type="0"/>
    <Peak1D F1="3.653215" intensity="2.027184e-02" type="0"/>
    <Peak1D F1="3.643252" intensity="3.621968e-02" type="0"/>
    <Peak1D F1="3.633405" intensity="1.966084e-02" type="0"/>
    <Peak1D F1="3.612207" intensity="2.083619e-02" type="0"/>
    <Peak1D F1="3.602463" intensity="4.128038e-02" type="0"/>
    <Peak1D F1="3.592712" intensity="2.283158e-02" type="0"/>
    <Peak1D F1="3.553380" intensity="3.801360e+00" type="0"/>
    <Peak1D F1="3.543441" intensity="6.908022e+00" type="0"/>
    <Peak1D F1="3.533561" intensity="3.940752e+00" type="0"/>
    <Peak1D F1="3.513462" intensity="4.126333e+00" type="0"/>
    <Peak1D F1="3.503690" intensity="8.042420e+00" type="0"/>
    <Peak1D F1="3.493924" intensity="4.369971e+00" type="0"/>
    <Peak1D F1="3.448820" intensity="3.434432e-02" type="0"/>
    <Peak1D F1="3.438860" intensity="4.879536e-02" type="0"/>
    <Peak1D F1="3.429014" intensity="2.983428e-02" type="0"/>
    <Peak1D F1="3.409925" intensity="2.869620e-02" type="0"/>
    <Peak1D F1="3.400218" intensity="4.884415e-02" type="0"/>
    <Peak1D F1="3.390403" intensity="2.844028e-02" type="0"/>
    <Peak1D F1="3.334607" intensity="4.230962e-03" type="0"/>
    <Peak1D F1="3.316574" intensity="4.172440e-03" type="0"/>
    <Peak1D F1="3.298381" intensity="4.489546e-03" type="0"/>
    <Peak1D F1="3.289885" intensity="4.365339e-03" type="0"/>
    <Peak1D F1="3.281040" intensity="3.847803e-03" type="0"/>
    <Peak1D F1="3.244837" intensity="2.706801e-03" type="0"/>
    <Peak1D F1="3.211965" intensity="2.521483e-03" type="0"/>
    <Peak1D F1="3.201316" intensity="2.640417e-03" type="0"/>
    <Peak1D F1="3.179444" intensity="2.272122e-03" type="0"/>
    <Peak1D F1="3.171998" intensity="2.190049e-03" type="0"/>
    <Peak1D F1="3.145957" intensity="2.231046e-03" type="0"/>
    <Peak1D F1="3.120720" intensity="2.022936e-03" type="0"/>
    <Peak1D F1="3.108828" intensity="1.840649e-03" type="0"/>
    <Peak1D F1="3.082069" intensity="1.646432e-03" type="0"/>
    <Peak1D F1="3.068015" intensity="1.627640e-03" type="0"/>
    <Peak1D F1="3.063101" intensity="2.023707e-03" type="0"/>
    <Peak1D F1="3.047348" intensity="1.808217e-03" type="0"/>
    <Peak1D F1="3.035823" intensity="1.664761e-03" type="0"/>
    <Peak1D F1="3.024527" intensity="1.819350e-03" type="0"/>
    <Peak1D F1="3.015415" intensity="1.635639e-03" type="0"/>
    <Peak1D F1="2.970506" intensity="1.593243e-03" type="0"/>
    <Peak1D F1="2.951112" intensity="1.337782e-03" type="0"/>
    <Peak1D F1="2.941724" intensity="1.301536e-03" type="0"/>
    <Peak1D F1="2.918427" intensity="1.393280e-03" type="0"/>
    <Peak1D F1="2.904450" intensity="1.380475e-03" type="0"/>
    <Peak1D F1="2.877076" intensity="1.391811e-03" type="0"/>
    <Peak1D F1="2.810822" intensity="1.158763e-03" type="0"/>
    <Peak1D F1="2.742789" intensity="9.274038e-04" type="0"/>
    <Peak1D F1="2.719508" intensity="1.023322e-03" type="0"/>
    <Peak1D F1="2.694485" intensity="9.546613e-04" type="0"/>
    <Peak1D F1="2.666096" intensity="1.122647e-03" type="0"/>
    <Peak1D F1="2.652682" intensity="8.686311e-04" type="0"/>
    <Peak1D F1="2.520637" intensity="8.900647e-04" type="0"/>
    <Peak1D F1="2.387243" intensity="8.466884e-04" type="0"/>
    <Peak1D F1="2.192411" intensity="8.215216e-03" type="0"/>
    <Peak1D F1="2.149258" intensity="3.439040e-03" type="0"/>
    <Peak1D F1="2.129925" intensity="9.586471e-03" type="0"/>
    <Peak1D F1="2.095666" intensity="3.975971e-03" type="0"/>
    <Peak1D F1="2.086043" intensity="1.892267e-02" type="0"/>
    <Peak1D F1="2.076244" intensity="3.198528e-02" type="0"/>
    <Peak1D F1="2.066621" intensity="1.552924e-01" type="0"/>
    <Peak1D F1="2.051647" intensity="1.338424e-01" type="0"/>
    <Peak1D F1="2.026876" intensity="1.441329e-03" type="0"/>
    <Peak1D F1="2.003644" intensity="8.421924e-01" type="0"/>
    <Peak1D F1="1.993840" intensity="3.430456e+00" type="0"/>
    <Peak1D F1="1.984098" intensity="5.708549e+00" type="0"/>
    <Peak1D F1="1.974463" intensity="4.423800e+00" type="0"/>
    <Peak1D F1="1.964716" intensity="1.317465e+00" type="0"/>
    <Peak1D F1="1.914112" intensity="1.303034e+00" type="0"/>
    <Peak1D F1="1.904328" intensity="4.048565e+00" type="0"/>
    <Peak1D F1="1.894525" intensity="5.553338e+00" type="0"/>
    <Peak1D F1="1.884625" intensity="3.393671e+00" type="0"/>
    <Peak1D F1="1.874826" intensity="8.941630e-01" type="0"/>
    <Peak1D F1="1.818490" intensity="1.795033e-02" type="0"/>
    <Peak1D F1="1.808476" intensity="3.329102e-02" type="0"/>
    <Peak1D F1="1.798577" intensity="4.141162e-02" type="0"/>
    <Peak1D F1="1.788682" intensity="2.961452e-02" type="0"/>
    <Peak1D F1="1.778922" intensity="1.396264e-02" type="0"/>
    <Peak1D F1="1.753713" intensity="8.405370e-03" type="0"/>
    <Peak1D F1="1.675807" intensity="6.085901e-02" type="0"/>
    <Peak1D F1="1.634481" intensity="8.683704e-03" type="0"/>
    <Peak1D F1="1.599896" intensity="7.663381e-03" type="0"/>
    <Peak1D F1="1.591693" intensity="8.509079e-03" type="0"/>
    <Peak1D F1="1.580881" intensity="8.703887e-03" type="0"/>
    <Peak1D F1="1.551510" intensity="7.086556e-03" type="0"/>
    <Peak1D F1="1.527447" intensity="6.912869e-03" type="0"/>
    <Peak1D F1="1.515676" intensity="6.836553e-03" type="0"/>
    <Peak1D F1="1.504045" intensity="6.979741e-03" type="0"/>
    <Peak1D F1="1.464873" intensity="4.741860e-03" type="0"/>
    <Peak1D F1="1.453971" intensity="5.500264e-03" type="0"/>
    <Peak1D F1="1.447463" intensity="5.260871e-03" type="0"/>
    <Peak1D F1="1.434143" intensity="1.128745e-02" type="0"/>
    <Peak1D F1="1.426146" intensity="1.129352e-02" type="0"/>
    <Peak1D F1="1.398022" intensity="6.862994e-03" type="0"/>
    <Peak1D F1="1.388966" intensity="7.519811e-03" type="0"/>
    <Peak1D F1="1.355940" intensity="9.439109e-03" type="0"/>
    <Peak1D F1="1.352781" intensity="9.811922e-03" type="0"/>
    <Peak1D F1="1.337849" intensity="1.055398e-02" type="0"/>
    <Peak1D F1="1.318555" intensity="1.419161e-02" type="0"/>
    <Peak1D F1="1.291502" intensity="6.220468e-02" type="0"/>
    <Peak1D F1="1.281005" intensity="1.983866e-01" type="0"/>
    <Peak1D F1="1.276776" intensity="2.793877e-01" type="0"/>
    <Peak1D F1="1.271123" intensity="1.034776e-01" type="0"/>
    <Peak1D F1="1.260136" intensity="6.945466e-02" type="0"/>
    <Peak1D F1="1.250118" intensity="4.281794e-02" type="0"/>
    <Peak1D F1="1.231385" intensity="3.793194e-02" type="0"/>
    <Peak1D F1="1.198985" intensity="8.371349e-03" type="0"/>
    <Peak1D F1="1.178895" intensity="1.003124e-02" type="0"/>
    <Peak1D F1="1.173640" intensity="9.723904e-03" type="0"/>
    <Peak1D F1="1.167899" intensity="1.344111e-02" type="0"/>
    <Peak1D F1="1.144010" intensity="5.560243e-03" type="0"/>
    <Peak1D F1="1.123699" intensity="7.091783e-03" type="0"/>
    <Peak1D F1="1.118090" intensity="7.756653e-03" type="0"/>
    <Peak1D F1="1.107628" intensity="9.444883e-03" type="0"/>
    <Peak1D F1="1.101158" intensity="7.228603e-03" type="0"/>
    <Peak1D F1="1.097270" intensity="7.185483e-03" type="0"/>
    <Peak1D F1="1.091100" intensity="7.002039e-03" type="0"/>
    <Peak1D F1="1.073486" intensity="6.106603e-03" type="0"/>
    <Peak1D F1="1.059276" intensity="6.885582e-03" type="0"/>
    <Peak1D F1="1.046646" intensity="4.520259e-03" type="0"/>
    <Peak1D F1="1.036010" intensity="3.927959e-03" type="0"/>
    <Peak1D F1="1.020577" intensity="2.912348e-03" type="0"/>
    <Peak1D F1="1.001891" intensity="3.632707e-03" type="0"/>
    <Peak1D F1="0.993190" intensity="3.895066e-03" type="0"/>
    <Peak1D F1="0.976387" intensity="3.281827e-03" type="0"/>
    <Peak1D F1="0.955598" intensity="5.556843e-03" type="0"/>
    <Peak1D F1="0.945289" intensity="8.378646e-03" type="0"/>
    <Peak1D F1="0.939197" intensity="1.010797e-02" type="0"/>
    <Peak1D F1="0.933720" intensity="9.022836e-03" type="0"/>
    <Peak1D F1="0.927450" intensity="8.441844e-03" type="0"/>
    <Peak1D F1="0.912339" intensity="2.297978e-02" type="0"/>
    <Peak1D F1="0.902738" intensity="3.118236e-02" type="0"/>
    <Peak1D F1="0.892411" intensity="1.976769e-02" type="0"/>
    <Peak1D F1="0.882657" intensity="1.099812e-02" type="0"/>
    <Peak1D F1="0.878661" intensity="9.772638e-03" type="0"/>
    <Peak1D F1="0.861391" intensity="1.225496e-02" type="0"/>
    <Peak1D F1="0.857363" intensity="1.132377e-02" type="0"/>
    <Peak1D F1="0.851947" intensity="1.058131e-02" type="0"/>
    <Peak1D F1="0.822539" intensity="4.518010e-03" type="0"/>
    <Peak1D F1="0.813201" intensity="3.773367e-03" type="0"/>
    <Peak1D F1="0.785563" intensity="3.682317e-03" type="0"/>
    <Peak1D F1="0.774774" intensity="3.464804e-03" type="0"/>
    <Peak1D F1="0.768132" intensity="3.380186e-03" type="0"/>
    <Peak1D F1="0.747520" intensity="3.395631e-03" type="0"/>
    <Peak1D F1="0.737032" intensity="4.596548e-03" type="0"/>
    <Peak1D F1="0.727507" intensity="2.746210e-03" type="0"/>
    <Peak1D F1="0.706400" intensity="1.771131e-03" type="0"/>
    <Peak1D F1="0.686662" intensity="1.556714e-03" type="0"/>
    <Peak1D F1="0.659930" intensity="1.393802e-03" type="0"/>
    <Peak1D F1="0.632884" intensity="1.336273e-03" type="0"/>
    <Peak1D F1="0.622806" intensity="1.261257e-03" type="0"/>
    <Peak1D F1="0.592762" intensity="1.253997e-03" type="0"/>
    <Peak1D F1="0.578487" intensity="1.058107e-03" type="0"/>
    <Peak1D F1="0.562584" intensity="1.227733e-03" type="0"/>
    <Peak1D F1="0.548225" intensity="1.461537e-03" type="0"/>
    <Peak1D F1="0.524595" intensity="1.183506e-03" type="0"/>
    <Peak1D F1="0.507009" intensity="1.121118e-03" type="0"/>
    <Peak1D F1="0.477052" intensity="1.191816e-03" type="0"/>
    <Peak1D F1="0.455419" intensity="1.168926e-03" type="0"/>
    <Peak1D F1="0.447131" intensity="1.253327e-03" type="0"/>
    <Peak1D F1="0.431800" intensity="1.262742e-03" type="0"/>
    <Peak1D F1="0.414395" intensity="9.909463e-04" type="0"/>
    <Peak1D F1="0.389124" intensity="1.025112e-03" type="0"/>
    <Peak1D F1="0.331015" intensity="1.033503e-03" type="0"/>
    <Peak1D F1="0.316980" intensity="9.362161e-04" type="0"/>
    <Peak1D F1="0.302227" intensity="8.906597e-04" type="0"/>
    <Peak1D F1="0.296948" intensity="1.020686e-03" type="0"/>
    <Peak1D F1="0.288019" intensity="1.034726e-03" type="0"/>
    <Peak1D F1="0.268350" intensity="1.158508e-03" type="0"/>
    <Peak1D F1="0.244721" intensity="1.200359e-03" type="0"/>
    <Peak1D F1="0.174226" intensity="1.040214e-03" type="0"/>
    <Peak1D F1="0.159356" intensity="1.081272e-03" type="0"/>
    <Peak1D F1="0.130839" intensity="1.170102e-03" type="0"/>
    <Peak1D F1="0.104257" intensity="1.019629e-03" type="0"/>
    <Peak1D F1="0.092683" intensity="1.021921e-02" type="0"/>
    <Peak1D F1="0.071568" intensity="7.903886e-04" type="0"/>
    <Peak1D F1="0.042754" intensity="9.343333e-04" type="0"/>
    <Peak1D F1="0.025882" intensity="9.462972e-04" type="0"/>
    <Peak1D F1="0.001457" intensity="8.455586e-04" type="0"/>
    <Peak1D F1="-0.009847" intensity="1.013526e-03" type="0"/>
    <Peak1D F1="-0.080205" intensity="9.117380e-04" type="0"/>
    <Peak1D F1="-0.190132" intensity="8.334256e-04" type="0"/>
    <Peak1D F1="-0.319192" intensity="7.895111e-04" type="0"/>
    <Peak1D F1="-3.032541" intensity="1.157321e-03" type="0"/>
    <Peak1D F1="-3.389910" intensity="9.044979e-04" type="0"/>
    <Peak1D F1="-3.474000" intensity="8.346962e-04" type="0"/>
    <Peak1D F1="-3.653662" intensity="8.859812e-04" type="0"/>
    <Peak1D F1="-3.714807" intensity="8.073784e-04" type="0"/>
    <Peak1D F1="-3.807243" intensity="8.897469e-04" type="0"/>
  </PeakList1D>
</PeakList>
