<?xml version="1.0" encoding="UTF-8"?>
<PeakList>
  <PeakList1D>
    <PeakList1DHeader creator="nmrsu" date="2018-11-30T12:32:14.406-02:00" expNo="2" name="2B247_MS231B_2" owner="" procNo="1" source="C:/NMRData/data/marcio_marilia/nmr">
      <PeakPickDetails>F1=222.593ppm, F2=-22.603ppm, MI=0.00cm, MAXI=10000.00cm, PC=1.400
      </PeakPickDetails>
    </PeakList1DHeader>
    <Peak1D F1="172.3433" intensity="4.449932e+000" type="0"/>
    <Peak1D F1="156.4294" intensity="5.993026e+000" type="0"/>
    <Peak1D F1="137.7206" intensity="4.780868e+000" type="0"/>
    <Peak1D F1="136.8756" intensity="5.355015e+000" type="0"/>
    <Peak1D F1="130.1362" intensity="1.500000e+001" type="0"/>
    <Peak1D F1="127.5274" intensity="4.907924e+000" type="0"/>
    <Peak1D F1="123.8772" intensity="1.292432e+001" type="0"/>
    <Peak1D F1="123.4557" intensity="4.474728e+000" type="0"/>
    <Peak1D F1="120.3364" intensity="1.341327e+001" type="0"/>
    <Peak1D F1="119.4782" intensity="1.359649e+001" type="0"/>
    <Peak1D F1="119.0684" intensity="1.350635e+001" type="0"/>
    <Peak1D F1="116.4222" intensity="5.349714e+000" type="0"/>
    <Peak1D F1="113.6123" intensity="1.389302e+001" type="0"/>
    <Peak1D F1="113.3574" intensity="1.429427e+001" type="0"/>
    <Peak1D F1="111.1515" intensity="1.309510e+001" type="0"/>
    <Peak1D F1="77.3532" intensity="7.554456e+001" type="0"/>
    <Peak1D F1="77.0354" intensity="7.770556e+001" type="0"/>
    <Peak1D F1="76.7182" intensity="7.633023e+001" type="0"/>
    <Peak1D F1="52.1519" intensity="8.985965e+000" type="0"/>
    <Peak1D F1="30.7798" intensity="1.316630e+001" type="0"/>
  </PeakList1D>
</PeakList>
