<?xml version="1.0" encoding="UTF-8"?>
<PeakList modified="2020-02-08T12:23:24">
  <PeakList1D>
    <PeakList1DHeader creator="Dell" date="2020-02-08T12:23:24" expNo="2" name="SDT310A" owner="" procNo="1" source="C:/Users/Dell/Desktop/NMR/Boronate">
      <PeakPickDetails>F1=167.457718ppm, F2=157.721802ppm, MI=0.12cm, MAXI=1.01cm, PC=1.400
      </PeakPickDetails>
    </PeakList1DHeader>
    <Peak1D F1="162.96489" intensity="0.3776103" type="0"/>
  </PeakList1D>
  <PeakList1D>
    <PeakList1DHeader creator="Dell" date="2020-02-08T12:23:24" expNo="2" name="SDT310A" owner="" procNo="1" source="C:/Users/Dell/Desktop/NMR/Boronate">
      <PeakPickDetails>F1=83.079796ppm, F2=78.536369ppm, MI=0.32cm, MAXI=2.39cm, PC=1.400
      </PeakPickDetails>
    </PeakList1DHeader>
    <Peak1D F1="79.892464" intensity="1.396642" type="0"/>
  </PeakList1D>
  <PeakList1D>
    <PeakList1DHeader creator="Dell" date="2020-02-08T12:23:24" expNo="2" name="SDT310A" owner="" procNo="1" source="C:/Users/Dell/Desktop/NMR/Boronate">
      <PeakPickDetails>F1=78.536369ppm, F2=65.555153ppm, MI=3.63cm, MAXI=20.22cm, PC=1.400
      </PeakPickDetails>
    </PeakList1DHeader>
    <Peak1D F1="77.381081" intensity="14.74111" type="0"/>
    <Peak1D F1="77.199608" intensity="15.0" type="0"/>
    <Peak1D F1="77.018127" intensity="14.85505" type="0"/>
  </PeakList1D>
  <PeakList1D>
    <PeakList1DHeader creator="Dell" date="2020-02-08T12:23:24" expNo="2" name="SDT310A" owner="" procNo="1" source="C:/Users/Dell/Desktop/NMR/Boronate">
      <PeakPickDetails>F1=64.906090ppm, F2=41.323547ppm, MI=0.26cm, MAXI=1.38cm, PC=1.400
      </PeakPickDetails>
    </PeakList1DHeader>
    <Peak1D F1="61.670616" intensity="0.8035426" type="0"/>
    <Peak1D F1="48.570992" intensity="0.3576331" type="0"/>
    <Peak1D F1="46.788162" intensity="0.4511055" type="0"/>
  </PeakList1D>
  <PeakList1D>
    <PeakList1DHeader creator="Dell" date="2020-02-08T12:23:24" expNo="2" name="SDT310A" owner="" procNo="1" source="C:/Users/Dell/Desktop/NMR/Boronate">
      <PeakPickDetails>F1=38.294594ppm, F2=12.115804ppm, MI=0.15cm, MAXI=4.95cm, PC=1.400
      </PeakPickDetails>
    </PeakList1DHeader>
    <Peak1D F1="35.016914" intensity="0.8607902" type="0"/>
    <Peak1D F1="26.173252" intensity="3.35319" type="0"/>
    <Peak1D F1="25.40386" intensity="1.828021" type="0"/>
    <Peak1D F1="25.0329" intensity="1.786688" type="0"/>
    <Peak1D F1="20.740185" intensity="0.9986869" type="0"/>
    <Peak1D F1="20.732103" intensity="1.014685" type="0"/>
    <Peak1D F1="20.522749" intensity="0.7807928" type="0"/>
    <Peak1D F1="20.424667" intensity="0.7751092" type="0"/>
    <Peak1D F1="18.585169" intensity="0.5264395" type="0"/>
  </PeakList1D>
  <PeakList1D>
    <PeakList1DHeader creator="Dell" date="2020-02-08T12:23:24" expNo="2" name="SDT310A" owner="" procNo="1" source="C:/Users/Dell/Desktop/NMR/Boronate">
      <PeakPickDetails>F1=0.216354ppm, F2=-8.005085ppm, MI=0.38cm, MAXI=1.38cm, PC=1.400
      </PeakPickDetails>
    </PeakList1DHeader>
    <Peak1D F1="-5.042405" intensity="0.8998798" type="0"/>
    <Peak1D F1="-5.08395" intensity="0.8898354" type="0"/>
  </PeakList1D>
</PeakList>
