<?xml version="1.0" encoding="UTF-8"?>
<PeakList>
  <PeakList1D>
    <PeakList1DHeader creator="nmr" date="2018-11-16T02:11:10.127-02:00" expNo="13" name="UFSCARBannyMarilia" owner="" procNo="1" source="C:\Bruker\TopSpin3.2\data\Banny">
      <PeakPickDetails>F1=16.153709ppm, F2=-3.874002ppm, MI=0.00cm, MAXI=10000.00cm, PC=1.000
      </PeakPickDetails>
    </PeakList1DHeader>
    <Peak1D F1="13.388639" intensity="1.946362e-002" type="0"/>
    <Peak1D F1="12.928589" intensity="1.768945e-002" type="0"/>
    <Peak1D F1="10.997469" intensity="1.995498e-002" type="0"/>
    <Peak1D F1="10.283229" intensity="2.784375e-002" type="0"/>
    <Peak1D F1="8.891821" intensity="4.180523e-002" type="0"/>
    <Peak1D F1="8.588191" intensity="4.985728e-002" type="0"/>
    <Peak1D F1="8.568805" intensity="4.720540e-002" type="0"/>
    <Peak1D F1="8.444639" intensity="1.816318e-002" type="0"/>
    <Peak1D F1="8.402076" intensity="3.651419e-002" type="0"/>
    <Peak1D F1="8.388664" intensity="4.183312e-002" type="0"/>
    <Peak1D F1="8.378844" intensity="5.191899e-002" type="0"/>
    <Peak1D F1="8.323663" intensity="6.225331e-001" type="0"/>
    <Peak1D F1="8.262491" intensity="2.518433e-002" type="0"/>
    <Peak1D F1="8.169175" intensity="1.872830e-002" type="0"/>
    <Peak1D F1="7.939728" intensity="5.602893e-002" type="0"/>
    <Peak1D F1="7.926255" intensity="6.285696e-002" type="0"/>
    <Peak1D F1="7.912259" intensity="1.923517e-002" type="0"/>
    <Peak1D F1="7.866574" intensity="1.972290e-002" type="0"/>
    <Peak1D F1="7.796682" intensity="3.686563e-002" type="0"/>
    <Peak1D F1="7.781786" intensity="3.730734e-002" type="0"/>
    <Peak1D F1="7.766992" intensity="5.423322e-002" type="0"/>
    <Peak1D F1="7.750983" intensity="1.845302e+000" type="0"/>
    <Peak1D F1="7.737622" intensity="1.936444e+000" type="0"/>
    <Peak1D F1="7.720552" intensity="3.086192e-002" type="0"/>
    <Peak1D F1="7.709206" intensity="2.812488e-002" type="0"/>
    <Peak1D F1="7.693050" intensity="2.489372e-002" type="0"/>
    <Peak1D F1="7.676714" intensity="2.187496e-002" type="0"/>
    <Peak1D F1="7.640202" intensity="2.565779e-002" type="0"/>
    <Peak1D F1="7.630383" intensity="3.056627e-002" type="0"/>
    <Peak1D F1="7.625519" intensity="2.733902e-002" type="0"/>
    <Peak1D F1="7.611828" intensity="4.035484e-002" type="0"/>
    <Peak1D F1="7.588183" intensity="2.678005e-002" type="0"/>
    <Peak1D F1="7.576076" intensity="3.555708e-002" type="0"/>
    <Peak1D F1="7.549572" intensity="9.044061e-002" type="0"/>
    <Peak1D F1="7.537925" intensity="1.166932e-001" type="0"/>
    <Peak1D F1="7.535265" intensity="9.761829e-002" type="0"/>
    <Peak1D F1="7.500259" intensity="8.293058e-002" type="0"/>
    <Peak1D F1="7.488195" intensity="1.026203e-001" type="0"/>
    <Peak1D F1="7.476669" intensity="4.909650e-002" type="0"/>
    <Peak1D F1="7.422319" intensity="8.480276e-002" type="0"/>
    <Peak1D F1="7.409747" intensity="1.727965e-001" type="0"/>
    <Peak1D F1="7.395389" intensity="1.698763e-001" type="0"/>
    <Peak1D F1="7.379311" intensity="1.349746e-001" type="0"/>
    <Peak1D F1="7.375023" intensity="1.305104e-001" type="0"/>
    <Peak1D F1="7.354506" intensity="1.522531e+000" type="0"/>
    <Peak1D F1="7.340855" intensity="2.937632e+000" type="0"/>
    <Peak1D F1="7.327250" intensity="2.471968e-001" type="0"/>
    <Peak1D F1="7.319195" intensity="1.438033e+000" type="0"/>
    <Peak1D F1="7.317474" intensity="1.500357e+000" type="0"/>
    <Peak1D F1="7.307596" intensity="1.918972e+000" type="0"/>
    <Peak1D F1="7.305797" intensity="2.246039e+000" type="0"/>
    <Peak1D F1="7.293932" intensity="1.168078e+000" type="0"/>
    <Peak1D F1="7.292185" intensity="1.089602e+000" type="0"/>
    <Peak1D F1="7.282851" intensity="2.541841e-001" type="0"/>
    <Peak1D F1="7.275878" intensity="2.503093e-001" type="0"/>
    <Peak1D F1="7.273346" intensity="2.568708e-001" type="0"/>
    <Peak1D F1="7.261777" intensity="3.421160e-001" type="0"/>
    <Peak1D F1="7.255274" intensity="1.891264e+000" type="0"/>
    <Peak1D F1="7.250931" intensity="2.974097e+000" type="0"/>
    <Peak1D F1="7.247418" intensity="2.027551e+000" type="0"/>
    <Peak1D F1="7.245716" intensity="2.614835e+000" type="0"/>
    <Peak1D F1="7.242954" intensity="4.201550e+000" type="0"/>
    <Peak1D F1="7.234197" intensity="2.755728e+000" type="0"/>
    <Peak1D F1="7.232612" intensity="2.881150e+000" type="0"/>
    <Peak1D F1="7.229982" intensity="3.207197e+000" type="0"/>
    <Peak1D F1="7.226670" intensity="8.207582e-001" type="0"/>
    <Peak1D F1="7.222655" intensity="1.230168e+000" type="0"/>
    <Peak1D F1="7.220953" intensity="1.201057e+000" type="0"/>
    <Peak1D F1="7.208538" intensity="2.415897e-001" type="0"/>
    <Peak1D F1="7.187083" intensity="9.045077e-001" type="0"/>
    <Peak1D F1="7.185212" intensity="1.596951e+000" type="0"/>
    <Peak1D F1="7.183342" intensity="1.035175e+000" type="0"/>
    <Peak1D F1="7.172909" intensity="2.236724e+000" type="0"/>
    <Peak1D F1="7.169827" intensity="6.852406e-001" type="0"/>
    <Peak1D F1="7.162456" intensity="6.007573e-001" type="0"/>
    <Peak1D F1="7.160645" intensity="9.274424e-001" type="0"/>
    <Peak1D F1="7.147211" intensity="2.040430e-001" type="0"/>
    <Peak1D F1="7.134227" intensity="2.487135e-001" type="0"/>
    <Peak1D F1="7.120875" intensity="2.147199e-001" type="0"/>
    <Peak1D F1="7.109311" intensity="1.734445e-001" type="0"/>
    <Peak1D F1="7.095932" intensity="3.230773e+000" type="0"/>
    <Peak1D F1="7.093700" intensity="4.106069e+000" type="0"/>
    <Peak1D F1="7.090463" intensity="1.067547e+000" type="0"/>
    <Peak1D F1="7.081665" intensity="3.140409e+000" type="0"/>
    <Peak1D F1="7.080159" intensity="2.886049e+000" type="0"/>
    <Peak1D F1="7.076216" intensity="4.679865e-001" type="0"/>
    <Peak1D F1="7.061808" intensity="6.952997e-002" type="0"/>
    <Peak1D F1="7.055696" intensity="9.669197e-002" type="0"/>
    <Peak1D F1="7.039888" intensity="9.129501e-002" type="0"/>
    <Peak1D F1="7.028306" intensity="6.086229e-002" type="0"/>
    <Peak1D F1="7.016850" intensity="6.678724e-002" type="0"/>
    <Peak1D F1="7.004972" intensity="5.641365e-002" type="0"/>
    <Peak1D F1="6.990815" intensity="4.495149e-002" type="0"/>
    <Peak1D F1="6.965359" intensity="1.506188e-001" type="0"/>
    <Peak1D F1="6.952201" intensity="1.623907e-001" type="0"/>
    <Peak1D F1="6.934595" intensity="9.602389e-002" type="0"/>
    <Peak1D F1="6.920261" intensity="3.446839e-002" type="0"/>
    <Peak1D F1="6.910100" intensity="3.660279e-002" type="0"/>
    <Peak1D F1="6.889051" intensity="2.405893e-002" type="0"/>
    <Peak1D F1="6.871075" intensity="2.091216e-002" type="0"/>
    <Peak1D F1="6.849575" intensity="1.946267e-002" type="0"/>
    <Peak1D F1="6.842878" intensity="1.836534e-002" type="0"/>
    <Peak1D F1="6.836364" intensity="1.983406e-002" type="0"/>
    <Peak1D F1="6.822329" intensity="2.359928e-002" type="0"/>
    <Peak1D F1="6.728302" intensity="1.929186e-002" type="0"/>
    <Peak1D F1="6.719203" intensity="6.771522e-002" type="0"/>
    <Peak1D F1="6.705681" intensity="6.245336e-002" type="0"/>
    <Peak1D F1="6.655592" intensity="1.852777e-002" type="0"/>
    <Peak1D F1="6.626278" intensity="1.801061e-002" type="0"/>
    <Peak1D F1="6.610184" intensity="1.811990e-001" type="0"/>
    <Peak1D F1="6.596270" intensity="1.576099e-001" type="0"/>
    <Peak1D F1="6.297614" intensity="2.811405e-002" type="0"/>
    <Peak1D F1="5.531550" intensity="1.730175e-001" type="0"/>
    <Peak1D F1="5.288989" intensity="1.414077e-001" type="0"/>
    <Peak1D F1="4.054068" intensity="6.002397e-002" type="0"/>
    <Peak1D F1="3.989405" intensity="4.810134e-002" type="0"/>
    <Peak1D F1="3.981470" intensity="2.715829e-002" type="0"/>
    <Peak1D F1="3.974331" intensity="5.830332e-002" type="0"/>
    <Peak1D F1="3.964593" intensity="1.018110e-001" type="0"/>
    <Peak1D F1="3.959026" intensity="7.857111e-002" type="0"/>
    <Peak1D F1="3.955016" intensity="5.068011e-002" type="0"/>
    <Peak1D F1="3.943110" intensity="1.500000e+001" type="0"/>
    <Peak1D F1="3.934356" intensity="5.133361e-001" type="0"/>
    <Peak1D F1="3.924836" intensity="1.995887e-001" type="0"/>
    <Peak1D F1="3.919400" intensity="1.634424e-001" type="0"/>
    <Peak1D F1="3.906416" intensity="7.035879e-002" type="0"/>
    <Peak1D F1="3.900993" intensity="5.277786e-002" type="0"/>
    <Peak1D F1="3.892905" intensity="4.980700e-002" type="0"/>
    <Peak1D F1="3.878175" intensity="3.960279e-002" type="0"/>
    <Peak1D F1="3.866477" intensity="3.467699e-002" type="0"/>
    <Peak1D F1="3.848771" intensity="4.293872e-002" type="0"/>
    <Peak1D F1="3.828231" intensity="9.200174e-002" type="0"/>
    <Peak1D F1="3.780219" intensity="2.089610e-002" type="0"/>
    <Peak1D F1="3.769995" intensity="2.491245e-002" type="0"/>
    <Peak1D F1="3.755717" intensity="1.841800e-002" type="0"/>
    <Peak1D F1="3.738302" intensity="2.212816e-002" type="0"/>
    <Peak1D F1="3.707784" intensity="2.060673e-002" type="0"/>
    <Peak1D F1="3.701051" intensity="1.942951e-002" type="0"/>
    <Peak1D F1="3.659475" intensity="1.925750e-002" type="0"/>
    <Peak1D F1="3.642733" intensity="2.198206e-002" type="0"/>
    <Peak1D F1="3.629625" intensity="2.053558e-002" type="0"/>
    <Peak1D F1="3.621795" intensity="2.160155e-002" type="0"/>
    <Peak1D F1="3.607059" intensity="1.180231e-001" type="0"/>
    <Peak1D F1="3.539486" intensity="1.818313e-002" type="0"/>
    <Peak1D F1="3.519287" intensity="1.939800e-002" type="0"/>
    <Peak1D F1="3.476908" intensity="3.307616e-002" type="0"/>
    <Peak1D F1="3.454745" intensity="2.167424e-002" type="0"/>
    <Peak1D F1="3.077155" intensity="8.974975e-002" type="0"/>
    <Peak1D F1="3.039872" intensity="2.223030e-002" type="0"/>
    <Peak1D F1="2.651992" intensity="1.849607e-002" type="0"/>
    <Peak1D F1="2.640659" intensity="2.144935e-002" type="0"/>
    <Peak1D F1="2.585915" intensity="3.582785e-002" type="0"/>
    <Peak1D F1="2.426438" intensity="2.635360e-002" type="0"/>
    <Peak1D F1="2.391257" intensity="1.955530e-002" type="0"/>
    <Peak1D F1="2.378538" intensity="1.919437e-002" type="0"/>
    <Peak1D F1="2.358797" intensity="1.671892e-001" type="0"/>
    <Peak1D F1="2.334074" intensity="3.526139e-001" type="0"/>
    <Peak1D F1="2.314675" intensity="3.568636e-001" type="0"/>
    <Peak1D F1="2.291964" intensity="1.374497e-001" type="0"/>
    <Peak1D F1="2.264351" intensity="6.915345e-002" type="0"/>
    <Peak1D F1="2.245964" intensity="3.353678e-002" type="0"/>
    <Peak1D F1="2.236344" intensity="3.401194e-001" type="0"/>
    <Peak1D F1="2.232901" intensity="6.339812e-001" type="0"/>
    <Peak1D F1="2.214909" intensity="3.987805e-002" type="0"/>
    <Peak1D F1="2.205042" intensity="3.717845e-002" type="0"/>
    <Peak1D F1="2.191855" intensity="4.336435e-002" type="0"/>
    <Peak1D F1="2.179066" intensity="3.580697e-002" type="0"/>
    <Peak1D F1="2.162755" intensity="7.185020e-001" type="0"/>
    <Peak1D F1="2.132442" intensity="2.401398e-002" type="0"/>
    <Peak1D F1="2.079026" intensity="2.117917e-002" type="0"/>
    <Peak1D F1="2.068533" intensity="1.963820e-002" type="0"/>
    <Peak1D F1="2.050014" intensity="1.960629e-002" type="0"/>
    <Peak1D F1="2.038768" intensity="3.270968e-002" type="0"/>
    <Peak1D F1="1.941352" intensity="1.807291e-002" type="0"/>
    <Peak1D F1="1.839083" intensity="2.102388e-002" type="0"/>
    <Peak1D F1="1.817662" intensity="2.247727e-002" type="0"/>
    <Peak1D F1="1.793151" intensity="2.244043e-002" type="0"/>
    <Peak1D F1="1.779233" intensity="2.653830e-002" type="0"/>
    <Peak1D F1="1.766985" intensity="2.734359e-002" type="0"/>
    <Peak1D F1="1.738261" intensity="3.707442e-002" type="0"/>
    <Peak1D F1="1.697248" intensity="5.477276e-002" type="0"/>
    <Peak1D F1="1.668172" intensity="7.963326e-002" type="0"/>
    <Peak1D F1="1.634355" intensity="9.993982e-002" type="0"/>
    <Peak1D F1="1.615902" intensity="1.004675e-001" type="0"/>
    <Peak1D F1="1.601830" intensity="9.960094e-002" type="0"/>
    <Peak1D F1="1.593217" intensity="9.824424e-002" type="0"/>
    <Peak1D F1="1.580152" intensity="9.444230e-002" type="0"/>
    <Peak1D F1="1.552686" intensity="7.551586e-002" type="0"/>
    <Peak1D F1="1.534263" intensity="6.467728e-002" type="0"/>
    <Peak1D F1="1.515345" intensity="5.953142e-002" type="0"/>
    <Peak1D F1="1.452263" intensity="3.810346e-002" type="0"/>
    <Peak1D F1="1.434936" intensity="3.559964e-002" type="0"/>
    <Peak1D F1="1.420882" intensity="4.270854e-002" type="0"/>
    <Peak1D F1="1.400745" intensity="2.775095e-002" type="0"/>
    <Peak1D F1="1.372185" intensity="3.122875e-002" type="0"/>
    <Peak1D F1="1.354588" intensity="2.810699e-002" type="0"/>
    <Peak1D F1="1.343571" intensity="3.024714e-002" type="0"/>
    <Peak1D F1="1.331368" intensity="4.757178e-002" type="0"/>
    <Peak1D F1="1.297698" intensity="5.520417e-002" type="0"/>
    <Peak1D F1="1.280324" intensity="7.887339e-002" type="0"/>
    <Peak1D F1="1.253860" intensity="1.049269e+000" type="0"/>
    <Peak1D F1="1.234661" intensity="9.099184e-002" type="0"/>
    <Peak1D F1="1.193150" intensity="3.826606e-002" type="0"/>
    <Peak1D F1="1.160602" intensity="2.835196e-002" type="0"/>
    <Peak1D F1="1.156930" intensity="2.670068e-002" type="0"/>
    <Peak1D F1="1.148355" intensity="2.813507e-002" type="0"/>
    <Peak1D F1="1.122617" intensity="2.399065e-002" type="0"/>
    <Peak1D F1="1.110823" intensity="4.245893e-002" type="0"/>
    <Peak1D F1="1.048169" intensity="2.449249e-002" type="0"/>
    <Peak1D F1="1.007182" intensity="1.911326e-002" type="0"/>
    <Peak1D F1="0.974533" intensity="1.880368e-002" type="0"/>
    <Peak1D F1="0.944688" intensity="2.280776e-002" type="0"/>
    <Peak1D F1="0.918291" intensity="2.114482e-002" type="0"/>
    <Peak1D F1="0.890838" intensity="5.092167e-002" type="0"/>
    <Peak1D F1="0.879624" intensity="1.117475e-001" type="0"/>
    <Peak1D F1="0.867660" intensity="7.400628e-002" type="0"/>
    <Peak1D F1="0.858458" intensity="4.463446e-002" type="0"/>
    <Peak1D F1="0.846893" intensity="5.127869e-002" type="0"/>
    <Peak1D F1="0.808754" intensity="3.584056e-002" type="0"/>
    <Peak1D F1="0.756166" intensity="1.860511e-002" type="0"/>
    <Peak1D F1="0.071915" intensity="1.564743e-001" type="0"/>
    <Peak1D F1="0.005076" intensity="4.859634e-002" type="0"/>
    <Peak1D F1="-0.000156" intensity="2.992938e+000" type="0"/>
    <Peak1D F1="-0.005609" intensity="2.060129e-001" type="0"/>
    <Peak1D F1="-0.018201" intensity="4.902931e-002" type="0"/>
    <Peak1D F1="-0.023834" intensity="3.457910e-002" type="0"/>
    <Peak1D F1="-0.037391" intensity="2.518325e-002" type="0"/>
    <Peak1D F1="-0.042267" intensity="3.259160e-002" type="0"/>
    <Peak1D F1="-0.100465" intensity="2.535600e-002" type="0"/>
  </PeakList1D>
</PeakList>
