<?xml version="1.0" encoding="UTF-8"?>
<PeakList modified="2020-02-02T13:27:33">
  <PeakList1D>
    <PeakList1DHeader creator="tanpures" date="2020-01-20T10:43:58" expNo="1" name="SDT519" owner="" procNo="1" source="/opt/osu/chemistry/data/tanpures/nmr">
      <PeakPickDetails>F1=7.460493ppm, F2=6.143445ppm, MI=0.60cm, MAXI=7.53cm, PC=1.000
      </PeakPickDetails>
    </PeakList1DHeader>
    <Peak1D F1="7.260075" intensity="4.86086" type="0"/>
    <Peak1D F1="7.057238" intensity="1.997701" type="0"/>
    <Peak1D F1="7.046157" intensity="2.193638" type="0"/>
    <Peak1D F1="6.848229" intensity="0.9768043" type="0"/>
    <Peak1D F1="6.836926" intensity="2.31544" type="0"/>
    <Peak1D F1="6.825745" intensity="1.612205" type="0"/>
    <Peak1D F1="6.807366" intensity="2.848399" type="0"/>
    <Peak1D F1="6.796059" intensity="1.500506" type="0"/>
    <Peak1D F1="6.591512" intensity="4.388238" type="0"/>
    <Peak1D F1="6.517727" intensity="4.315877" type="0"/>
  </PeakList1D>
  <PeakList1D>
    <PeakList1DHeader creator="tanpures" date="2020-01-20T10:43:58" expNo="1" name="SDT519" owner="" procNo="1" source="/opt/osu/chemistry/data/tanpures/nmr">
      <PeakPickDetails>F1=5.726658ppm, F2=5.151491ppm, MI=0.63cm, MAXI=4.03cm, PC=1.000
      </PeakPickDetails>
    </PeakList1DHeader>
    <Peak1D F1="5.433489" intensity="1.051624" type="0"/>
    <Peak1D F1="5.424061" intensity="2.045664" type="0"/>
    <Peak1D F1="5.414519" intensity="1.017328" type="0"/>
  </PeakList1D>
  <PeakList1D>
    <PeakList1DHeader creator="tanpures" date="2020-01-20T10:43:58" expNo="1" name="SDT519" owner="" procNo="1" source="/opt/osu/chemistry/data/tanpures/nmr">
      <PeakPickDetails>F1=4.534646ppm, F2=4.209552ppm, MI=1.30cm, MAXI=5.30cm, PC=1.000
      </PeakPickDetails>
    </PeakList1DHeader>
    <Peak1D F1="4.417633" intensity="2.621956" type="0"/>
    <Peak1D F1="4.410227" intensity="3.94462" type="0"/>
    <Peak1D F1="4.402694" intensity="2.504634" type="0"/>
  </PeakList1D>
  <PeakList1D>
    <PeakList1DHeader creator="tanpures" date="2020-01-20T10:43:58" expNo="1" name="SDT519" owner="" procNo="1" source="/opt/osu/chemistry/data/tanpures/nmr">
      <PeakPickDetails>F1=4.176209ppm, F2=3.417656ppm, MI=2.07cm, MAXI=20.39cm, PC=1.000
      </PeakPickDetails>
    </PeakList1DHeader>
    <Peak1D F1="3.879467" intensity="14.44429" type="0"/>
    <Peak1D F1="3.839701" intensity="15.0" type="0"/>
    <Peak1D F1="3.830636" intensity="14.54283" type="0"/>
    <Peak1D F1="3.607538" intensity="6.112424" type="0"/>
  </PeakList1D>
  <PeakList1D>
    <PeakList1DHeader creator="tanpures" date="2020-01-20T10:43:58" expNo="1" name="SDT519" owner="" procNo="1" source="/opt/osu/chemistry/data/tanpures/nmr">
      <PeakPickDetails>F1=2.884168ppm, F2=2.442374ppm, MI=0.84cm, MAXI=9.19cm, PC=1.000
      </PeakPickDetails>
    </PeakList1DHeader>
    <Peak1D F1="2.830439" intensity="3.828709" type="0"/>
    <Peak1D F1="2.822701" intensity="2.519889" type="0"/>
    <Peak1D F1="2.765192" intensity="3.338305" type="0"/>
    <Peak1D F1="2.756839" intensity="5.499293" type="0"/>
    <Peak1D F1="2.746831" intensity="3.626408" type="0"/>
    <Peak1D F1="2.735633" intensity="1.384284" type="0"/>
    <Peak1D F1="2.686053" intensity="2.524282" type="0"/>
    <Peak1D F1="2.675594" intensity="3.112529" type="0"/>
    <Peak1D F1="2.665289" intensity="1.391238" type="0"/>
    <Peak1D F1="2.574672" intensity="2.457453" type="0"/>
    <Peak1D F1="2.567798" intensity="3.511434" type="0"/>
  </PeakList1D>
  <PeakList1D>
    <PeakList1DHeader creator="Dell@Dell-PC" date="2020-02-02T13:27:38" expNo="1" name="SDT519" owner="Dell" procNo="1" source="C:/Users/Dell/Desktop/NMR/Z-synthesis">
      <PeakPickDetails>Manually picked peaks
</PeakPickDetails>
    </PeakList1DHeader>
    <Peak1D F1="2.838193042969567" intensity="1.9457927595644784" type="1"/>
    <Peak1D F1="2.5601774805260757" intensity="2.1927015971093047" type="1"/>
  </PeakList1D>
</PeakList>
