<?xml version="1.0" encoding="UTF-8"?>
<PeakList modified="2020-01-31T09:34:36">
  <PeakList1D>
    <PeakList1DHeader creator="Dell" date="2020-01-31T09:34:36" expNo="2" name="SDT468" owner="" procNo="1" source="C:/Users/Dell/Desktop/NMR/Chlorochromanyl">
      <PeakPickDetails>F1=161.097168ppm, F2=113.879036ppm, MI=0.43cm, MAXI=12.53cm, PC=1.400
      </PeakPickDetails>
    </PeakList1DHeader>
    <Peak1D F1="155.046143" intensity="1.012722" type="0"/>
    <Peak1D F1="150.99794" intensity="2.128754" type="0"/>
    <Peak1D F1="130.427551" intensity="5.442902" type="0"/>
    <Peak1D F1="129.357422" intensity="5.388527" type="0"/>
    <Peak1D F1="122.929436" intensity="2.598476" type="0"/>
    <Peak1D F1="121.703621" intensity="1.986194" type="0"/>
    <Peak1D F1="120.750259" intensity="5.754418" type="0"/>
  </PeakList1D>
  <PeakList1D>
    <PeakList1DHeader creator="Dell" date="2020-01-31T09:34:36" expNo="2" name="SDT468" owner="" procNo="1" source="C:/Users/Dell/Desktop/NMR/Chlorochromanyl">
      <PeakPickDetails>F1=85.889999ppm, F2=48.072762ppm, MI=3.05cm, MAXI=18.16cm, PC=1.400
      </PeakPickDetails>
    </PeakList1DHeader>
    <Peak1D F1="77.380295" intensity="14.7504" type="0"/>
    <Peak1D F1="77.198753" intensity="15.0" type="0"/>
    <Peak1D F1="77.01722" intensity="14.88385" type="0"/>
    <Peak1D F1="65.165092" intensity="5.547468" type="0"/>
    <Peak1D F1="63.524788" intensity="5.387875" type="0"/>
  </PeakList1D>
  <PeakList1D>
    <PeakList1DHeader creator="Dell" date="2020-01-31T09:34:36" expNo="2" name="SDT468" owner="" procNo="1" source="C:/Users/Dell/Desktop/NMR/Chlorochromanyl">
      <PeakPickDetails>F1=48.072762ppm, F2=41.663059ppm, MI=0.12cm, MAXI=1.07cm, PC=1.400
      </PeakPickDetails>
    </PeakList1DHeader>
    <Peak1D F1="46.878536" intensity="0.2689086" type="0"/>
    <Peak1D F1="45.412029" intensity="0.2781338" type="0"/>
  </PeakList1D>
  <PeakList1D>
    <PeakList1DHeader creator="Dell" date="2020-01-31T09:34:36" expNo="2" name="SDT468" owner="" procNo="1" source="C:/Users/Dell/Desktop/NMR/Chlorochromanyl">
      <PeakPickDetails>F1=41.663059ppm, F2=25.638807ppm, MI=3.05cm, MAXI=18.16cm, PC=1.400
      </PeakPickDetails>
    </PeakList1DHeader>
    <Peak1D F1="28.695965" intensity="5.688797" type="0"/>
  </PeakList1D>
  <PeakList1D>
    <PeakList1DHeader creator="Dell" date="2020-01-31T09:34:36" expNo="2" name="SDT468" owner="" procNo="1" source="C:/Users/Dell/Desktop/NMR/Chlorochromanyl">
      <PeakPickDetails>F1=24.570522ppm, F2=18.160822ppm, MI=0.25cm, MAXI=1.28cm, PC=1.400
      </PeakPickDetails>
    </PeakList1DHeader>
    <Peak1D F1="21.783564" intensity="0.5356452" type="0"/>
    <Peak1D F1="20.701509" intensity="0.5780515" type="0"/>
  </PeakList1D>
</PeakList>
