<?xml version="1.0" encoding="UTF-8"?>
<PeakList>
  <PeakList1D>
    <PeakList1DHeader creator="nmr600" date="2019-07-25T16:06:28.931+02:00" expNo="80" name="6Jul2519" owner="" procNo="1" source="/opt/topspin3.0/data/nmr600/nmr">
      <PeakPickDetails>F1=16.359221ppm, F2=-4.191425ppm, MI=0.00cm, MAXI=10000.00cm, PC=1.000
      </PeakPickDetails>
    </PeakList1DHeader>
    <Peak1D F1="14.443419" intensity="5.252466e-03" type="0"/>
    <Peak1D F1="12.174997" intensity="4.540647e-03" type="0"/>
    <Peak1D F1="9.952514" intensity="8.776623e-03" type="0"/>
    <Peak1D F1="9.724195" intensity="6.318758e-03" type="0"/>
    <Peak1D F1="9.720678" intensity="6.330987e-03" type="0"/>
    <Peak1D F1="9.190009" intensity="6.347893e-03" type="0"/>
    <Peak1D F1="9.130100" intensity="1.227859e-02" type="0"/>
    <Peak1D F1="9.009812" intensity="2.518538e+00" type="0"/>
    <Peak1D F1="8.848045" intensity="9.162299e-03" type="0"/>
    <Peak1D F1="8.812181" intensity="7.433175e-03" type="0"/>
    <Peak1D F1="8.775472" intensity="5.121067e-03" type="0"/>
    <Peak1D F1="8.070351" intensity="5.488860e-03" type="0"/>
    <Peak1D F1="8.023598" intensity="1.042203e-02" type="0"/>
    <Peak1D F1="8.013700" intensity="2.252725e-02" type="0"/>
    <Peak1D F1="7.966487" intensity="7.755827e-03" type="0"/>
    <Peak1D F1="7.953573" intensity="9.138664e-03" type="0"/>
    <Peak1D F1="7.937039" intensity="7.367765e-03" type="0"/>
    <Peak1D F1="7.820161" intensity="5.051966e-03" type="0"/>
    <Peak1D F1="7.810246" intensity="6.417890e-03" type="0"/>
    <Peak1D F1="7.775019" intensity="8.939531e-03" type="0"/>
    <Peak1D F1="7.757596" intensity="7.231556e-03" type="0"/>
    <Peak1D F1="7.726564" intensity="6.559714e-03" type="0"/>
    <Peak1D F1="7.701082" intensity="5.310790e-02" type="0"/>
    <Peak1D F1="7.686457" intensity="6.564308e-02" type="0"/>
    <Peak1D F1="7.619594" intensity="5.957006e-02" type="0"/>
    <Peak1D F1="7.599237" intensity="1.113485e-01" type="0"/>
    <Peak1D F1="7.566281" intensity="1.110334e+01" type="0"/>
    <Peak1D F1="7.552464" intensity="1.170236e+01" type="0"/>
    <Peak1D F1="7.517642" intensity="2.852513e-01" type="0"/>
    <Peak1D F1="7.504037" intensity="2.983921e-01" type="0"/>
    <Peak1D F1="7.493627" intensity="9.123466e-02" type="0"/>
    <Peak1D F1="7.484990" intensity="7.060038e-02" type="0"/>
    <Peak1D F1="7.478807" intensity="7.119869e-02" type="0"/>
    <Peak1D F1="7.448395" intensity="3.457115e-02" type="0"/>
    <Peak1D F1="7.426628" intensity="8.339491e-02" type="0"/>
    <Peak1D F1="7.415407" intensity="9.567295e-02" type="0"/>
    <Peak1D F1="7.407635" intensity="9.250532e-02" type="0"/>
    <Peak1D F1="7.393187" intensity="1.089138e-01" type="0"/>
    <Peak1D F1="7.373756" intensity="2.609220e+00" type="0"/>
    <Peak1D F1="7.371939" intensity="2.716304e+00" type="0"/>
    <Peak1D F1="7.361179" intensity="6.088407e+00" type="0"/>
    <Peak1D F1="7.359386" intensity="6.059858e+00" type="0"/>
    <Peak1D F1="7.348619" intensity="4.104361e+00" type="0"/>
    <Peak1D F1="7.346720" intensity="3.959709e+00" type="0"/>
    <Peak1D F1="7.284828" intensity="3.116456e+00" type="0"/>
    <Peak1D F1="7.272389" intensity="5.711610e+00" type="0"/>
    <Peak1D F1="7.260774" intensity="2.878663e+00" type="0"/>
    <Peak1D F1="7.220457" intensity="6.058489e+00" type="0"/>
    <Peak1D F1="7.207756" intensity="5.265939e+00" type="0"/>
    <Peak1D F1="7.193546" intensity="1.086011e+01" type="0"/>
    <Peak1D F1="7.144074" intensity="6.544725e+00" type="0"/>
    <Peak1D F1="7.132009" intensity="5.581927e+00" type="0"/>
    <Peak1D F1="7.109254" intensity="3.956164e-01" type="0"/>
    <Peak1D F1="7.096836" intensity="2.836934e-01" type="0"/>
    <Peak1D F1="7.074913" intensity="1.168575e-01" type="0"/>
    <Peak1D F1="7.023476" intensity="1.036120e+01" type="0"/>
    <Peak1D F1="7.009860" intensity="1.005952e+01" type="0"/>
    <Peak1D F1="6.918900" intensity="3.992066e-02" type="0"/>
    <Peak1D F1="6.906335" intensity="3.707323e-02" type="0"/>
    <Peak1D F1="6.887935" intensity="7.024279e-02" type="0"/>
    <Peak1D F1="6.875301" intensity="6.294080e-02" type="0"/>
    <Peak1D F1="6.838176" intensity="2.401005e-02" type="0"/>
    <Peak1D F1="6.828043" intensity="2.248778e-02" type="0"/>
    <Peak1D F1="6.811349" intensity="2.446028e-02" type="0"/>
    <Peak1D F1="6.795507" intensity="2.144042e-02" type="0"/>
    <Peak1D F1="6.761811" intensity="1.471208e-02" type="0"/>
    <Peak1D F1="6.736626" intensity="1.359554e-02" type="0"/>
    <Peak1D F1="6.717537" intensity="1.142698e-02" type="0"/>
    <Peak1D F1="6.655988" intensity="1.072558e-02" type="0"/>
    <Peak1D F1="6.633454" intensity="8.700643e-03" type="0"/>
    <Peak1D F1="6.597056" intensity="8.780882e-03" type="0"/>
    <Peak1D F1="6.572353" intensity="1.088569e-02" type="0"/>
    <Peak1D F1="6.562199" intensity="8.740022e-03" type="0"/>
    <Peak1D F1="6.523375" intensity="6.691651e-03" type="0"/>
    <Peak1D F1="6.508565" intensity="7.055867e-03" type="0"/>
    <Peak1D F1="6.486074" intensity="7.063096e-03" type="0"/>
    <Peak1D F1="6.476263" intensity="6.819226e-03" type="0"/>
    <Peak1D F1="6.461335" intensity="7.082969e-03" type="0"/>
    <Peak1D F1="6.440053" intensity="5.633269e-03" type="0"/>
    <Peak1D F1="6.423889" intensity="5.720414e-03" type="0"/>
    <Peak1D F1="6.409533" intensity="6.320359e-03" type="0"/>
    <Peak1D F1="6.389741" intensity="5.499946e-03" type="0"/>
    <Peak1D F1="6.373126" intensity="8.008547e-03" type="0"/>
    <Peak1D F1="6.368419" intensity="6.156071e-03" type="0"/>
    <Peak1D F1="6.364368" intensity="5.840392e-03" type="0"/>
    <Peak1D F1="6.357792" intensity="6.331442e-03" type="0"/>
    <Peak1D F1="6.348821" intensity="9.339076e-03" type="0"/>
    <Peak1D F1="6.325456" intensity="8.946507e-03" type="0"/>
    <Peak1D F1="6.298288" intensity="7.038884e-03" type="0"/>
    <Peak1D F1="6.284970" intensity="9.599458e-03" type="0"/>
    <Peak1D F1="6.245852" intensity="4.560752e-03" type="0"/>
    <Peak1D F1="6.220055" intensity="4.918610e-03" type="0"/>
    <Peak1D F1="6.144477" intensity="6.292682e-03" type="0"/>
    <Peak1D F1="6.128465" intensity="6.599655e-03" type="0"/>
    <Peak1D F1="6.068430" intensity="1.089156e-02" type="0"/>
    <Peak1D F1="6.043638" intensity="5.886172e-03" type="0"/>
    <Peak1D F1="6.035396" intensity="5.443543e-03" type="0"/>
    <Peak1D F1="5.985593" intensity="5.733591e-03" type="0"/>
    <Peak1D F1="5.936738" intensity="2.047670e-02" type="0"/>
    <Peak1D F1="5.923153" intensity="1.822140e-02" type="0"/>
    <Peak1D F1="5.913501" intensity="1.013741e-02" type="0"/>
    <Peak1D F1="5.884305" intensity="6.581808e-03" type="0"/>
    <Peak1D F1="5.870558" intensity="9.808587e-03" type="0"/>
    <Peak1D F1="5.857308" intensity="7.119800e-03" type="0"/>
    <Peak1D F1="5.844501" intensity="7.386771e-03" type="0"/>
    <Peak1D F1="5.820962" intensity="8.765304e-03" type="0"/>
    <Peak1D F1="5.805182" intensity="6.276552e-03" type="0"/>
    <Peak1D F1="5.787981" intensity="6.560972e-03" type="0"/>
    <Peak1D F1="5.747949" intensity="6.891143e-03" type="0"/>
    <Peak1D F1="5.740657" intensity="5.979734e-03" type="0"/>
    <Peak1D F1="5.732194" intensity="5.000663e-03" type="0"/>
    <Peak1D F1="5.714112" intensity="5.811750e-03" type="0"/>
    <Peak1D F1="5.692126" intensity="4.965890e-03" type="0"/>
    <Peak1D F1="5.613788" intensity="1.204777e-02" type="0"/>
    <Peak1D F1="5.483562" intensity="3.641415e-02" type="0"/>
    <Peak1D F1="5.460394" intensity="7.608578e-03" type="0"/>
    <Peak1D F1="5.442822" intensity="1.262090e-02" type="0"/>
    <Peak1D F1="5.378865" intensity="7.523984e+00" type="0"/>
    <Peak1D F1="5.304429" intensity="1.906513e-02" type="0"/>
    <Peak1D F1="5.284784" intensity="1.902500e-02" type="0"/>
    <Peak1D F1="5.269903" intensity="5.114650e-02" type="0"/>
    <Peak1D F1="5.227629" intensity="7.267328e-01" type="0"/>
    <Peak1D F1="5.188641" intensity="6.565026e-03" type="0"/>
    <Peak1D F1="5.159980" intensity="6.437392e-03" type="0"/>
    <Peak1D F1="5.142477" intensity="5.444758e-03" type="0"/>
    <Peak1D F1="5.101648" intensity="4.465532e-03" type="0"/>
    <Peak1D F1="5.076861" intensity="1.137268e-02" type="0"/>
    <Peak1D F1="5.034824" intensity="8.793209e-03" type="0"/>
    <Peak1D F1="5.022970" intensity="1.106686e-02" type="0"/>
    <Peak1D F1="5.011261" intensity="8.121304e-03" type="0"/>
    <Peak1D F1="4.863643" intensity="4.495613e-03" type="0"/>
    <Peak1D F1="4.837937" intensity="6.057340e-03" type="0"/>
    <Peak1D F1="4.770380" intensity="5.527563e-03" type="0"/>
    <Peak1D F1="4.758745" intensity="7.111954e-03" type="0"/>
    <Peak1D F1="4.712866" intensity="6.568971e-03" type="0"/>
    <Peak1D F1="4.654926" intensity="6.374059e-03" type="0"/>
    <Peak1D F1="4.605543" intensity="2.440358e-02" type="0"/>
    <Peak1D F1="4.408333" intensity="4.092557e-02" type="0"/>
    <Peak1D F1="4.007359" intensity="8.696009e-03" type="0"/>
    <Peak1D F1="3.989613" intensity="1.429634e-02" type="0"/>
    <Peak1D F1="3.978082" intensity="1.408546e-02" type="0"/>
    <Peak1D F1="3.964658" intensity="1.919267e-02" type="0"/>
    <Peak1D F1="3.900329" intensity="8.831938e-01" type="0"/>
    <Peak1D F1="3.888453" intensity="1.842570e+00" type="0"/>
    <Peak1D F1="3.883105" intensity="2.497151e+00" type="0"/>
    <Peak1D F1="3.877714" intensity="1.898861e+00" type="0"/>
    <Peak1D F1="3.871963" intensity="3.563103e+00" type="0"/>
    <Peak1D F1="3.859545" intensity="3.170807e+00" type="0"/>
    <Peak1D F1="3.845969" intensity="3.750528e+00" type="0"/>
    <Peak1D F1="3.835738" intensity="2.400670e+00" type="0"/>
    <Peak1D F1="3.829532" intensity="1.948943e+00" type="0"/>
    <Peak1D F1="3.823349" intensity="1.652390e+00" type="0"/>
    <Peak1D F1="3.813237" intensity="2.068799e+00" type="0"/>
    <Peak1D F1="3.801290" intensity="2.637721e+00" type="0"/>
    <Peak1D F1="3.792512" intensity="2.855849e+00" type="0"/>
    <Peak1D F1="3.779848" intensity="1.685879e+00" type="0"/>
    <Peak1D F1="3.736613" intensity="9.794863e-02" type="0"/>
    <Peak1D F1="3.704599" intensity="1.460591e+00" type="0"/>
    <Peak1D F1="3.693332" intensity="2.800416e+00" type="0"/>
    <Peak1D F1="3.682635" intensity="3.674036e+00" type="0"/>
    <Peak1D F1="3.671624" intensity="4.666180e+00" type="0"/>
    <Peak1D F1="3.664429" intensity="1.731227e+00" type="0"/>
    <Peak1D F1="3.660812" intensity="2.440699e+00" type="0"/>
    <Peak1D F1="3.640035" intensity="1.453476e-01" type="0"/>
    <Peak1D F1="3.585965" intensity="6.824279e-02" type="0"/>
    <Peak1D F1="3.574438" intensity="7.881673e-02" type="0"/>
    <Peak1D F1="3.559159" intensity="6.672618e-02" type="0"/>
    <Peak1D F1="3.548016" intensity="6.675590e-02" type="0"/>
    <Peak1D F1="3.537929" intensity="5.511564e-02" type="0"/>
    <Peak1D F1="3.485630" intensity="1.647494e+00" type="0"/>
    <Peak1D F1="3.477757" intensity="1.812519e+00" type="0"/>
    <Peak1D F1="3.469112" intensity="1.604303e+00" type="0"/>
    <Peak1D F1="3.460747" intensity="2.403260e+00" type="0"/>
    <Peak1D F1="3.452991" intensity="2.319403e+00" type="0"/>
    <Peak1D F1="3.420566" intensity="1.261329e-01" type="0"/>
    <Peak1D F1="3.413600" intensity="1.292381e-01" type="0"/>
    <Peak1D F1="3.407381" intensity="1.140502e-01" type="0"/>
    <Peak1D F1="3.401979" intensity="1.144819e-01" type="0"/>
    <Peak1D F1="3.390499" intensity="8.464905e-02" type="0"/>
    <Peak1D F1="3.340965" intensity="1.441523e+00" type="0"/>
    <Peak1D F1="3.320065" intensity="2.356802e+00" type="0"/>
    <Peak1D F1="3.295822" intensity="1.328792e+00" type="0"/>
    <Peak1D F1="3.253902" intensity="5.324453e-02" type="0"/>
    <Peak1D F1="3.230919" intensity="4.842268e-02" type="0"/>
    <Peak1D F1="3.222621" intensity="4.580072e-02" type="0"/>
    <Peak1D F1="3.201583" intensity="4.576440e-02" type="0"/>
    <Peak1D F1="3.194582" intensity="4.248545e-02" type="0"/>
    <Peak1D F1="3.154752" intensity="1.503028e+00" type="0"/>
    <Peak1D F1="3.147307" intensity="1.560196e+00" type="0"/>
    <Peak1D F1="3.134560" intensity="1.369323e+00" type="0"/>
    <Peak1D F1="3.125676" intensity="2.697017e+00" type="0"/>
    <Peak1D F1="3.117522" intensity="1.965447e+00" type="0"/>
    <Peak1D F1="3.104820" intensity="1.740895e+00" type="0"/>
    <Peak1D F1="3.097312" intensity="1.539382e+00" type="0"/>
    <Peak1D F1="3.044575" intensity="3.864385e-02" type="0"/>
    <Peak1D F1="3.015427" intensity="7.835541e-02" type="0"/>
    <Peak1D F1="3.008738" intensity="9.108682e-02" type="0"/>
    <Peak1D F1="2.991921" intensity="8.200027e-02" type="0"/>
    <Peak1D F1="2.915864" intensity="2.068897e+00" type="0"/>
    <Peak1D F1="2.910288" intensity="3.230959e+00" type="0"/>
    <Peak1D F1="2.904303" intensity="2.154955e+00" type="0"/>
    <Peak1D F1="2.886099" intensity="1.747761e+00" type="0"/>
    <Peak1D F1="2.880340" intensity="2.545931e+00" type="0"/>
    <Peak1D F1="2.874563" intensity="1.620969e+00" type="0"/>
    <Peak1D F1="2.806305" intensity="8.875495e-02" type="0"/>
    <Peak1D F1="2.794025" intensity="8.593924e-02" type="0"/>
    <Peak1D F1="2.774525" intensity="1.454148e-01" type="0"/>
    <Peak1D F1="2.762818" intensity="1.357055e-01" type="0"/>
    <Peak1D F1="2.754482" intensity="9.111297e-02" type="0"/>
    <Peak1D F1="2.690939" intensity="2.413438e-02" type="0"/>
    <Peak1D F1="2.631507" intensity="4.662572e-02" type="0"/>
    <Peak1D F1="2.622761" intensity="5.657833e-02" type="0"/>
    <Peak1D F1="2.611950" intensity="5.385685e-02" type="0"/>
    <Peak1D F1="2.578005" intensity="1.934017e-02" type="0"/>
    <Peak1D F1="2.562245" intensity="7.408318e-02" type="0"/>
    <Peak1D F1="2.546074" intensity="1.758678e-02" type="0"/>
    <Peak1D F1="2.492374" intensity="1.031561e-02" type="0"/>
    <Peak1D F1="2.486673" intensity="1.238755e-02" type="0"/>
    <Peak1D F1="2.477034" intensity="1.067265e-02" type="0"/>
    <Peak1D F1="2.461032" intensity="1.103378e-02" type="0"/>
    <Peak1D F1="2.450068" intensity="9.572482e-03" type="0"/>
    <Peak1D F1="2.427172" intensity="7.231321e-03" type="0"/>
    <Peak1D F1="2.404536" intensity="6.980773e-03" type="0"/>
    <Peak1D F1="2.378866" intensity="6.461171e-03" type="0"/>
    <Peak1D F1="2.366880" intensity="6.362258e-03" type="0"/>
    <Peak1D F1="2.342192" intensity="7.055326e-03" type="0"/>
    <Peak1D F1="2.327356" intensity="6.804264e-03" type="0"/>
    <Peak1D F1="2.315271" intensity="1.240316e-02" type="0"/>
    <Peak1D F1="2.305084" intensity="1.619493e-02" type="0"/>
    <Peak1D F1="2.293180" intensity="2.047345e-02" type="0"/>
    <Peak1D F1="2.281745" intensity="4.731184e-02" type="0"/>
    <Peak1D F1="2.272041" intensity="3.463862e-02" type="0"/>
    <Peak1D F1="2.261961" intensity="4.186963e-02" type="0"/>
    <Peak1D F1="2.247456" intensity="4.432836e-02" type="0"/>
    <Peak1D F1="2.238059" intensity="6.205207e-02" type="0"/>
    <Peak1D F1="2.213493" intensity="2.698008e-01" type="0"/>
    <Peak1D F1="2.204191" intensity="1.044701e+00" type="0"/>
    <Peak1D F1="2.193743" intensity="1.682538e+00" type="0"/>
    <Peak1D F1="2.183507" intensity="1.957870e+00" type="0"/>
    <Peak1D F1="2.174808" intensity="2.363897e+00" type="0"/>
    <Peak1D F1="2.163804" intensity="2.272861e+00" type="0"/>
    <Peak1D F1="2.149599" intensity="2.483492e+00" type="0"/>
    <Peak1D F1="2.138256" intensity="2.578755e+00" type="0"/>
    <Peak1D F1="2.131023" intensity="2.046125e+00" type="0"/>
    <Peak1D F1="2.119813" intensity="2.451498e+00" type="0"/>
    <Peak1D F1="2.108340" intensity="2.443019e+00" type="0"/>
    <Peak1D F1="2.096729" intensity="1.500000e+01" type="0"/>
    <Peak1D F1="2.089209" intensity="3.013172e+00" type="0"/>
    <Peak1D F1="2.078084" intensity="3.059757e+00" type="0"/>
    <Peak1D F1="2.072415" intensity="3.193889e+00" type="0"/>
    <Peak1D F1="2.066524" intensity="2.718808e+00" type="0"/>
    <Peak1D F1="2.062174" intensity="2.898664e+00" type="0"/>
    <Peak1D F1="2.054184" intensity="2.070320e+00" type="0"/>
    <Peak1D F1="2.044066" intensity="1.906069e+00" type="0"/>
    <Peak1D F1="2.033247" intensity="1.113220e+00" type="0"/>
    <Peak1D F1="2.015095" intensity="1.867635e-01" type="0"/>
    <Peak1D F1="1.989296" intensity="1.450234e-01" type="0"/>
    <Peak1D F1="1.978934" intensity="1.128204e-01" type="0"/>
    <Peak1D F1="1.970897" intensity="1.209228e-01" type="0"/>
    <Peak1D F1="1.962518" intensity="1.261216e-01" type="0"/>
    <Peak1D F1="1.950193" intensity="1.054248e-01" type="0"/>
    <Peak1D F1="1.939819" intensity="1.078929e-01" type="0"/>
    <Peak1D F1="1.932831" intensity="1.249629e-01" type="0"/>
    <Peak1D F1="1.917915" intensity="8.905593e-02" type="0"/>
    <Peak1D F1="1.900706" intensity="9.044735e-02" type="0"/>
    <Peak1D F1="1.890179" intensity="1.013969e-01" type="0"/>
    <Peak1D F1="1.851410" intensity="1.459352e-01" type="0"/>
    <Peak1D F1="1.842032" intensity="1.590169e-01" type="0"/>
    <Peak1D F1="1.829805" intensity="1.562708e-01" type="0"/>
    <Peak1D F1="1.810497" intensity="1.771052e-01" type="0"/>
    <Peak1D F1="1.803340" intensity="2.580961e-01" type="0"/>
    <Peak1D F1="1.791854" intensity="1.253764e+00" type="0"/>
    <Peak1D F1="1.786571" intensity="1.431022e+00" type="0"/>
    <Peak1D F1="1.780901" intensity="3.263013e+00" type="0"/>
    <Peak1D F1="1.775244" intensity="1.481366e+00" type="0"/>
    <Peak1D F1="1.769944" intensity="1.311745e+00" type="0"/>
    <Peak1D F1="1.758734" intensity="3.805106e-01" type="0"/>
    <Peak1D F1="1.751267" intensity="3.400789e-01" type="0"/>
    <Peak1D F1="1.742327" intensity="3.220236e-01" type="0"/>
    <Peak1D F1="1.736662" intensity="3.290631e-01" type="0"/>
    <Peak1D F1="1.727367" intensity="3.072253e-01" type="0"/>
    <Peak1D F1="1.717738" intensity="3.038556e-01" type="0"/>
    <Peak1D F1="1.700558" intensity="3.009265e-01" type="0"/>
    <Peak1D F1="1.686552" intensity="3.008700e-01" type="0"/>
    <Peak1D F1="1.578635" intensity="1.074055e-01" type="0"/>
    <Peak1D F1="1.552708" intensity="1.025271e-01" type="0"/>
    <Peak1D F1="1.538043" intensity="9.921988e-02" type="0"/>
    <Peak1D F1="1.527455" intensity="1.048833e-01" type="0"/>
    <Peak1D F1="1.512894" intensity="1.591426e-01" type="0"/>
    <Peak1D F1="1.501828" intensity="1.230383e-01" type="0"/>
    <Peak1D F1="1.495187" intensity="9.859899e-02" type="0"/>
    <Peak1D F1="1.454987" intensity="5.624054e-02" type="0"/>
    <Peak1D F1="1.429583" intensity="6.514968e-02" type="0"/>
    <Peak1D F1="1.375364" intensity="5.600383e-02" type="0"/>
    <Peak1D F1="1.368662" intensity="5.614892e-02" type="0"/>
    <Peak1D F1="1.355399" intensity="9.169462e-02" type="0"/>
    <Peak1D F1="1.351198" intensity="9.711935e-02" type="0"/>
    <Peak1D F1="1.324040" intensity="1.025898e-01" type="0"/>
    <Peak1D F1="1.300484" intensity="8.180761e-02" type="0"/>
    <Peak1D F1="1.282580" intensity="7.860224e-02" type="0"/>
    <Peak1D F1="1.261787" intensity="1.840758e-01" type="0"/>
    <Peak1D F1="1.248682" intensity="1.253990e-01" type="0"/>
    <Peak1D F1="1.226158" intensity="2.356773e-01" type="0"/>
    <Peak1D F1="1.214457" intensity="3.967004e-01" type="0"/>
    <Peak1D F1="1.212951" intensity="4.010580e-01" type="0"/>
    <Peak1D F1="1.182483" intensity="1.392173e+00" type="0"/>
    <Peak1D F1="1.165425" intensity="2.549420e-01" type="0"/>
    <Peak1D F1="1.147210" intensity="1.687439e-01" type="0"/>
    <Peak1D F1="1.135627" intensity="1.517138e-01" type="0"/>
    <Peak1D F1="1.123823" intensity="1.178432e-01" type="0"/>
    <Peak1D F1="1.089394" intensity="7.998811e-02" type="0"/>
    <Peak1D F1="1.074382" intensity="7.123507e-02" type="0"/>
    <Peak1D F1="1.069398" intensity="6.565453e-02" type="0"/>
    <Peak1D F1="1.062303" intensity="7.336936e-02" type="0"/>
    <Peak1D F1="1.050279" intensity="5.828887e-02" type="0"/>
    <Peak1D F1="1.047006" intensity="5.479927e-02" type="0"/>
    <Peak1D F1="1.039524" intensity="6.712980e-02" type="0"/>
    <Peak1D F1="1.009832" intensity="6.171574e-02" type="0"/>
    <Peak1D F1="1.000033" intensity="7.502061e-02" type="0"/>
    <Peak1D F1="0.988116" intensity="7.626168e-02" type="0"/>
    <Peak1D F1="0.972197" intensity="5.781910e-02" type="0"/>
    <Peak1D F1="0.949202" intensity="5.263591e-02" type="0"/>
    <Peak1D F1="0.937321" intensity="5.167566e-02" type="0"/>
    <Peak1D F1="0.931538" intensity="5.220461e-02" type="0"/>
    <Peak1D F1="0.912558" intensity="3.929952e-02" type="0"/>
    <Peak1D F1="0.899060" intensity="8.053175e-02" type="0"/>
    <Peak1D F1="0.888036" intensity="7.935050e-02" type="0"/>
    <Peak1D F1="0.875348" intensity="4.663877e-02" type="0"/>
    <Peak1D F1="0.863078" intensity="5.771137e-02" type="0"/>
    <Peak1D F1="0.850630" intensity="5.135284e-02" type="0"/>
    <Peak1D F1="0.845092" intensity="4.608658e-02" type="0"/>
    <Peak1D F1="0.822394" intensity="2.881300e-01" type="0"/>
    <Peak1D F1="0.819004" intensity="2.445327e-01" type="0"/>
    <Peak1D F1="0.810991" intensity="6.110285e-01" type="0"/>
    <Peak1D F1="0.799030" intensity="3.886704e-01" type="0"/>
    <Peak1D F1="0.784321" intensity="3.013979e-01" type="0"/>
    <Peak1D F1="0.775370" intensity="3.479714e-01" type="0"/>
    <Peak1D F1="0.772111" intensity="3.605220e-01" type="0"/>
    <Peak1D F1="0.764534" intensity="3.193990e-01" type="0"/>
    <Peak1D F1="0.728766" intensity="1.120855e-01" type="0"/>
    <Peak1D F1="0.721164" intensity="8.882886e-02" type="0"/>
    <Peak1D F1="0.717388" intensity="6.596349e-02" type="0"/>
    <Peak1D F1="0.709890" intensity="4.201789e-02" type="0"/>
    <Peak1D F1="0.675782" intensity="2.510519e-02" type="0"/>
    <Peak1D F1="0.669540" intensity="1.960453e-02" type="0"/>
    <Peak1D F1="0.663864" intensity="2.040787e-02" type="0"/>
    <Peak1D F1="0.633776" intensity="2.191142e-02" type="0"/>
    <Peak1D F1="0.625973" intensity="3.908948e-02" type="0"/>
    <Peak1D F1="0.611078" intensity="1.161330e-02" type="0"/>
    <Peak1D F1="0.585775" intensity="1.242501e-02" type="0"/>
    <Peak1D F1="0.530726" intensity="8.179631e-03" type="0"/>
    <Peak1D F1="0.480646" intensity="7.966651e-03" type="0"/>
    <Peak1D F1="0.437526" intensity="7.785622e-03" type="0"/>
    <Peak1D F1="0.403414" intensity="6.081211e-03" type="0"/>
    <Peak1D F1="0.380154" intensity="6.933454e-03" type="0"/>
    <Peak1D F1="0.362463" intensity="6.369033e-03" type="0"/>
    <Peak1D F1="0.350743" intensity="6.778218e-03" type="0"/>
    <Peak1D F1="0.328614" intensity="6.597236e-03" type="0"/>
    <Peak1D F1="0.309532" intensity="6.287392e-03" type="0"/>
    <Peak1D F1="0.293178" intensity="6.013208e-03" type="0"/>
    <Peak1D F1="0.273123" intensity="7.217688e-03" type="0"/>
    <Peak1D F1="0.247542" intensity="5.136340e-03" type="0"/>
    <Peak1D F1="0.231344" intensity="5.049141e-03" type="0"/>
    <Peak1D F1="0.216590" intensity="5.871382e-03" type="0"/>
    <Peak1D F1="0.192569" intensity="4.740500e-03" type="0"/>
    <Peak1D F1="0.170984" intensity="6.064493e-03" type="0"/>
    <Peak1D F1="0.162475" intensity="5.817587e-03" type="0"/>
    <Peak1D F1="0.132670" intensity="4.993531e-03" type="0"/>
    <Peak1D F1="0.100242" intensity="5.580422e-03" type="0"/>
    <Peak1D F1="0.073139" intensity="2.978006e-02" type="0"/>
    <Peak1D F1="0.017477" intensity="9.703537e-03" type="0"/>
    <Peak1D F1="-0.000161" intensity="3.265459e-01" type="0"/>
    <Peak1D F1="-0.006029" intensity="3.351568e-02" type="0"/>
    <Peak1D F1="-0.024998" intensity="7.281354e-03" type="0"/>
    <Peak1D F1="-0.042682" intensity="5.391944e-03" type="0"/>
    <Peak1D F1="-0.072280" intensity="4.829238e-02" type="0"/>
    <Peak1D F1="-0.105891" intensity="5.583856e-03" type="0"/>
    <Peak1D F1="-0.128808" intensity="4.547782e-03" type="0"/>
    <Peak1D F1="-0.164662" intensity="4.387358e-03" type="0"/>
    <Peak1D F1="-0.439597" intensity="4.472113e-03" type="0"/>
    <Peak1D F1="-2.996959" intensity="4.627437e-03" type="0"/>
    <Peak1D F1="-3.543797" intensity="4.787729e-03" type="0"/>
    <Peak1D F1="-3.600429" intensity="4.715921e-03" type="0"/>
    <Peak1D F1="-3.641081" intensity="5.203311e-03" type="0"/>
    <Peak1D F1="-3.690659" intensity="5.393902e-03" type="0"/>
    <Peak1D F1="-3.748219" intensity="4.892411e-03" type="0"/>
    <Peak1D F1="-3.792655" intensity="4.515608e-03" type="0"/>
    <Peak1D F1="-3.833165" intensity="4.891130e-03" type="0"/>
    <Peak1D F1="-3.886503" intensity="4.491904e-03" type="0"/>
    <Peak1D F1="-3.926644" intensity="5.358051e-03" type="0"/>
    <Peak1D F1="-3.931696" intensity="4.807181e-03" type="0"/>
    <Peak1D F1="-4.000538" intensity="4.892878e-03" type="0"/>
    <Peak1D F1="-4.116638" intensity="5.166925e-03" type="0"/>
  </PeakList1D>
</PeakList>
