<?xml version="1.0" encoding="UTF-8"?>
<PeakList modified="2020-02-06T09:22:36">
  <PeakList1D>
    <PeakList1DHeader creator="tanpures" date="2020-02-06T09:22:36" expNo="2" name="SDT326" owner="" procNo="1" source="/opt/osu/chemistry/data/tanpures/nmr">
      <PeakPickDetails>F1=161.619110ppm, F2=135.523209ppm, MI=0.63cm, MAXI=4.38cm, PC=1.400
      </PeakPickDetails>
    </PeakList1DHeader>
    <Peak1D F1="155.20433" intensity="1.255057" type="0"/>
    <Peak1D F1="148.317307" intensity="3.151057" type="0"/>
    <Peak1D F1="144.77655" intensity="2.67737" type="0"/>
  </PeakList1D>
  <PeakList1D>
    <PeakList1DHeader creator="tanpures" date="2020-02-06T09:22:36" expNo="2" name="SDT326" owner="" procNo="1" source="/opt/osu/chemistry/data/tanpures/nmr">
      <PeakPickDetails>F1=126.312897ppm, F2=109.427315ppm, MI=0.65cm, MAXI=10.50cm, PC=1.400
      </PeakPickDetails>
    </PeakList1DHeader>
    <Peak1D F1="122.454803" intensity="6.533651" type="0"/>
    <Peak1D F1="121.749344" intensity="3.164283" type="0"/>
    <Peak1D F1="120.032928" intensity="7.137749" type="0"/>
    <Peak1D F1="110.998688" intensity="6.674716" type="0"/>
  </PeakList1D>
  <PeakList1D>
    <PeakList1DHeader creator="tanpures" date="2020-02-06T09:22:36" expNo="2" name="SDT326" owner="" procNo="1" source="/opt/osu/chemistry/data/tanpures/nmr">
      <PeakPickDetails>F1=88.375168ppm, F2=71.270294ppm, MI=6.51cm, MAXI=21.58cm, PC=1.400
      </PeakPickDetails>
    </PeakList1DHeader>
    <Peak1D F1="77.381981" intensity="14.76882" type="0"/>
    <Peak1D F1="77.200378" intensity="15.0" type="0"/>
    <Peak1D F1="77.018761" intensity="14.85578" type="0"/>
  </PeakList1D>
  <PeakList1D>
    <PeakList1DHeader creator="tanpures" date="2020-02-06T09:22:36" expNo="2" name="SDT326" owner="" procNo="1" source="/opt/osu/chemistry/data/tanpures/nmr">
      <PeakPickDetails>F1=69.954536ppm, F2=48.463802ppm, MI=2.03cm, MAXI=8.35cm, PC=1.400
      </PeakPickDetails>
    </PeakList1DHeader>
    <Peak1D F1="65.270699" intensity="6.726082" type="0"/>
    <Peak1D F1="63.130836" intensity="6.582801" type="0"/>
    <Peak1D F1="55.990395" intensity="7.178548" type="0"/>
  </PeakList1D>
  <PeakList1D>
    <PeakList1DHeader creator="tanpures" date="2020-02-06T09:22:36" expNo="2" name="SDT326" owner="" procNo="1" source="/opt/osu/chemistry/data/tanpures/nmr">
      <PeakPickDetails>F1=48.463802ppm, F2=41.227127ppm, MI=0.21cm, MAXI=0.80cm, PC=1.400
      </PeakPickDetails>
    </PeakList1DHeader>
    <Peak1D F1="46.789902" intensity="0.4632963" type="0"/>
    <Peak1D F1="45.283051" intensity="0.4311807" type="0"/>
  </PeakList1D>
  <PeakList1D>
    <PeakList1DHeader creator="tanpures" date="2020-02-06T09:22:36" expNo="2" name="SDT326" owner="" procNo="1" source="/opt/osu/chemistry/data/tanpures/nmr">
      <PeakPickDetails>F1=41.227127ppm, F2=24.560841ppm, MI=2.03cm, MAXI=8.35cm, PC=1.400
      </PeakPickDetails>
    </PeakList1DHeader>
    <Peak1D F1="28.85191" intensity="6.76395" type="0"/>
  </PeakList1D>
  <PeakList1D>
    <PeakList1DHeader creator="tanpures" date="2020-02-06T09:22:36" expNo="2" name="SDT326" owner="" procNo="1" source="/opt/osu/chemistry/data/tanpures/nmr">
      <PeakPickDetails>F1=24.560841ppm, F2=14.911939ppm, MI=0.40cm, MAXI=1.12cm, PC=1.400
      </PeakPickDetails>
    </PeakList1DHeader>
    <Peak1D F1="21.758379" intensity="0.8852988" type="0"/>
    <Peak1D F1="20.702936" intensity="0.8719687" type="0"/>
  </PeakList1D>
</PeakList>
