<?xml version="1.0" encoding="UTF-8"?>
<PeakList>
  <PeakList1D>
    <PeakList1DHeader creator="nmrsu" date="2018-09-19T09:17:44.729-03:00" expNo="1" name="2B237_MS234B" owner="" procNo="1" source="C:/NMRData/data/marcio_marilia/nmr">
      <PeakPickDetails>F1=15.899ppm, F2=-1.140ppm, MI=0.00cm, MAXI=10000.00cm, PC=1.000
      </PeakPickDetails>
    </PeakList1DHeader>
    <Peak1D F1="14.4702" intensity="1.974219e-002" type="0"/>
    <Peak1D F1="13.6597" intensity="2.098303e-002" type="0"/>
    <Peak1D F1="13.4249" intensity="2.247774e-002" type="0"/>
    <Peak1D F1="9.9392" intensity="2.813976e-002" type="0"/>
    <Peak1D F1="9.8224" intensity="1.979886e-002" type="0"/>
    <Peak1D F1="8.3907" intensity="8.874459e-002" type="0"/>
    <Peak1D F1="8.2591" intensity="2.170339e-002" type="0"/>
    <Peak1D F1="8.1908" intensity="2.174906e-002" type="0"/>
    <Peak1D F1="8.1822" intensity="1.990846e-002" type="0"/>
    <Peak1D F1="8.1395" intensity="2.210648e-002" type="0"/>
    <Peak1D F1="8.1281" intensity="2.619759e-002" type="0"/>
    <Peak1D F1="8.1229" intensity="2.241033e-002" type="0"/>
    <Peak1D F1="8.1148" intensity="2.505954e-002" type="0"/>
    <Peak1D F1="8.1101" intensity="2.592745e-002" type="0"/>
    <Peak1D F1="8.0987" intensity="2.890097e-002" type="0"/>
    <Peak1D F1="8.0919" intensity="4.220767e-002" type="0"/>
    <Peak1D F1="8.0849" intensity="3.998546e-002" type="0"/>
    <Peak1D F1="8.0750" intensity="3.761589e-002" type="0"/>
    <Peak1D F1="8.0672" intensity="4.331501e-002" type="0"/>
    <Peak1D F1="8.0555" intensity="4.575980e-002" type="0"/>
    <Peak1D F1="8.0446" intensity="5.023077e-002" type="0"/>
    <Peak1D F1="7.9726" intensity="1.465500e+000" type="0"/>
    <Peak1D F1="7.9391" intensity="1.518184e-001" type="0"/>
    <Peak1D F1="7.9001" intensity="1.749671e-001" type="0"/>
    <Peak1D F1="7.8624" intensity="3.217870e-002" type="0"/>
    <Peak1D F1="7.8498" intensity="4.137010e-002" type="0"/>
    <Peak1D F1="7.8303" intensity="5.255105e-002" type="0"/>
    <Peak1D F1="7.8244" intensity="7.317307e-002" type="0"/>
    <Peak1D F1="7.8149" intensity="6.502893e-002" type="0"/>
    <Peak1D F1="7.8106" intensity="4.538307e-002" type="0"/>
    <Peak1D F1="7.8058" intensity="5.432956e-002" type="0"/>
    <Peak1D F1="7.7804" intensity="3.898249e-001" type="0"/>
    <Peak1D F1="7.7743" intensity="5.261264e-002" type="0"/>
    <Peak1D F1="7.7691" intensity="2.966740e-002" type="0"/>
    <Peak1D F1="7.7648" intensity="2.225883e-002" type="0"/>
    <Peak1D F1="7.7477" intensity="2.639549e-002" type="0"/>
    <Peak1D F1="7.7347" intensity="2.390021e-002" type="0"/>
    <Peak1D F1="7.7269" intensity="2.401064e-002" type="0"/>
    <Peak1D F1="7.7135" intensity="2.681366e-002" type="0"/>
    <Peak1D F1="7.7077" intensity="2.461819e-002" type="0"/>
    <Peak1D F1="7.7050" intensity="2.368608e-002" type="0"/>
    <Peak1D F1="7.6985" intensity="2.744911e-002" type="0"/>
    <Peak1D F1="7.6791" intensity="1.404275e-001" type="0"/>
    <Peak1D F1="7.6590" intensity="3.224408e-001" type="0"/>
    <Peak1D F1="7.6425" intensity="1.707857e-001" type="0"/>
    <Peak1D F1="7.6231" intensity="5.092046e-002" type="0"/>
    <Peak1D F1="7.6093" intensity="6.064815e-002" type="0"/>
    <Peak1D F1="7.5903" intensity="6.444669e-002" type="0"/>
    <Peak1D F1="7.5829" intensity="3.651735e-002" type="0"/>
    <Peak1D F1="7.5740" intensity="3.524629e-002" type="0"/>
    <Peak1D F1="7.5562" intensity="4.869744e-002" type="0"/>
    <Peak1D F1="7.5385" intensity="5.447793e-002" type="0"/>
    <Peak1D F1="7.5361" intensity="5.085483e-002" type="0"/>
    <Peak1D F1="7.5269" intensity="3.237836e-002" type="0"/>
    <Peak1D F1="7.5086" intensity="1.475336e-001" type="0"/>
    <Peak1D F1="7.4991" intensity="5.115613e-001" type="0"/>
    <Peak1D F1="7.4916" intensity="2.541938e-001" type="0"/>
    <Peak1D F1="7.4840" intensity="7.081854e-001" type="0"/>
    <Peak1D F1="7.4802" intensity="7.968741e-001" type="0"/>
    <Peak1D F1="7.4745" intensity="2.971387e-001" type="0"/>
    <Peak1D F1="7.4704" intensity="2.199493e-001" type="0"/>
    <Peak1D F1="7.4664" intensity="3.628957e-001" type="0"/>
    <Peak1D F1="7.4613" intensity="2.652568e-001" type="0"/>
    <Peak1D F1="7.4409" intensity="1.673079e-001" type="0"/>
    <Peak1D F1="7.4324" intensity="5.501373e-001" type="0"/>
    <Peak1D F1="7.4252" intensity="3.087628e+000" type="0"/>
    <Peak1D F1="7.4230" intensity="3.079013e+000" type="0"/>
    <Peak1D F1="7.4146" intensity="5.848630e-001" type="0"/>
    <Peak1D F1="7.4112" intensity="8.435496e-001" type="0"/>
    <Peak1D F1="7.4053" intensity="3.462391e+000" type="0"/>
    <Peak1D F1="7.4029" intensity="3.357207e+000" type="0"/>
    <Peak1D F1="7.3966" intensity="5.129072e-001" type="0"/>
    <Peak1D F1="7.3926" intensity="3.134353e-001" type="0"/>
    <Peak1D F1="7.3890" intensity="1.995434e-001" type="0"/>
    <Peak1D F1="7.3809" intensity="1.829823e-001" type="0"/>
    <Peak1D F1="7.3691" intensity="9.642921e-002" type="0"/>
    <Peak1D F1="7.3658" intensity="1.832825e-001" type="0"/>
    <Peak1D F1="7.3628" intensity="1.839857e-001" type="0"/>
    <Peak1D F1="7.3485" intensity="1.620510e-001" type="0"/>
    <Peak1D F1="7.3456" intensity="2.171104e-001" type="0"/>
    <Peak1D F1="7.3426" intensity="1.760461e-001" type="0"/>
    <Peak1D F1="7.3286" intensity="1.295070e-001" type="0"/>
    <Peak1D F1="7.3253" intensity="1.319271e-001" type="0"/>
    <Peak1D F1="7.3103" intensity="1.968021e-001" type="0"/>
    <Peak1D F1="7.3067" intensity="1.506835e-001" type="0"/>
    <Peak1D F1="7.3000" intensity="3.106958e-001" type="0"/>
    <Peak1D F1="7.2976" intensity="2.598120e-001" type="0"/>
    <Peak1D F1="7.2956" intensity="3.626170e-001" type="0"/>
    <Peak1D F1="7.2878" intensity="5.137709e-001" type="0"/>
    <Peak1D F1="7.2829" intensity="5.338845e-001" type="0"/>
    <Peak1D F1="7.2773" intensity="1.225084e-001" type="0"/>
    <Peak1D F1="7.2630" intensity="9.881527e-002" type="0"/>
    <Peak1D F1="7.2433" intensity="1.744141e-001" type="0"/>
    <Peak1D F1="7.2408" intensity="2.665073e-001" type="0"/>
    <Peak1D F1="7.2382" intensity="3.602033e-001" type="0"/>
    <Peak1D F1="7.2338" intensity="2.252127e-001" type="0"/>
    <Peak1D F1="7.2260" intensity="2.260484e+000" type="0"/>
    <Peak1D F1="7.2239" intensity="3.316794e+000" type="0"/>
    <Peak1D F1="7.2216" intensity="2.368109e+000" type="0"/>
    <Peak1D F1="7.2166" intensity="5.391533e-001" type="0"/>
    <Peak1D F1="7.2055" intensity="3.884168e+000" type="0"/>
    <Peak1D F1="7.2034" intensity="5.436697e+000" type="0"/>
    <Peak1D F1="7.2011" intensity="3.474627e+000" type="0"/>
    <Peak1D F1="7.1881" intensity="5.928267e-001" type="0"/>
    <Peak1D F1="7.1836" intensity="6.676819e-001" type="0"/>
    <Peak1D F1="7.1735" intensity="2.518457e+000" type="0"/>
    <Peak1D F1="7.1695" intensity="3.569108e+000" type="0"/>
    <Peak1D F1="7.1637" intensity="8.089720e+000" type="0"/>
    <Peak1D F1="7.1530" intensity="8.913127e+000" type="0"/>
    <Peak1D F1="7.1506" intensity="8.936009e+000" type="0"/>
    <Peak1D F1="7.1444" intensity="1.811589e+000" type="0"/>
    <Peak1D F1="7.1350" intensity="9.886461e+000" type="0"/>
    <Peak1D F1="7.1332" intensity="6.353298e+000" type="0"/>
    <Peak1D F1="7.1301" intensity="4.030264e+000" type="0"/>
    <Peak1D F1="7.1171" intensity="1.519526e+001" type="0"/>
    <Peak1D F1="7.1132" intensity="8.247114e+000" type="0"/>
    <Peak1D F1="7.1018" intensity="4.493539e+000" type="0"/>
    <Peak1D F1="7.0981" intensity="9.576048e+000" type="0"/>
    <Peak1D F1="7.0925" intensity="1.659474e+000" type="0"/>
    <Peak1D F1="7.0841" intensity="3.925048e-001" type="0"/>
    <Peak1D F1="7.0756" intensity="4.800279e-001" type="0"/>
    <Peak1D F1="7.0714" intensity="5.966351e-001" type="0"/>
    <Peak1D F1="7.0664" intensity="3.005010e+000" type="0"/>
    <Peak1D F1="7.0631" intensity="5.222250e+000" type="0"/>
    <Peak1D F1="7.0600" intensity="3.589906e+000" type="0"/>
    <Peak1D F1="7.0505" intensity="2.705187e+000" type="0"/>
    <Peak1D F1="7.0449" intensity="6.642178e+000" type="0"/>
    <Peak1D F1="7.0388" intensity="2.288641e+000" type="0"/>
    <Peak1D F1="7.0302" intensity="2.037393e+000" type="0"/>
    <Peak1D F1="7.0267" intensity="2.609868e+000" type="0"/>
    <Peak1D F1="7.0236" intensity="1.456737e+000" type="0"/>
    <Peak1D F1="7.0102" intensity="3.118878e+000" type="0"/>
    <Peak1D F1="7.0075" intensity="3.541645e+000" type="0"/>
    <Peak1D F1="7.0035" intensity="6.659725e+000" type="0"/>
    <Peak1D F1="6.9999" intensity="9.141312e+000" type="0"/>
    <Peak1D F1="6.9943" intensity="2.564652e+000" type="0"/>
    <Peak1D F1="6.9927" intensity="3.170132e+000" type="0"/>
    <Peak1D F1="6.9901" intensity="4.899607e+000" type="0"/>
    <Peak1D F1="6.9873" intensity="4.199439e+000" type="0"/>
    <Peak1D F1="6.9825" intensity="5.776945e+000" type="0"/>
    <Peak1D F1="6.9794" intensity="4.414411e+000" type="0"/>
    <Peak1D F1="6.9727" intensity="2.486174e+000" type="0"/>
    <Peak1D F1="6.9700" intensity="2.074565e+000" type="0"/>
    <Peak1D F1="6.9571" intensity="1.910351e-001" type="0"/>
    <Peak1D F1="6.9521" intensity="1.706202e-001" type="0"/>
    <Peak1D F1="6.9492" intensity="1.760977e-001" type="0"/>
    <Peak1D F1="6.9349" intensity="2.323398e-001" type="0"/>
    <Peak1D F1="6.9137" intensity="1.769885e-001" type="0"/>
    <Peak1D F1="6.8998" intensity="1.254580e-001" type="0"/>
    <Peak1D F1="6.8871" intensity="7.536195e-002" type="0"/>
    <Peak1D F1="6.8791" intensity="5.431338e-002" type="0"/>
    <Peak1D F1="6.8671" intensity="4.782621e-001" type="0"/>
    <Peak1D F1="6.8618" intensity="3.810865e-001" type="0"/>
    <Peak1D F1="6.8564" intensity="3.504513e-001" type="0"/>
    <Peak1D F1="6.8504" intensity="2.510134e-001" type="0"/>
    <Peak1D F1="6.8469" intensity="4.280399e-001" type="0"/>
    <Peak1D F1="6.8431" intensity="4.060508e-001" type="0"/>
    <Peak1D F1="6.8351" intensity="1.845628e-001" type="0"/>
    <Peak1D F1="6.8231" intensity="6.818319e-002" type="0"/>
    <Peak1D F1="6.8123" intensity="1.021847e-001" type="0"/>
    <Peak1D F1="6.8029" intensity="6.883934e-002" type="0"/>
    <Peak1D F1="6.8024" intensity="6.446940e-002" type="0"/>
    <Peak1D F1="6.7902" intensity="1.417220e-001" type="0"/>
    <Peak1D F1="6.7786" intensity="5.134820e-002" type="0"/>
    <Peak1D F1="6.7733" intensity="4.815026e-002" type="0"/>
    <Peak1D F1="6.7662" intensity="3.903964e-002" type="0"/>
    <Peak1D F1="6.7509" intensity="3.117311e-002" type="0"/>
    <Peak1D F1="6.7437" intensity="3.091652e-002" type="0"/>
    <Peak1D F1="6.7338" intensity="3.448343e-002" type="0"/>
    <Peak1D F1="6.7132" intensity="3.350985e-002" type="0"/>
    <Peak1D F1="6.6745" intensity="3.629901e-002" type="0"/>
    <Peak1D F1="6.6724" intensity="3.348862e-002" type="0"/>
    <Peak1D F1="6.6711" intensity="2.804937e-002" type="0"/>
    <Peak1D F1="6.6681" intensity="2.994290e-002" type="0"/>
    <Peak1D F1="6.6589" intensity="3.157844e-002" type="0"/>
    <Peak1D F1="6.6522" intensity="3.337864e-002" type="0"/>
    <Peak1D F1="6.6443" intensity="4.205524e-002" type="0"/>
    <Peak1D F1="6.6258" intensity="5.499677e-002" type="0"/>
    <Peak1D F1="6.6077" intensity="5.298460e-002" type="0"/>
    <Peak1D F1="6.6037" intensity="6.220122e-002" type="0"/>
    <Peak1D F1="6.5948" intensity="3.032241e-002" type="0"/>
    <Peak1D F1="6.5876" intensity="4.991890e-002" type="0"/>
    <Peak1D F1="6.5858" intensity="5.067564e-002" type="0"/>
    <Peak1D F1="6.5741" intensity="4.775749e-002" type="0"/>
    <Peak1D F1="6.5705" intensity="4.188777e-002" type="0"/>
    <Peak1D F1="6.5570" intensity="6.962361e-002" type="0"/>
    <Peak1D F1="6.5387" intensity="2.174073e-002" type="0"/>
    <Peak1D F1="6.5288" intensity="2.537404e-002" type="0"/>
    <Peak1D F1="6.5172" intensity="2.056473e-002" type="0"/>
    <Peak1D F1="6.4730" intensity="2.109027e-002" type="0"/>
    <Peak1D F1="6.4480" intensity="3.622255e-002" type="0"/>
    <Peak1D F1="6.4219" intensity="1.079915e-001" type="0"/>
    <Peak1D F1="6.4012" intensity="8.901491e-002" type="0"/>
    <Peak1D F1="6.3621" intensity="2.334490e-002" type="0"/>
    <Peak1D F1="6.3396" intensity="2.207909e-002" type="0"/>
    <Peak1D F1="6.3078" intensity="2.762735e-002" type="0"/>
    <Peak1D F1="6.2930" intensity="1.944035e-002" type="0"/>
    <Peak1D F1="6.2871" intensity="2.317560e-002" type="0"/>
    <Peak1D F1="6.2226" intensity="2.584196e-002" type="0"/>
    <Peak1D F1="6.2199" intensity="2.786349e-002" type="0"/>
    <Peak1D F1="6.0793" intensity="5.314299e-001" type="0"/>
    <Peak1D F1="6.0717" intensity="4.018263e-002" type="0"/>
    <Peak1D F1="5.9832" intensity="8.326525e-002" type="0"/>
    <Peak1D F1="5.9600" intensity="4.079883e-002" type="0"/>
    <Peak1D F1="4.9848" intensity="4.096264e-002" type="0"/>
    <Peak1D F1="4.4924" intensity="2.849664e-002" type="0"/>
    <Peak1D F1="4.3278" intensity="7.954805e-002" type="0"/>
    <Peak1D F1="4.2653" intensity="2.165314e-002" type="0"/>
    <Peak1D F1="4.2386" intensity="2.444583e-002" type="0"/>
    <Peak1D F1="4.2173" intensity="5.153052e-002" type="0"/>
    <Peak1D F1="4.2089" intensity="4.205206e-002" type="0"/>
    <Peak1D F1="4.2024" intensity="5.760963e-002" type="0"/>
    <Peak1D F1="4.1706" intensity="1.500000e+001" type="0"/>
    <Peak1D F1="4.1410" intensity="4.295539e-002" type="0"/>
    <Peak1D F1="4.1260" intensity="2.064251e-002" type="0"/>
    <Peak1D F1="4.1213" intensity="2.214711e-002" type="0"/>
    <Peak1D F1="4.0095" intensity="8.529664e-002" type="0"/>
    <Peak1D F1="3.5722" intensity="1.977196e-002" type="0"/>
    <Peak1D F1="2.4022" intensity="5.959233e-002" type="0"/>
    <Peak1D F1="2.3526" intensity="1.973272e-002" type="0"/>
    <Peak1D F1="2.2958" intensity="2.039200e-001" type="0"/>
    <Peak1D F1="2.2686" intensity="3.234744e-002" type="0"/>
    <Peak1D F1="2.2670" intensity="3.205971e-002" type="0"/>
    <Peak1D F1="2.2585" intensity="2.194452e-002" type="0"/>
    <Peak1D F1="2.2450" intensity="4.282018e-002" type="0"/>
    <Peak1D F1="2.2092" intensity="2.335426e-002" type="0"/>
    <Peak1D F1="2.1994" intensity="2.991056e-002" type="0"/>
    <Peak1D F1="2.1817" intensity="4.722436e-001" type="0"/>
    <Peak1D F1="2.1620" intensity="5.361147e-002" type="0"/>
    <Peak1D F1="2.1077" intensity="3.043121e-001" type="0"/>
    <Peak1D F1="2.0859" intensity="1.765101e-001" type="0"/>
    <Peak1D F1="2.0549" intensity="4.997224e-002" type="0"/>
    <Peak1D F1="1.9646" intensity="4.263755e-002" type="0"/>
    <Peak1D F1="1.7080" intensity="2.174253e-002" type="0"/>
    <Peak1D F1="1.6791" intensity="2.657500e-002" type="0"/>
    <Peak1D F1="1.6596" intensity="2.918191e-002" type="0"/>
    <Peak1D F1="1.6552" intensity="2.923748e-002" type="0"/>
    <Peak1D F1="1.6420" intensity="3.513765e-002" type="0"/>
    <Peak1D F1="1.6404" intensity="3.088605e-002" type="0"/>
    <Peak1D F1="1.6207" intensity="3.272444e-002" type="0"/>
    <Peak1D F1="1.6062" intensity="4.017802e-002" type="0"/>
    <Peak1D F1="1.6032" intensity="3.611062e-002" type="0"/>
    <Peak1D F1="1.5936" intensity="3.518183e-002" type="0"/>
    <Peak1D F1="1.5730" intensity="4.497930e-002" type="0"/>
    <Peak1D F1="1.5365" intensity="9.578667e-002" type="0"/>
    <Peak1D F1="1.4873" intensity="1.031671e+000" type="0"/>
    <Peak1D F1="1.4636" intensity="2.909098e-001" type="0"/>
    <Peak1D F1="1.4192" intensity="5.567282e-002" type="0"/>
    <Peak1D F1="1.4124" intensity="5.584264e-002" type="0"/>
    <Peak1D F1="1.3996" intensity="4.233302e-002" type="0"/>
    <Peak1D F1="1.3929" intensity="4.635959e-002" type="0"/>
    <Peak1D F1="1.3737" intensity="3.590361e-002" type="0"/>
    <Peak1D F1="1.3700" intensity="3.272911e-002" type="0"/>
    <Peak1D F1="1.3477" intensity="3.610661e-002" type="0"/>
    <Peak1D F1="1.3370" intensity="3.562827e-002" type="0"/>
    <Peak1D F1="1.3281" intensity="3.625631e-002" type="0"/>
    <Peak1D F1="1.3178" intensity="4.726788e-002" type="0"/>
    <Peak1D F1="1.3063" intensity="3.543374e-002" type="0"/>
    <Peak1D F1="1.3014" intensity="3.768585e-002" type="0"/>
    <Peak1D F1="1.2892" intensity="3.682477e-002" type="0"/>
    <Peak1D F1="1.2816" intensity="4.224411e-002" type="0"/>
    <Peak1D F1="1.2735" intensity="3.955590e-002" type="0"/>
    <Peak1D F1="1.2611" intensity="5.172343e-002" type="0"/>
    <Peak1D F1="1.2523" intensity="5.080906e-002" type="0"/>
    <Peak1D F1="1.2335" intensity="6.662938e-002" type="0"/>
    <Peak1D F1="1.2306" intensity="7.106545e-002" type="0"/>
    <Peak1D F1="1.2283" intensity="6.981892e-002" type="0"/>
    <Peak1D F1="1.2217" intensity="7.504491e-002" type="0"/>
    <Peak1D F1="1.2093" intensity="1.575876e-001" type="0"/>
    <Peak1D F1="1.1961" intensity="1.283237e-001" type="0"/>
    <Peak1D F1="1.1901" intensity="1.894661e-001" type="0"/>
    <Peak1D F1="1.1805" intensity="5.038098e-001" type="0"/>
    <Peak1D F1="1.1618" intensity="5.673091e-002" type="0"/>
    <Peak1D F1="1.1433" intensity="3.826346e-002" type="0"/>
    <Peak1D F1="1.1404" intensity="4.115771e-002" type="0"/>
    <Peak1D F1="1.1350" intensity="3.638780e-002" type="0"/>
    <Peak1D F1="1.1277" intensity="3.944791e-002" type="0"/>
    <Peak1D F1="1.1149" intensity="3.551682e-002" type="0"/>
    <Peak1D F1="1.1097" intensity="2.983743e-002" type="0"/>
    <Peak1D F1="1.1028" intensity="2.664693e-002" type="0"/>
    <Peak1D F1="1.1011" intensity="2.951982e-002" type="0"/>
    <Peak1D F1="1.0803" intensity="2.289608e-002" type="0"/>
    <Peak1D F1="1.0713" intensity="2.694216e-002" type="0"/>
    <Peak1D F1="1.0637" intensity="3.158134e-002" type="0"/>
    <Peak1D F1="1.0486" intensity="2.951538e-002" type="0"/>
    <Peak1D F1="1.0317" intensity="2.708774e-002" type="0"/>
    <Peak1D F1="1.0216" intensity="2.102883e-002" type="0"/>
    <Peak1D F1="1.0191" intensity="2.244237e-002" type="0"/>
    <Peak1D F1="1.0133" intensity="2.257831e-002" type="0"/>
    <Peak1D F1="1.0055" intensity="1.967806e-002" type="0"/>
    <Peak1D F1="0.9681" intensity="2.025775e-002" type="0"/>
    <Peak1D F1="0.9184" intensity="2.681420e-002" type="0"/>
    <Peak1D F1="0.9083" intensity="2.065411e-002" type="0"/>
    <Peak1D F1="0.9018" intensity="3.068662e-002" type="0"/>
    <Peak1D F1="0.8906" intensity="1.944877e-002" type="0"/>
    <Peak1D F1="0.8428" intensity="2.493084e-002" type="0"/>
    <Peak1D F1="0.8378" intensity="2.598140e-002" type="0"/>
    <Peak1D F1="0.8113" intensity="1.083702e-001" type="0"/>
    <Peak1D F1="0.8086" intensity="1.091559e-001" type="0"/>
    <Peak1D F1="0.8068" intensity="1.203879e-001" type="0"/>
    <Peak1D F1="0.7954" intensity="1.330808e-001" type="0"/>
    <Peak1D F1="0.7889" intensity="1.085635e-001" type="0"/>
    <Peak1D F1="0.7770" intensity="1.059190e-001" type="0"/>
    <Peak1D F1="0.7650" intensity="8.263126e-002" type="0"/>
    <Peak1D F1="0.7595" intensity="1.139271e-001" type="0"/>
    <Peak1D F1="0.7429" intensity="5.286351e-002" type="0"/>
    <Peak1D F1="0.7094" intensity="4.422004e-002" type="0"/>
    <Peak1D F1="0.6928" intensity="6.024657e-002" type="0"/>
    <Peak1D F1="0.6767" intensity="3.272366e-002" type="0"/>
    <Peak1D F1="0.0090" intensity="3.202520e-002" type="0"/>
    <Peak1D F1="-0.0001" intensity="4.302962e-001" type="0"/>
    <Peak1D F1="-0.0085" intensity="2.344365e-002" type="0"/>
  </PeakList1D>
</PeakList>
