<?xml version="1.0" encoding="UTF-8"?>
<PeakList modified="2020-02-03T19:29:45">
  <PeakList1D>
    <PeakList1DHeader creator="Dell" date="2020-02-03T19:27:55" expNo="3" name="SDT516" owner="" procNo="1" source="C:/Users/Dell/Desktop/NMR/E synthesis">
      <PeakPickDetails>F1=123.537926ppm, F2=100.820793ppm, MI=1.76cm, MAXI=13.55cm, PC=1.400
      </PeakPickDetails>
    </PeakList1DHeader>
    <Peak1D F1="120.148254" intensity="7.964382" type="0"/>
    <Peak1D F1="115.855423" intensity="7.793514" type="0"/>
    <Peak1D F1="111.473915" intensity="7.499962" type="0"/>
    <Peak1D F1="109.865715" intensity="6.167417" type="0"/>
    <Peak1D F1="109.580383" intensity="7.406074" type="0"/>
  </PeakList1D>
  <PeakList1D>
    <PeakList1DHeader creator="Dell" date="2020-02-03T19:27:55" expNo="3" name="SDT516" owner="" procNo="1" source="C:/Users/Dell/Desktop/NMR/E synthesis">
      <PeakPickDetails>F1=61.011726ppm, F2=47.381447ppm, MI=3.39cm, MAXI=20.21cm, PC=1.400
      </PeakPickDetails>
    </PeakList1DHeader>
    <Peak1D F1="56.088215" intensity="10.70321" type="0"/>
    <Peak1D F1="56.062313" intensity="13.71247" type="0"/>
    <Peak1D F1="56.056625" intensity="15.0" type="0"/>
  </PeakList1D>
  <PeakList1D>
    <PeakList1DHeader creator="Dell@Dell-PC" date="2020-02-03T19:28:56" expNo="3" name="SDT516" owner="Dell" procNo="1" source="C:/Users/Dell/Desktop/NMR/E synthesis">
      <PeakPickDetails>Manually picked peaks
</PeakPickDetails>
    </PeakList1DHeader>
    <Peak1D F1="66.85880980850631" intensity="-8.564920935245004" type="1"/>
    <Peak1D F1="57.820390111898675" intensity="-2.106595401595279" type="1"/>
    <Peak1D F1="55.82741656511295" intensity="-2.625037676968935" type="1"/>
    <Peak1D F1="51.1818585691352" intensity="-4.492492566613728" type="1"/>
    <Peak1D F1="26.108404333175507" intensity="-2.8029406243561854" type="1"/>
    <Peak1D F1="25.923038651291723" intensity="-7.545070793214818" type="1"/>
  </PeakList1D>
  <PeakList1D>
    <PeakList1DHeader creator="Dell@Dell-PC" date="2020-02-03T19:29:47" expNo="3" name="SDT516" owner="Dell" procNo="1" source="C:/Users/Dell/Desktop/NMR/E synthesis">
      <PeakPickDetails>Manually picked peaks
</PeakPickDetails>
    </PeakList1DHeader>
    <Peak1D F1="28.79877304010462" intensity="-1.5284621271954415" type="1"/>
  </PeakList1D>
</PeakList>
