<?xml version="1.0" encoding="UTF-8"?>
<PeakList>
  <PeakList1D>
    <PeakList1DHeader creator="nmr" date="2020-04-02T16:07:53.662+08:00" expNo="20" name="xjb-xq-1" owner="" procNo="1" source="D:/he/data/chengfeixiang/nmr">
      <PeakPickDetails>F1=16.198750ppm, F2=-3.826794ppm, MI=0.00cm, MAXI=10000.00cm, PC=1.000
      </PeakPickDetails>
    </PeakList1DHeader>
    <Peak1D F1="15.818790" intensity="3.196001e-003" type="0"/>
    <Peak1D F1="15.660454" intensity="3.090170e-003" type="0"/>
    <Peak1D F1="11.770429" intensity="3.380259e-003" type="0"/>
    <Peak1D F1="11.347790" intensity="3.228605e-003" type="0"/>
    <Peak1D F1="11.081854" intensity="3.242529e-003" type="0"/>
    <Peak1D F1="10.938945" intensity="3.138791e-003" type="0"/>
    <Peak1D F1="10.857733" intensity="4.176824e-003" type="0"/>
    <Peak1D F1="9.917105" intensity="3.267403e-003" type="0"/>
    <Peak1D F1="9.519562" intensity="8.293941e-003" type="0"/>
    <Peak1D F1="9.497771" intensity="6.566985e-003" type="0"/>
    <Peak1D F1="9.452407" intensity="1.217460e-002" type="0"/>
    <Peak1D F1="8.943271" intensity="4.947352e-003" type="0"/>
    <Peak1D F1="8.893124" intensity="1.529065e-002" type="0"/>
    <Peak1D F1="8.668172" intensity="3.420616e+000" type="0"/>
    <Peak1D F1="8.518163" intensity="7.152159e-003" type="0"/>
    <Peak1D F1="8.513695" intensity="6.400371e-003" type="0"/>
    <Peak1D F1="8.438774" intensity="2.054349e-002" type="0"/>
    <Peak1D F1="8.395940" intensity="8.558403e-003" type="0"/>
    <Peak1D F1="8.297261" intensity="3.737782e-003" type="0"/>
    <Peak1D F1="8.115529" intensity="1.273401e-002" type="0"/>
    <Peak1D F1="8.040367" intensity="8.880472e-003" type="0"/>
    <Peak1D F1="8.022292" intensity="1.000581e-002" type="0"/>
    <Peak1D F1="7.925741" intensity="2.200126e+000" type="0"/>
    <Peak1D F1="7.921444" intensity="2.210176e+000" type="0"/>
    <Peak1D F1="7.912075" intensity="2.599948e+000" type="0"/>
    <Peak1D F1="7.894348" intensity="1.347002e+000" type="0"/>
    <Peak1D F1="7.749916" intensity="1.193774e-002" type="0"/>
    <Peak1D F1="7.708696" intensity="2.117863e-002" type="0"/>
    <Peak1D F1="7.628377" intensity="1.688771e-002" type="0"/>
    <Peak1D F1="7.619795" intensity="1.723563e-002" type="0"/>
    <Peak1D F1="7.602799" intensity="1.307223e-002" type="0"/>
    <Peak1D F1="7.572880" intensity="2.567723e-002" type="0"/>
    <Peak1D F1="7.556133" intensity="7.161151e-002" type="0"/>
    <Peak1D F1="7.428079" intensity="3.029032e+000" type="0"/>
    <Peak1D F1="7.415640" intensity="3.009017e+000" type="0"/>
    <Peak1D F1="7.397939" intensity="1.665117e+000" type="0"/>
    <Peak1D F1="7.378791" intensity="3.205347e+000" type="0"/>
    <Peak1D F1="7.365543" intensity="5.434454e+000" type="0"/>
    <Peak1D F1="7.356024" intensity="4.416873e+000" type="0"/>
    <Peak1D F1="7.348954" intensity="5.033145e+000" type="0"/>
    <Peak1D F1="7.333435" intensity="1.523707e+000" type="0"/>
    <Peak1D F1="7.325708" intensity="1.809080e+000" type="0"/>
    <Peak1D F1="7.296703" intensity="8.821785e+000" type="0"/>
    <Peak1D F1="7.219346" intensity="5.151468e-002" type="0"/>
    <Peak1D F1="7.204501" intensity="4.895730e-002" type="0"/>
    <Peak1D F1="7.153666" intensity="4.793565e-002" type="0"/>
    <Peak1D F1="7.032071" intensity="5.754734e-002" type="0"/>
    <Peak1D F1="6.992037" intensity="1.320731e-002" type="0"/>
    <Peak1D F1="6.965290" intensity="1.383475e-002" type="0"/>
    <Peak1D F1="6.952661" intensity="1.420502e-002" type="0"/>
    <Peak1D F1="6.903312" intensity="9.969644e-003" type="0"/>
    <Peak1D F1="6.851155" intensity="6.709478e-003" type="0"/>
    <Peak1D F1="6.821105" intensity="6.661513e-003" type="0"/>
    <Peak1D F1="6.742566" intensity="1.783652e-002" type="0"/>
    <Peak1D F1="6.720021" intensity="2.307254e-002" type="0"/>
    <Peak1D F1="6.696928" intensity="1.849884e-002" type="0"/>
    <Peak1D F1="6.663404" intensity="1.795069e-002" type="0"/>
    <Peak1D F1="6.649622" intensity="1.844650e-002" type="0"/>
    <Peak1D F1="6.637619" intensity="1.925516e-002" type="0"/>
    <Peak1D F1="6.529863" intensity="1.704229e+000" type="0"/>
    <Peak1D F1="6.510911" intensity="3.409434e+000" type="0"/>
    <Peak1D F1="6.499304" intensity="1.599984e+000" type="0"/>
    <Peak1D F1="6.489056" intensity="2.320915e+000" type="0"/>
    <Peak1D F1="6.363482" intensity="1.151404e-002" type="0"/>
    <Peak1D F1="6.301965" intensity="3.463551e-002" type="0"/>
    <Peak1D F1="6.276349" intensity="1.992791e-002" type="0"/>
    <Peak1D F1="6.234669" intensity="1.133831e-002" type="0"/>
    <Peak1D F1="6.225301" intensity="1.304489e-002" type="0"/>
    <Peak1D F1="6.206586" intensity="1.386696e-002" type="0"/>
    <Peak1D F1="6.113358" intensity="3.448889e+000" type="0"/>
    <Peak1D F1="6.097942" intensity="2.887652e+000" type="0"/>
    <Peak1D F1="6.037252" intensity="2.856136e-002" type="0"/>
    <Peak1D F1="5.975268" intensity="1.165638e-002" type="0"/>
    <Peak1D F1="5.904009" intensity="2.251615e-002" type="0"/>
    <Peak1D F1="5.888904" intensity="2.003507e-002" type="0"/>
    <Peak1D F1="5.834552" intensity="7.734925e-003" type="0"/>
    <Peak1D F1="5.807324" intensity="5.881746e-003" type="0"/>
    <Peak1D F1="5.760163" intensity="3.509579e-003" type="0"/>
    <Peak1D F1="5.715933" intensity="3.293189e-003" type="0"/>
    <Peak1D F1="5.450322" intensity="5.117056e-003" type="0"/>
    <Peak1D F1="5.397276" intensity="4.892478e-003" type="0"/>
    <Peak1D F1="5.342489" intensity="1.291330e-002" type="0"/>
    <Peak1D F1="4.853035" intensity="3.514458e-003" type="0"/>
    <Peak1D F1="4.558732" intensity="4.211687e-003" type="0"/>
    <Peak1D F1="4.145028" intensity="6.927565e-002" type="0"/>
    <Peak1D F1="4.128141" intensity="2.615229e-001" type="0"/>
    <Peak1D F1="4.120190" intensity="1.924622e-001" type="0"/>
    <Peak1D F1="4.110843" intensity="4.268425e-001" type="0"/>
    <Peak1D F1="4.102754" intensity="1.871009e-001" type="0"/>
    <Peak1D F1="4.093215" intensity="3.179034e-001" type="0"/>
    <Peak1D F1="4.075708" intensity="8.842698e-002" type="0"/>
    <Peak1D F1="3.886606" intensity="6.730931e-002" type="0"/>
    <Peak1D F1="3.704748" intensity="2.621623e-001" type="0"/>
    <Peak1D F1="3.697137" intensity="2.229297e-001" type="0"/>
    <Peak1D F1="3.687598" intensity="3.799986e-001" type="0"/>
    <Peak1D F1="3.645142" intensity="4.443609e-003" type="0"/>
    <Peak1D F1="3.630942" intensity="3.905640e-003" type="0"/>
    <Peak1D F1="3.597504" intensity="6.785794e-003" type="0"/>
    <Peak1D F1="3.081241" intensity="1.011392e-002" type="0"/>
    <Peak1D F1="3.064689" intensity="1.009823e-002" type="0"/>
    <Peak1D F1="3.046858" intensity="1.765828e-002" type="0"/>
    <Peak1D F1="3.012602" intensity="2.157828e-002" type="0"/>
    <Peak1D F1="2.925985" intensity="2.191640e+000" type="0"/>
    <Peak1D F1="2.910258" intensity="2.005742e+000" type="0"/>
    <Peak1D F1="2.893158" intensity="3.447346e+000" type="0"/>
    <Peak1D F1="2.859529" intensity="2.664396e+000" type="0"/>
    <Peak1D F1="2.838958" intensity="2.244021e+000" type="0"/>
    <Peak1D F1="2.828451" intensity="2.488266e+000" type="0"/>
    <Peak1D F1="2.808018" intensity="2.030194e+000" type="0"/>
    <Peak1D F1="2.795420" intensity="2.404877e+000" type="0"/>
    <Peak1D F1="2.776825" intensity="1.200097e+000" type="0"/>
    <Peak1D F1="2.770600" intensity="1.178797e+000" type="0"/>
    <Peak1D F1="2.763707" intensity="1.367330e+000" type="0"/>
    <Peak1D F1="2.708584" intensity="5.203184e-002" type="0"/>
    <Peak1D F1="2.672196" intensity="4.838563e-002" type="0"/>
    <Peak1D F1="2.640602" intensity="3.986000e-002" type="0"/>
    <Peak1D F1="2.618948" intensity="2.737999e-002" type="0"/>
    <Peak1D F1="2.605310" intensity="2.697576e-002" type="0"/>
    <Peak1D F1="2.560506" intensity="2.018680e-002" type="0"/>
    <Peak1D F1="2.338903" intensity="4.380118e+000" type="0"/>
    <Peak1D F1="2.307383" intensity="5.345223e+000" type="0"/>
    <Peak1D F1="2.267220" intensity="3.816651e+000" type="0"/>
    <Peak1D F1="2.227277" intensity="6.432687e+000" type="0"/>
    <Peak1D F1="2.180742" intensity="3.361138e+000" type="0"/>
    <Peak1D F1="2.131542" intensity="3.512530e+000" type="0"/>
    <Peak1D F1="2.100792" intensity="5.701046e+000" type="0"/>
    <Peak1D F1="2.071050" intensity="3.431839e+000" type="0"/>
    <Peak1D F1="2.059022" intensity="2.582443e+000" type="0"/>
    <Peak1D F1="2.048893" intensity="1.658891e+000" type="0"/>
    <Peak1D F1="2.032790" intensity="3.046262e+000" type="0"/>
    <Peak1D F1="2.019052" intensity="2.525332e+000" type="0"/>
    <Peak1D F1="1.999563" intensity="1.958204e+000" type="0"/>
    <Peak1D F1="1.986420" intensity="2.308582e+000" type="0"/>
    <Peak1D F1="1.952285" intensity="1.788035e+000" type="0"/>
    <Peak1D F1="1.916392" intensity="2.415514e+000" type="0"/>
    <Peak1D F1="1.911715" intensity="2.410891e+000" type="0"/>
    <Peak1D F1="1.880666" intensity="1.932411e+000" type="0"/>
    <Peak1D F1="1.858535" intensity="2.259119e+000" type="0"/>
    <Peak1D F1="1.840188" intensity="2.200280e+000" type="0"/>
    <Peak1D F1="1.818415" intensity="2.095351e+000" type="0"/>
    <Peak1D F1="1.801756" intensity="2.504447e+000" type="0"/>
    <Peak1D F1="1.792400" intensity="2.601587e+000" type="0"/>
    <Peak1D F1="1.784501" intensity="2.574636e+000" type="0"/>
    <Peak1D F1="1.774767" intensity="2.709122e+000" type="0"/>
    <Peak1D F1="1.756912" intensity="1.940991e+000" type="0"/>
    <Peak1D F1="1.728890" intensity="7.172680e-001" type="0"/>
    <Peak1D F1="1.635978" intensity="1.685791e+000" type="0"/>
    <Peak1D F1="1.620372" intensity="1.763664e+000" type="0"/>
    <Peak1D F1="1.600994" intensity="2.509815e+000" type="0"/>
    <Peak1D F1="1.588140" intensity="1.877609e+000" type="0"/>
    <Peak1D F1="1.565601" intensity="1.383476e+000" type="0"/>
    <Peak1D F1="1.523895" intensity="6.054354e-001" type="0"/>
    <Peak1D F1="1.495321" intensity="5.305338e-001" type="0"/>
    <Peak1D F1="1.383608" intensity="1.166373e+001" type="0"/>
    <Peak1D F1="1.376656" intensity="1.114674e+001" type="0"/>
    <Peak1D F1="1.368427" intensity="1.500000e+001" type="0"/>
    <Peak1D F1="1.277905" intensity="9.940062e-001" type="0"/>
    <Peak1D F1="1.260975" intensity="1.647137e+000" type="0"/>
    <Peak1D F1="1.253380" intensity="1.666076e+000" type="0"/>
    <Peak1D F1="1.243861" intensity="2.162761e+000" type="0"/>
    <Peak1D F1="1.226048" intensity="2.120178e+000" type="0"/>
    <Peak1D F1="1.209424" intensity="1.984952e+000" type="0"/>
    <Peak1D F1="1.195127" intensity="2.137163e+000" type="0"/>
    <Peak1D F1="1.180793" intensity="1.903933e+000" type="0"/>
    <Peak1D F1="1.162923" intensity="1.974139e+000" type="0"/>
    <Peak1D F1="1.153903" intensity="1.971990e+000" type="0"/>
    <Peak1D F1="1.138800" intensity="1.888325e+000" type="0"/>
    <Peak1D F1="1.063659" intensity="2.371017e+000" type="0"/>
    <Peak1D F1="1.049320" intensity="2.248672e+000" type="0"/>
    <Peak1D F1="0.980936" intensity="1.041788e+001" type="0"/>
    <Peak1D F1="0.973809" intensity="1.052929e+001" type="0"/>
    <Peak1D F1="0.966178" intensity="1.349196e+001" type="0"/>
    <Peak1D F1="0.879773" intensity="1.659718e-001" type="0"/>
    <Peak1D F1="0.863235" intensity="1.553732e-001" type="0"/>
    <Peak1D F1="0.834476" intensity="2.600433e-001" type="0"/>
    <Peak1D F1="0.818267" intensity="4.799632e-001" type="0"/>
    <Peak1D F1="0.805166" intensity="3.289496e-001" type="0"/>
    <Peak1D F1="0.714854" intensity="7.944246e-002" type="0"/>
    <Peak1D F1="0.564308" intensity="6.710237e+000" type="0"/>
    <Peak1D F1="0.407286" intensity="6.577258e-002" type="0"/>
    <Peak1D F1="0.329394" intensity="1.724439e-002" type="0"/>
    <Peak1D F1="0.271484" intensity="1.192652e-002" type="0"/>
    <Peak1D F1="0.259950" intensity="1.195197e-002" type="0"/>
    <Peak1D F1="0.255660" intensity="1.115840e-002" type="0"/>
    <Peak1D F1="0.204093" intensity="1.323502e-002" type="0"/>
    <Peak1D F1="0.131988" intensity="1.386655e-002" type="0"/>
    <Peak1D F1="0.070828" intensity="8.302374e-001" type="0"/>
    <Peak1D F1="0.064871" intensity="7.955467e-001" type="0"/>
    <Peak1D F1="0.057484" intensity="1.085893e+000" type="0"/>
    <Peak1D F1="-0.000151" intensity="1.106030e+000" type="0"/>
    <Peak1D F1="-0.006240" intensity="8.471838e-001" type="0"/>
    <Peak1D F1="-0.014233" intensity="9.948893e-001" type="0"/>
    <Peak1D F1="-0.078162" intensity="1.003176e-002" type="0"/>
    <Peak1D F1="-0.092006" intensity="1.035308e-002" type="0"/>
    <Peak1D F1="-0.149317" intensity="1.008372e-002" type="0"/>
    <Peak1D F1="-0.161993" intensity="9.103284e-003" type="0"/>
    <Peak1D F1="-0.203972" intensity="4.381965e-003" type="0"/>
    <Peak1D F1="-0.234508" intensity="3.574792e-003" type="0"/>
    <Peak1D F1="-0.324810" intensity="3.332434e-003" type="0"/>
    <Peak1D F1="-0.376716" intensity="3.178436e-003" type="0"/>
    <Peak1D F1="-3.305574" intensity="3.380643e-003" type="0"/>
    <Peak1D F1="-3.482222" intensity="3.356487e-003" type="0"/>
  </PeakList1D>
</PeakList>
