<?xml version="1.0" encoding="UTF-8"?>
<PeakList>
  <PeakList1D>
    <PeakList1DHeader creator="nmr" date="2018-11-16T03:54:32.580-02:00" expNo="14" name="UFSCARBannyMarilia" owner="" procNo="1" source="C:\Bruker\TopSpin3.2\data\Banny">
      <PeakPickDetails>F1=220.050400ppm, F2=-20.050394ppm, MI=0.00cm, MAXI=10000.00cm, PC=1.400
      </PeakPickDetails>
    </PeakList1DHeader>
    <Peak1D F1="136.779343" intensity="3.530648e+000" type="0"/>
    <Peak1D F1="135.350662" intensity="3.825699e+000" type="0"/>
    <Peak1D F1="134.963165" intensity="4.430626e-001" type="0"/>
    <Peak1D F1="130.297516" intensity="3.477418e-001" type="0"/>
    <Peak1D F1="129.781998" intensity="6.463753e-001" type="0"/>
    <Peak1D F1="129.671936" intensity="4.690955e-001" type="0"/>
    <Peak1D F1="129.614365" intensity="4.448134e-001" type="0"/>
    <Peak1D F1="129.455566" intensity="1.318938e+001" type="0"/>
    <Peak1D F1="129.085220" intensity="3.851491e-001" type="0"/>
    <Peak1D F1="128.991058" intensity="3.651988e-001" type="0"/>
    <Peak1D F1="127.296494" intensity="1.500000e+001" type="0"/>
    <Peak1D F1="126.653877" intensity="8.403514e+000" type="0"/>
    <Peak1D F1="126.492104" intensity="3.571786e+000" type="0"/>
    <Peak1D F1="124.365982" intensity="7.808506e+000" type="0"/>
    <Peak1D F1="124.141029" intensity="2.712861e+000" type="0"/>
    <Peak1D F1="120.923111" intensity="9.267365e+000" type="0"/>
    <Peak1D F1="119.377968" intensity="3.970991e-001" type="0"/>
    <Peak1D F1="118.937698" intensity="9.259312e+000" type="0"/>
    <Peak1D F1="117.472885" intensity="2.750367e+000" type="0"/>
    <Peak1D F1="115.326012" intensity="4.825607e-001" type="0"/>
    <Peak1D F1="111.516449" intensity="2.791539e+000" type="0"/>
    <Peak1D F1="111.352249" intensity="7.023572e+000" type="0"/>
    <Peak1D F1="77.255295" intensity="4.354027e+001" type="0"/>
    <Peak1D F1="77.044189" intensity="4.402270e+001" type="0"/>
    <Peak1D F1="76.832657" intensity="4.422870e+001" type="0"/>
    <Peak1D F1="34.366245" intensity="3.628513e-001" type="0"/>
    <Peak1D F1="29.718782" intensity="6.748905e-001" type="0"/>
    <Peak1D F1="13.852770" intensity="7.234158e+000" type="0"/>
    <Peak1D F1="0.017693" intensity="5.711279e-001" type="0"/>
  </PeakList1D>
</PeakList>
