<?xml version="1.0" encoding="UTF-8"?>
<PeakList>
  <PeakList1D>
    <PeakList1DHeader creator="nmr600" date="2019-09-18T13:39:48.581+02:00" expNo="40" name="6Sep1819" owner="" procNo="1" source="/opt/topspin3.0/data/nmr600/nmr">
      <PeakPickDetails>F1=16.356720ppm, F2=-4.193926ppm, MI=0.00cm, MAXI=10000.00cm, PC=1.000
      </PeakPickDetails>
    </PeakList1DHeader>
    <Peak1D F1="11.313291" intensity="3.127037e-03" type="0"/>
    <Peak1D F1="9.989264" intensity="5.695174e-03" type="0"/>
    <Peak1D F1="8.344546" intensity="3.856613e-03" type="0"/>
    <Peak1D F1="8.072433" intensity="3.227773e-03" type="0"/>
    <Peak1D F1="7.885320" intensity="3.116248e-03" type="0"/>
    <Peak1D F1="7.823153" intensity="3.745666e-03" type="0"/>
    <Peak1D F1="7.738565" intensity="3.477477e-03" type="0"/>
    <Peak1D F1="7.729348" intensity="4.218569e-03" type="0"/>
    <Peak1D F1="7.695944" intensity="4.642399e-03" type="0"/>
    <Peak1D F1="7.666985" intensity="3.513285e-02" type="0"/>
    <Peak1D F1="7.657379" intensity="4.225957e-02" type="0"/>
    <Peak1D F1="7.652698" intensity="6.141769e-02" type="0"/>
    <Peak1D F1="7.645537" intensity="6.060425e-02" type="0"/>
    <Peak1D F1="7.599540" intensity="1.036657e-02" type="0"/>
    <Peak1D F1="7.582794" intensity="4.138769e-03" type="0"/>
    <Peak1D F1="7.529643" intensity="5.531446e-03" type="0"/>
    <Peak1D F1="7.504364" intensity="5.511125e-03" type="0"/>
    <Peak1D F1="7.462348" intensity="4.491362e-02" type="0"/>
    <Peak1D F1="7.458559" intensity="4.531169e-02" type="0"/>
    <Peak1D F1="7.413717" intensity="7.752040e-03" type="0"/>
    <Peak1D F1="7.399845" intensity="9.317514e-03" type="0"/>
    <Peak1D F1="7.361308" intensity="5.596878e-02" type="0"/>
    <Peak1D F1="7.343366" intensity="2.168406e-02" type="0"/>
    <Peak1D F1="7.330553" intensity="1.970611e-02" type="0"/>
    <Peak1D F1="7.320148" intensity="2.118816e-02" type="0"/>
    <Peak1D F1="7.307772" intensity="3.068647e-02" type="0"/>
    <Peak1D F1="7.295150" intensity="3.855730e-02" type="0"/>
    <Peak1D F1="7.283377" intensity="6.365155e-02" type="0"/>
    <Peak1D F1="7.270307" intensity="6.066620e-02" type="0"/>
    <Peak1D F1="7.253685" intensity="5.407696e-02" type="0"/>
    <Peak1D F1="7.242505" intensity="6.599263e-02" type="0"/>
    <Peak1D F1="7.225430" intensity="1.150281e+00" type="0"/>
    <Peak1D F1="7.212260" intensity="2.164910e+00" type="0"/>
    <Peak1D F1="7.203379" intensity="4.870150e-01" type="0"/>
    <Peak1D F1="7.198970" intensity="1.516761e+00" type="0"/>
    <Peak1D F1="7.189673" intensity="9.235947e+00" type="0"/>
    <Peak1D F1="7.178750" intensity="2.272134e+00" type="0"/>
    <Peak1D F1="7.170704" intensity="9.949455e-01" type="0"/>
    <Peak1D F1="7.166851" intensity="2.818747e+00" type="0"/>
    <Peak1D F1="7.147570" intensity="4.147143e+00" type="0"/>
    <Peak1D F1="7.135279" intensity="2.321117e+00" type="0"/>
    <Peak1D F1="7.126842" intensity="3.990922e-01" type="0"/>
    <Peak1D F1="7.122084" intensity="3.393758e-01" type="0"/>
    <Peak1D F1="7.119739" intensity="4.447284e-01" type="0"/>
    <Peak1D F1="7.117212" intensity="3.122862e-01" type="0"/>
    <Peak1D F1="7.113028" intensity="2.446914e-01" type="0"/>
    <Peak1D F1="7.101155" intensity="2.018670e-01" type="0"/>
    <Peak1D F1="7.088602" intensity="5.174629e-02" type="0"/>
    <Peak1D F1="7.085929" intensity="4.037232e-02" type="0"/>
    <Peak1D F1="7.076621" intensity="3.188037e-02" type="0"/>
    <Peak1D F1="7.064057" intensity="2.592250e-02" type="0"/>
    <Peak1D F1="7.053881" intensity="2.328843e-02" type="0"/>
    <Peak1D F1="7.042056" intensity="2.186077e-02" type="0"/>
    <Peak1D F1="7.029317" intensity="1.398238e-02" type="0"/>
    <Peak1D F1="7.012850" intensity="6.059936e-02" type="0"/>
    <Peak1D F1="6.998610" intensity="1.894216e-02" type="0"/>
    <Peak1D F1="6.985970" intensity="9.878315e-03" type="0"/>
    <Peak1D F1="6.967672" intensity="5.206645e-03" type="0"/>
    <Peak1D F1="6.955831" intensity="6.007748e-03" type="0"/>
    <Peak1D F1="6.941781" intensity="7.909568e-03" type="0"/>
    <Peak1D F1="6.931823" intensity="1.961404e-02" type="0"/>
    <Peak1D F1="6.927508" intensity="1.961064e-02" type="0"/>
    <Peak1D F1="6.917249" intensity="1.843817e-02" type="0"/>
    <Peak1D F1="6.912871" intensity="2.198109e-02" type="0"/>
    <Peak1D F1="6.895432" intensity="1.544415e-02" type="0"/>
    <Peak1D F1="6.880881" intensity="1.176225e-02" type="0"/>
    <Peak1D F1="6.865364" intensity="6.097652e-03" type="0"/>
    <Peak1D F1="6.840992" intensity="1.091234e-02" type="0"/>
    <Peak1D F1="6.826660" intensity="1.054697e-02" type="0"/>
    <Peak1D F1="6.779384" intensity="1.594401e+00" type="0"/>
    <Peak1D F1="6.765561" intensity="2.662650e+00" type="0"/>
    <Peak1D F1="6.750864" intensity="1.552879e+00" type="0"/>
    <Peak1D F1="6.739964" intensity="1.480411e-01" type="0"/>
    <Peak1D F1="6.726305" intensity="1.178731e-01" type="0"/>
    <Peak1D F1="6.704116" intensity="5.071281e-03" type="0"/>
    <Peak1D F1="6.685831" intensity="6.907013e-03" type="0"/>
    <Peak1D F1="6.652644" intensity="1.226347e-01" type="0"/>
    <Peak1D F1="6.639980" intensity="1.145637e-01" type="0"/>
    <Peak1D F1="6.631052" intensity="2.020187e-02" type="0"/>
    <Peak1D F1="6.617375" intensity="9.997620e-03" type="0"/>
    <Peak1D F1="6.595159" intensity="3.778221e-03" type="0"/>
    <Peak1D F1="6.580410" intensity="7.843174e-03" type="0"/>
    <Peak1D F1="6.576219" intensity="8.416038e-03" type="0"/>
    <Peak1D F1="6.541991" intensity="1.364099e-02" type="0"/>
    <Peak1D F1="6.300844" intensity="4.347783e-03" type="0"/>
    <Peak1D F1="6.202056" intensity="7.274668e-01" type="0"/>
    <Peak1D F1="6.132827" intensity="1.063657e-02" type="0"/>
    <Peak1D F1="6.068229" intensity="5.817550e-03" type="0"/>
    <Peak1D F1="5.504536" intensity="6.572426e-03" type="0"/>
    <Peak1D F1="5.372673" intensity="1.351202e-02" type="0"/>
    <Peak1D F1="5.304214" intensity="7.023672e-03" type="0"/>
    <Peak1D F1="5.294490" intensity="7.857559e-03" type="0"/>
    <Peak1D F1="5.285965" intensity="1.050574e-02" type="0"/>
    <Peak1D F1="5.276236" intensity="1.669340e-02" type="0"/>
    <Peak1D F1="5.271855" intensity="1.666302e-02" type="0"/>
    <Peak1D F1="5.261869" intensity="1.273016e-02" type="0"/>
    <Peak1D F1="5.227779" intensity="2.469220e+00" type="0"/>
    <Peak1D F1="5.209251" intensity="2.031017e-02" type="0"/>
    <Peak1D F1="5.197228" intensity="5.805336e-03" type="0"/>
    <Peak1D F1="5.160367" intensity="4.260440e-03" type="0"/>
    <Peak1D F1="5.131016" intensity="1.242415e-02" type="0"/>
    <Peak1D F1="5.097292" intensity="2.284670e+00" type="0"/>
    <Peak1D F1="5.077367" intensity="2.941678e-02" type="0"/>
    <Peak1D F1="4.998922" intensity="3.605625e-03" type="0"/>
    <Peak1D F1="4.981802" intensity="1.340400e-02" type="0"/>
    <Peak1D F1="4.926581" intensity="4.646844e-03" type="0"/>
    <Peak1D F1="4.818778" intensity="6.691529e-02" type="0"/>
    <Peak1D F1="4.733601" intensity="4.056509e-03" type="0"/>
    <Peak1D F1="4.713439" intensity="1.464097e-01" type="0"/>
    <Peak1D F1="4.697431" intensity="1.286790e-02" type="0"/>
    <Peak1D F1="4.664732" intensity="6.345971e-03" type="0"/>
    <Peak1D F1="4.637677" intensity="9.052410e-03" type="0"/>
    <Peak1D F1="4.567293" intensity="5.569807e-02" type="0"/>
    <Peak1D F1="4.559868" intensity="7.669781e-02" type="0"/>
    <Peak1D F1="4.549187" intensity="1.230217e+00" type="0"/>
    <Peak1D F1="4.523077" intensity="1.471503e+00" type="0"/>
    <Peak1D F1="4.469305" intensity="6.861368e-03" type="0"/>
    <Peak1D F1="4.443773" intensity="8.144010e-03" type="0"/>
    <Peak1D F1="4.430464" intensity="8.278547e-03" type="0"/>
    <Peak1D F1="4.405558" intensity="7.460173e-03" type="0"/>
    <Peak1D F1="4.381460" intensity="5.664093e-03" type="0"/>
    <Peak1D F1="4.373474" intensity="6.774879e-03" type="0"/>
    <Peak1D F1="4.356453" intensity="9.910722e-02" type="0"/>
    <Peak1D F1="4.328390" intensity="7.482042e-02" type="0"/>
    <Peak1D F1="4.287699" intensity="2.763583e-02" type="0"/>
    <Peak1D F1="4.268003" intensity="1.066013e+00" type="0"/>
    <Peak1D F1="4.259960" intensity="1.072680e+00" type="0"/>
    <Peak1D F1="4.241845" intensity="9.205611e-01" type="0"/>
    <Peak1D F1="4.233809" intensity="8.934453e-01" type="0"/>
    <Peak1D F1="4.177885" intensity="6.488786e-03" type="0"/>
    <Peak1D F1="4.150059" intensity="8.752996e-03" type="0"/>
    <Peak1D F1="4.141337" intensity="1.223005e-02" type="0"/>
    <Peak1D F1="4.131567" intensity="5.620948e-02" type="0"/>
    <Peak1D F1="4.126288" intensity="5.336788e-02" type="0"/>
    <Peak1D F1="4.115547" intensity="7.895190e-03" type="0"/>
    <Peak1D F1="4.088125" intensity="3.339477e-03" type="0"/>
    <Peak1D F1="4.069834" intensity="1.188397e-02" type="0"/>
    <Peak1D F1="4.057518" intensity="3.219642e-02" type="0"/>
    <Peak1D F1="4.045622" intensity="3.281293e-02" type="0"/>
    <Peak1D F1="4.033868" intensity="1.237222e-02" type="0"/>
    <Peak1D F1="4.011314" intensity="7.797426e-03" type="0"/>
    <Peak1D F1="3.999403" intensity="6.304068e-03" type="0"/>
    <Peak1D F1="3.983322" intensity="5.968227e-03" type="0"/>
    <Peak1D F1="3.950963" intensity="6.437404e-03" type="0"/>
    <Peak1D F1="3.924837" intensity="7.739356e-03" type="0"/>
    <Peak1D F1="3.914091" intensity="5.094653e-03" type="0"/>
    <Peak1D F1="3.905086" intensity="4.537357e-03" type="0"/>
    <Peak1D F1="3.873447" intensity="8.284852e-03" type="0"/>
    <Peak1D F1="3.864946" intensity="1.596167e-02" type="0"/>
    <Peak1D F1="3.834791" intensity="4.910817e-02" type="0"/>
    <Peak1D F1="3.829466" intensity="1.911321e-02" type="0"/>
    <Peak1D F1="3.807047" intensity="9.782812e-01" type="0"/>
    <Peak1D F1="3.798063" intensity="9.426289e-02" type="0"/>
    <Peak1D F1="3.776180" intensity="2.212630e-01" type="0"/>
    <Peak1D F1="3.761230" intensity="5.403024e-02" type="0"/>
    <Peak1D F1="3.757315" intensity="3.140258e-02" type="0"/>
    <Peak1D F1="3.753671" intensity="2.310443e-02" type="0"/>
    <Peak1D F1="3.749411" intensity="1.913671e-02" type="0"/>
    <Peak1D F1="3.743507" intensity="1.124899e-02" type="0"/>
    <Peak1D F1="3.713671" intensity="4.813312e-02" type="0"/>
    <Peak1D F1="3.680305" intensity="1.500000e+01" type="0"/>
    <Peak1D F1="3.649627" intensity="4.939520e-02" type="0"/>
    <Peak1D F1="3.646981" intensity="5.096647e-02" type="0"/>
    <Peak1D F1="3.626144" intensity="3.497755e-02" type="0"/>
    <Peak1D F1="3.600459" intensity="1.363735e-02" type="0"/>
    <Peak1D F1="3.557868" intensity="7.884239e-02" type="0"/>
    <Peak1D F1="3.525526" intensity="6.887013e-03" type="0"/>
    <Peak1D F1="3.510110" intensity="5.359194e-03" type="0"/>
    <Peak1D F1="3.473528" intensity="4.263243e-03" type="0"/>
    <Peak1D F1="3.422888" intensity="2.697150e-02" type="0"/>
    <Peak1D F1="3.414303" intensity="2.776986e-02" type="0"/>
    <Peak1D F1="3.390705" intensity="3.980413e-03" type="0"/>
    <Peak1D F1="3.356850" intensity="4.108980e-03" type="0"/>
    <Peak1D F1="3.309101" intensity="4.198639e-03" type="0"/>
    <Peak1D F1="3.199849" intensity="1.310712e-02" type="0"/>
    <Peak1D F1="3.169393" intensity="4.139496e-03" type="0"/>
    <Peak1D F1="3.082870" intensity="1.595555e-02" type="0"/>
    <Peak1D F1="2.996300" intensity="3.286368e-03" type="0"/>
    <Peak1D F1="2.260511" intensity="4.359914e-03" type="0"/>
    <Peak1D F1="2.237770" intensity="4.405141e-03" type="0"/>
    <Peak1D F1="2.205071" intensity="1.234175e-02" type="0"/>
    <Peak1D F1="2.198605" intensity="9.402483e-03" type="0"/>
    <Peak1D F1="2.192693" intensity="1.090137e-02" type="0"/>
    <Peak1D F1="2.181226" intensity="1.648009e-02" type="0"/>
    <Peak1D F1="2.169655" intensity="7.370828e-03" type="0"/>
    <Peak1D F1="2.157139" intensity="1.742989e-02" type="0"/>
    <Peak1D F1="2.144859" intensity="2.568305e-02" type="0"/>
    <Peak1D F1="2.131912" intensity="2.263902e-02" type="0"/>
    <Peak1D F1="2.100677" intensity="3.228703e+00" type="0"/>
    <Peak1D F1="1.993467" intensity="1.639941e-02" type="0"/>
    <Peak1D F1="1.974580" intensity="1.346256e-01" type="0"/>
    <Peak1D F1="1.943282" intensity="2.480761e-02" type="0"/>
    <Peak1D F1="1.933993" intensity="2.273433e-02" type="0"/>
    <Peak1D F1="1.893978" intensity="5.755032e-03" type="0"/>
    <Peak1D F1="1.864704" intensity="6.793662e-03" type="0"/>
    <Peak1D F1="1.853637" intensity="3.469305e-03" type="0"/>
    <Peak1D F1="1.811630" intensity="3.442430e-03" type="0"/>
    <Peak1D F1="1.777098" intensity="6.249515e-03" type="0"/>
    <Peak1D F1="1.761126" intensity="4.710112e-03" type="0"/>
    <Peak1D F1="1.670402" intensity="1.395974e-02" type="0"/>
    <Peak1D F1="1.665267" intensity="1.460289e-02" type="0"/>
    <Peak1D F1="1.652136" intensity="1.446572e-02" type="0"/>
    <Peak1D F1="1.640599" intensity="1.460406e-02" type="0"/>
    <Peak1D F1="1.625894" intensity="1.591643e-02" type="0"/>
    <Peak1D F1="1.616215" intensity="1.916698e-02" type="0"/>
    <Peak1D F1="1.603210" intensity="1.428028e-02" type="0"/>
    <Peak1D F1="1.591334" intensity="1.678240e-02" type="0"/>
    <Peak1D F1="1.555848" intensity="3.564153e-02" type="0"/>
    <Peak1D F1="1.522089" intensity="6.845412e+00" type="0"/>
    <Peak1D F1="1.488646" intensity="6.533021e-02" type="0"/>
    <Peak1D F1="1.412215" intensity="2.996221e-02" type="0"/>
    <Peak1D F1="1.385225" intensity="2.254315e-02" type="0"/>
    <Peak1D F1="1.352399" intensity="9.555869e-02" type="0"/>
    <Peak1D F1="1.341572" intensity="2.441734e-02" type="0"/>
    <Peak1D F1="1.328570" intensity="2.279384e-02" type="0"/>
    <Peak1D F1="1.318819" intensity="2.717115e-02" type="0"/>
    <Peak1D F1="1.274421" intensity="8.273677e-02" type="0"/>
    <Peak1D F1="1.263346" intensity="1.869592e-01" type="0"/>
    <Peak1D F1="1.239682" intensity="1.155687e-01" type="0"/>
    <Peak1D F1="1.214290" intensity="2.653267e-01" type="0"/>
    <Peak1D F1="1.200781" intensity="2.093364e-01" type="0"/>
    <Peak1D F1="1.185140" intensity="4.715066e-01" type="0"/>
    <Peak1D F1="1.161759" intensity="9.086020e-02" type="0"/>
    <Peak1D F1="1.150005" intensity="7.741756e-02" type="0"/>
    <Peak1D F1="1.144928" intensity="7.687463e-02" type="0"/>
    <Peak1D F1="1.139730" intensity="7.071675e-02" type="0"/>
    <Peak1D F1="1.106615" intensity="4.473909e-02" type="0"/>
    <Peak1D F1="1.080667" intensity="3.303225e-02" type="0"/>
    <Peak1D F1="1.053046" intensity="2.732995e-02" type="0"/>
    <Peak1D F1="1.036525" intensity="3.047983e-02" type="0"/>
    <Peak1D F1="1.032010" intensity="2.836650e-02" type="0"/>
    <Peak1D F1="1.005934" intensity="2.930838e-02" type="0"/>
    <Peak1D F1="0.995527" intensity="2.973509e-02" type="0"/>
    <Peak1D F1="0.967811" intensity="2.723488e-02" type="0"/>
    <Peak1D F1="0.937571" intensity="2.832834e-02" type="0"/>
    <Peak1D F1="0.920029" intensity="2.971610e-02" type="0"/>
    <Peak1D F1="0.912759" intensity="3.138762e-02" type="0"/>
    <Peak1D F1="0.902763" intensity="2.633205e-02" type="0"/>
    <Peak1D F1="0.868114" intensity="3.282917e-02" type="0"/>
    <Peak1D F1="0.857193" intensity="3.296912e-02" type="0"/>
    <Peak1D F1="0.842735" intensity="3.076709e-02" type="0"/>
    <Peak1D F1="0.822111" intensity="1.188191e-01" type="0"/>
    <Peak1D F1="0.810824" intensity="1.903557e-01" type="0"/>
    <Peak1D F1="0.804895" intensity="1.494524e-01" type="0"/>
    <Peak1D F1="0.800569" intensity="1.860218e-01" type="0"/>
    <Peak1D F1="0.794158" intensity="1.520611e-01" type="0"/>
    <Peak1D F1="0.786307" intensity="1.943775e-01" type="0"/>
    <Peak1D F1="0.774929" intensity="2.829755e-01" type="0"/>
    <Peak1D F1="0.764456" intensity="2.251300e-01" type="0"/>
    <Peak1D F1="0.749365" intensity="1.227294e-01" type="0"/>
    <Peak1D F1="0.738554" intensity="8.302119e-02" type="0"/>
    <Peak1D F1="0.733227" intensity="7.396669e-02" type="0"/>
    <Peak1D F1="0.721687" intensity="5.583582e-02" type="0"/>
    <Peak1D F1="0.714772" intensity="4.125926e-02" type="0"/>
    <Peak1D F1="0.702790" intensity="2.823061e-02" type="0"/>
    <Peak1D F1="0.696522" intensity="2.524445e-02" type="0"/>
    <Peak1D F1="0.685470" intensity="2.321798e-02" type="0"/>
    <Peak1D F1="0.673085" intensity="1.077610e-02" type="0"/>
    <Peak1D F1="0.644068" intensity="9.080703e-03" type="0"/>
    <Peak1D F1="0.578841" intensity="4.089765e-03" type="0"/>
    <Peak1D F1="0.490152" intensity="3.713208e-03" type="0"/>
    <Peak1D F1="0.460077" intensity="3.720398e-03" type="0"/>
    <Peak1D F1="0.360713" intensity="3.153260e-03" type="0"/>
    <Peak1D F1="0.352609" intensity="3.237568e-03" type="0"/>
    <Peak1D F1="0.018069" intensity="4.204424e-03" type="0"/>
    <Peak1D F1="-0.000154" intensity="1.130165e-01" type="0"/>
    <Peak1D F1="-0.017832" intensity="3.786536e-03" type="0"/>
    <Peak1D F1="-0.292871" intensity="3.275765e-03" type="0"/>
  </PeakList1D>
</PeakList>
