<?xml version="1.0" encoding="UTF-8"?>
<PeakList>
  <PeakList1D>
    <PeakList1DHeader creator="nmr600" date="2019-07-19T12:10:24.478+02:00" expNo="61" name="6Jul1919" owner="" procNo="1" source="/opt/topspin3.0/data/nmr600/nmr">
      <PeakPickDetails>F1=219.446198ppm, F2=-19.452496ppm, MI=0.00cm, MAXI=10000.00cm, PC=1.400
      </PeakPickDetails>
    </PeakList1DHeader>
    <Peak1D F1="162.038040" intensity="-1.368791e+00" type="0"/>
    <Peak1D F1="161.895035" intensity="-2.026129e+00" type="0"/>
    <Peak1D F1="161.529907" intensity="-2.424177e-01" type="0"/>
    <Peak1D F1="159.685684" intensity="-2.655073e-01" type="0"/>
    <Peak1D F1="159.397018" intensity="-1.689234e+00" type="0"/>
    <Peak1D F1="155.664627" intensity="-1.387529e+00" type="0"/>
    <Peak1D F1="136.066544" intensity="-2.308502e+00" type="0"/>
    <Peak1D F1="135.671967" intensity="-2.478919e-01" type="0"/>
    <Peak1D F1="134.970932" intensity="-1.601536e+00" type="0"/>
    <Peak1D F1="133.238968" intensity="-2.384089e-01" type="0"/>
    <Peak1D F1="131.584137" intensity="-1.427511e+00" type="0"/>
    <Peak1D F1="130.798096" intensity="-2.128867e+00" type="0"/>
    <Peak1D F1="129.960480" intensity="1.434567e+01" type="0"/>
    <Peak1D F1="129.725372" intensity="2.243912e-01" type="0"/>
    <Peak1D F1="129.631256" intensity="1.042761e+01" type="0"/>
    <Peak1D F1="129.539841" intensity="2.881532e-01" type="0"/>
    <Peak1D F1="129.433243" intensity="5.422768e+00" type="0"/>
    <Peak1D F1="129.370987" intensity="2.314741e-01" type="0"/>
    <Peak1D F1="129.279205" intensity="1.597844e-01" type="0"/>
    <Peak1D F1="128.960602" intensity="6.104797e+00" type="0"/>
    <Peak1D F1="128.670959" intensity="7.252029e-01" type="0"/>
    <Peak1D F1="128.630676" intensity="3.179652e-01" type="0"/>
    <Peak1D F1="128.554810" intensity="6.202514e+00" type="0"/>
    <Peak1D F1="128.495987" intensity="4.883160e+00" type="0"/>
    <Peak1D F1="127.372322" intensity="6.649474e-01" type="0"/>
    <Peak1D F1="127.187111" intensity="1.098940e+01" type="0"/>
    <Peak1D F1="126.755905" intensity="5.689069e-01" type="0"/>
    <Peak1D F1="126.696999" intensity="1.499164e+00" type="0"/>
    <Peak1D F1="126.539734" intensity="1.500000e+01" type="0"/>
    <Peak1D F1="126.427734" intensity="3.954493e-01" type="0"/>
    <Peak1D F1="123.930473" intensity="-2.280607e+00" type="0"/>
    <Peak1D F1="123.796089" intensity="-2.653712e-01" type="0"/>
    <Peak1D F1="121.679291" intensity="-7.638167e-01" type="0"/>
    <Peak1D F1="121.405876" intensity="-1.674947e-01" type="0"/>
    <Peak1D F1="120.833588" intensity="-1.269876e+00" type="0"/>
    <Peak1D F1="119.561234" intensity="-7.185199e-01" type="0"/>
    <Peak1D F1="119.270981" intensity="2.546604e-01" type="0"/>
    <Peak1D F1="118.355743" intensity="4.367367e+00" type="0"/>
    <Peak1D F1="117.443359" intensity="-2.398259e-01" type="0"/>
    <Peak1D F1="115.308617" intensity="5.386296e+00" type="0"/>
    <Peak1D F1="114.637718" intensity="1.463469e-01" type="0"/>
    <Peak1D F1="114.094658" intensity="6.625393e-01" type="0"/>
    <Peak1D F1="113.718803" intensity="1.306895e-01" type="0"/>
    <Peak1D F1="112.977165" intensity="5.640445e-01" type="0"/>
    <Peak1D F1="111.428993" intensity="1.558144e-01" type="0"/>
    <Peak1D F1="111.060387" intensity="1.392959e-01" type="0"/>
    <Peak1D F1="110.550140" intensity="6.064576e+00" type="0"/>
    <Peak1D F1="110.019386" intensity="4.934445e+00" type="0"/>
    <Peak1D F1="109.113754" intensity="2.208484e-01" type="0"/>
    <Peak1D F1="77.277107" intensity="-7.244080e+00" type="0"/>
    <Peak1D F1="77.064980" intensity="-7.948027e+00" type="0"/>
    <Peak1D F1="76.853111" intensity="-8.001695e+00" type="0"/>
    <Peak1D F1="55.846786" intensity="1.367633e-01" type="0"/>
    <Peak1D F1="55.702724" intensity="8.575856e+00" type="0"/>
    <Peak1D F1="55.528206" intensity="1.411092e+00" type="0"/>
    <Peak1D F1="55.479462" intensity="1.190223e+01" type="0"/>
    <Peak1D F1="55.153465" intensity="2.969364e-01" type="0"/>
    <Peak1D F1="55.100891" intensity="1.887765e-01" type="0"/>
    <Peak1D F1="53.468792" intensity="-1.727727e+00" type="0"/>
    <Peak1D F1="49.856297" intensity="-9.070766e+00" type="0"/>
    <Peak1D F1="49.815701" intensity="-7.998898e+00" type="0"/>
    <Peak1D F1="49.664433" intensity="-3.775503e-01" type="0"/>
    <Peak1D F1="49.234856" intensity="-1.267116e+01" type="0"/>
    <Peak1D F1="47.697678" intensity="5.837760e-01" type="0"/>
    <Peak1D F1="47.126175" intensity="2.979736e-01" type="0"/>
    <Peak1D F1="46.977871" intensity="5.592568e+00" type="0"/>
    <Peak1D F1="45.420742" intensity="-8.150895e+00" type="0"/>
    <Peak1D F1="45.272369" intensity="-6.086113e+00" type="0"/>
    <Peak1D F1="44.830048" intensity="-8.498193e-01" type="0"/>
    <Peak1D F1="41.328533" intensity="5.367271e+00" type="0"/>
    <Peak1D F1="41.123440" intensity="-3.481293e-01" type="0"/>
    <Peak1D F1="35.505772" intensity="-1.765497e-01" type="0"/>
    <Peak1D F1="30.937735" intensity="1.078501e+00" type="0"/>
    <Peak1D F1="25.297464" intensity="-9.703252e+00" type="0"/>
    <Peak1D F1="25.271635" intensity="-7.241395e+00" type="0"/>
    <Peak1D F1="24.967037" intensity="-1.679128e-01" type="0"/>
    <Peak1D F1="24.799454" intensity="-6.953412e+00" type="0"/>
    <Peak1D F1="24.750242" intensity="-9.706383e+00" type="0"/>
    <Peak1D F1="24.666698" intensity="-4.376528e-01" type="0"/>
  </PeakList1D>
</PeakList>
