<?xml version="1.0" encoding="UTF-8"?>
<PeakList>
  <PeakList1D>
    <PeakList1DHeader creator="Dell" date="2020-02-03T17:38:13.133-08:00" expNo="1" name="SDT332" owner="" procNo="1" source="C:/Users/Dell/Desktop/NMR/E synthesis">
      <PeakPickDetails>F1=7.299639ppm, F2=7.217754ppm, MI=6.70cm, MAXI=10.17cm, PC=1.000
      </PeakPickDetails>
    </PeakList1DHeader>
    <Peak1D F1="7.260124" intensity="8.358876e+000" type="0"/>
  </PeakList1D>
  <PeakList1D>
    <PeakList1DHeader creator="Dell" date="2020-02-03T17:38:13.133-08:00" expNo="1" name="SDT332" owner="" procNo="1" source="C:/Users/Dell/Desktop/NMR/E synthesis">
      <PeakPickDetails>F1=7.190818ppm, F2=7.136946ppm, MI=1.29cm, MAXI=3.55cm, PC=1.000
      </PeakPickDetails>
    </PeakList1DHeader>
    <Peak1D F1="7.175185" intensity="1.749948e+000" type="0"/>
    <Peak1D F1="7.163615" intensity="1.817759e+000" type="0"/>
  </PeakList1D>
  <PeakList1D>
    <PeakList1DHeader creator="Dell" date="2020-02-03T17:38:13.133-08:00" expNo="1" name="SDT332" owner="" procNo="1" source="C:/Users/Dell/Desktop/NMR/E synthesis">
      <PeakPickDetails>F1=6.872974ppm, F2=6.805095ppm, MI=0.98cm, MAXI=3.30cm, PC=1.000
      </PeakPickDetails>
    </PeakList1DHeader>
    <Peak1D F1="6.844655" intensity="1.360245e+000" type="0"/>
    <Peak1D F1="6.833164" intensity="2.671254e+000" type="0"/>
    <Peak1D F1="6.821679" intensity="1.625632e+000" type="0"/>
  </PeakList1D>
  <PeakList1D>
    <PeakList1DHeader creator="Dell" date="2020-02-03T17:38:13.133-08:00" expNo="1" name="SDT332" owner="" procNo="1" source="C:/Users/Dell/Desktop/NMR/E synthesis">
      <PeakPickDetails>F1=6.768463ppm, F2=6.725365ppm, MI=1.16cm, MAXI=2.47cm, PC=1.000
      </PeakPickDetails>
    </PeakList1DHeader>
    <Peak1D F1="6.756568" intensity="1.959638e+000" type="0"/>
    <Peak1D F1="6.745217" intensity="1.532267e+000" type="0"/>
  </PeakList1D>
  <PeakList1D>
    <PeakList1DHeader creator="Dell" date="2020-02-03T17:38:13.133-08:00" expNo="1" name="SDT332" owner="" procNo="1" source="C:/Users/Dell/Desktop/NMR/E synthesis">
      <PeakPickDetails>F1=6.193111ppm, F2=5.900048ppm, MI=0.51cm, MAXI=2.03cm, PC=1.000
      </PeakPickDetails>
    </PeakList1DHeader>
    <Peak1D F1="6.075018" intensity="8.472981e-001" type="0"/>
    <Peak1D F1="6.064318" intensity="1.486322e+000" type="0"/>
    <Peak1D F1="6.053727" intensity="8.622661e-001" type="0"/>
  </PeakList1D>
  <PeakList1D>
    <PeakList1DHeader creator="Dell" date="2020-02-03T17:38:13.133-08:00" expNo="1" name="SDT332" owner="" procNo="1" source="C:/Users/Dell/Desktop/NMR/E synthesis">
      <PeakPickDetails>F1=4.516618ppm, F2=4.128741ppm, MI=1.39cm, MAXI=4.43cm, PC=1.000
      </PeakPickDetails>
    </PeakList1DHeader>
    <Peak1D F1="4.309404" intensity="2.604048e+000" type="0"/>
    <Peak1D F1="4.301056" intensity="3.678869e+000" type="0"/>
    <Peak1D F1="4.293007" intensity="2.685570e+000" type="0"/>
  </PeakList1D>
  <PeakList1D>
    <PeakList1DHeader creator="Dell" date="2020-02-03T17:38:13.133-08:00" expNo="1" name="SDT332" owner="" procNo="1" source="C:/Users/Dell/Desktop/NMR/E synthesis">
      <PeakPickDetails>F1=3.999448ppm, F2=3.827058ppm, MI=7.97cm, MAXI=15.61cm, PC=1.000
      </PeakPickDetails>
    </PeakList1DHeader>
    <Peak1D F1="3.872926" intensity="1.500000e+001" type="0"/>
  </PeakList1D>
  <PeakList1D>
    <PeakList1DHeader creator="Dell" date="2020-02-03T17:38:13.133-08:00" expNo="1" name="SDT332" owner="" procNo="1" source="C:/Users/Dell/Desktop/NMR/E synthesis">
      <PeakPickDetails>F1=3.827058ppm, F2=3.533995ppm, MI=1.31cm, MAXI=5.34cm, PC=1.000
      </PeakPickDetails>
    </PeakList1DHeader>
    <Peak1D F1="3.767683" intensity="2.263186e+000" type="0"/>
    <Peak1D F1="3.758490" intensity="4.137372e+000" type="0"/>
    <Peak1D F1="3.749249" intensity="2.250412e+000" type="0"/>
  </PeakList1D>
  <PeakList1D>
    <PeakList1DHeader creator="Dell" date="2020-02-03T17:38:13.133-08:00" expNo="1" name="SDT332" owner="" procNo="1" source="C:/Users/Dell/Desktop/NMR/E synthesis">
      <PeakPickDetails>F1=2.835816ppm, F2=2.620328ppm, MI=1.22cm, MAXI=3.63cm, PC=1.000
      </PeakPickDetails>
    </PeakList1DHeader>
    <Peak1D F1="2.712422" intensity="1.709162e+000" type="0"/>
    <Peak1D F1="2.705154" intensity="2.651603e+000" type="0"/>
    <Peak1D F1="2.697168" intensity="1.702918e+000" type="0"/>
  </PeakList1D>
  <PeakList1D>
    <PeakList1DHeader creator="Dell" date="2020-02-03T17:38:13.133-08:00" expNo="1" name="SDT332" owner="" procNo="1" source="C:/Users/Dell/Desktop/NMR/E synthesis">
      <PeakPickDetails>F1=2.609713ppm, F2=2.133984ppm, MI=0.87cm, MAXI=4.15cm, PC=1.000
      </PeakPickDetails>
    </PeakList1DHeader>
    <Peak1D F1="2.497316" intensity="1.199020e+000" type="0"/>
    <Peak1D F1="2.487313" intensity="2.755351e+000" type="0"/>
    <Peak1D F1="2.477679" intensity="2.800869e+000" type="0"/>
    <Peak1D F1="2.468126" intensity="1.212860e+000" type="0"/>
  </PeakList1D>
  <PeakList1D>
    <PeakList1DHeader creator="Dell" date="2020-02-03T17:38:13.133-08:00" expNo="1" name="SDT332" owner="" procNo="1" source="C:/Users/Dell/Desktop/NMR/E synthesis">
      <PeakPickDetails>F1=1.477564ppm, F2=1.334574ppm, MI=0.40cm, MAXI=0.71cm, PC=1.000
      </PeakPickDetails>
    </PeakList1DHeader>
    <Peak1D F1="1.406105" intensity="5.314853e-001" type="0"/>
  </PeakList1D>
</PeakList>
