<?xml version="1.0" encoding="UTF-8"?>
<PeakList>
  <PeakList1D>
    <PeakList1DHeader creator="pjw" date="2020-03-12T13:52:25.706-04:00" expNo="2" name="hz-3ca" owner="" procNo="1" source="E:/pjw-av3bio500">
      <PeakPickDetails>F1=218.432404ppm, F2=-18.431776ppm, MI=0.00cm, MAXI=21.83cm, PC=1.400
      </PeakPickDetails>
    </PeakList1DHeader>
    <Peak1D F1="159.457642" intensity="2.354302e+000" type="0"/>
    <Peak1D F1="151.985413" intensity="2.438483e+000" type="0"/>
    <Peak1D F1="149.801147" intensity="6.931514e+000" type="0"/>
    <Peak1D F1="146.910004" intensity="3.237340e+000" type="0"/>
    <Peak1D F1="138.648254" intensity="6.876622e+000" type="0"/>
    <Peak1D F1="137.028931" intensity="3.795239e+000" type="0"/>
    <Peak1D F1="136.754425" intensity="3.578210e+000" type="0"/>
    <Peak1D F1="128.470627" intensity="1.500000e+001" type="0"/>
    <Peak1D F1="127.834366" intensity="7.465279e+000" type="0"/>
    <Peak1D F1="127.381195" intensity="1.296897e+001" type="0"/>
    <Peak1D F1="124.016983" intensity="6.975343e+000" type="0"/>
    <Peak1D F1="123.721336" intensity="7.126706e+000" type="0"/>
    <Peak1D F1="118.104897" intensity="6.038921e+000" type="0"/>
    <Peak1D F1="104.536652" intensity="7.643102e+000" type="0"/>
    <Peak1D F1="77.459160" intensity="7.581373e+000" type="0"/>
    <Peak1D F1="77.407318" intensity="1.910320e+000" type="0"/>
    <Peak1D F1="77.204582" intensity="7.894944e+000" type="0"/>
    <Peak1D F1="76.949661" intensity="7.415878e+000" type="0"/>
    <Peak1D F1="70.990623" intensity="6.674071e+000" type="0"/>
    <Peak1D F1="19.947464" intensity="7.614407e+000" type="0"/>
  </PeakList1D>
</PeakList>
