<?xml version="1.0" encoding="UTF-8"?>
<PeakList modified="2020-02-03T18:32:03">
  <PeakList1D>
    <PeakList1DHeader creator="Dell" date="2020-02-03T18:32:03" expNo="2" name="SDT333A2" owner="" procNo="1" source="C:/Users/Dell/Desktop/NMR/E synthesis">
      <PeakPickDetails>F1=160.318054ppm, F2=101.253502ppm, MI=0.07cm, MAXI=0.74cm, PC=1.400
      </PeakPickDetails>
    </PeakList1DHeader>
    <Peak1D F1="149.046494" intensity="0.2135901" type="0"/>
    <Peak1D F1="144.13797" intensity="0.1683644" type="0"/>
    <Peak1D F1="131.167984" intensity="0.2649703" type="0"/>
    <Peak1D F1="123.116158" intensity="0.2220549" type="0"/>
    <Peak1D F1="120.239853" intensity="0.5630249" type="0"/>
    <Peak1D F1="118.277016" intensity="0.5566472" type="0"/>
    <Peak1D F1="115.929985" intensity="0.5605513" type="0"/>
    <Peak1D F1="110.276321" intensity="0.5434293" type="0"/>
  </PeakList1D>
  <PeakList1D>
    <PeakList1DHeader creator="Dell" date="2020-02-03T18:32:03" expNo="2" name="SDT333A2" owner="" procNo="1" source="C:/Users/Dell/Desktop/NMR/E synthesis">
      <PeakPickDetails>F1=77.464111ppm, F2=76.953644ppm, MI=9.89cm, MAXI=21.36cm, PC=1.400
      </PeakPickDetails>
    </PeakList1DHeader>
    <Peak1D F1="77.382378" intensity="14.73633" type="0"/>
    <Peak1D F1="77.200935" intensity="15.0" type="0"/>
    <Peak1D F1="77.01944" intensity="14.832" type="0"/>
  </PeakList1D>
  <PeakList1D>
    <PeakList1DHeader creator="Dell" date="2020-02-03T18:32:03" expNo="2" name="SDT333A2" owner="" procNo="1" source="C:/Users/Dell/Desktop/NMR/E synthesis">
      <PeakPickDetails>F1=69.016815ppm, F2=17.091938ppm, MI=0.24cm, MAXI=0.76cm, PC=1.400
      </PeakPickDetails>
    </PeakList1DHeader>
    <Peak1D F1="66.774483" intensity="0.5881228" type="0"/>
    <Peak1D F1="56.10675" intensity="0.6224975" type="0"/>
    <Peak1D F1="44.1982" intensity="0.508015" type="0"/>
    <Peak1D F1="31.228882" intensity="0.6162378" type="0"/>
    <Peak1D F1="25.963408" intensity="0.6163906" type="0"/>
  </PeakList1D>
</PeakList>
