<?xml version="1.0" encoding="UTF-8"?>
<PeakList modified="2020-02-01T17:35:04">
  <PeakList1D>
    <PeakList1DHeader creator="Dell" date="2020-02-01T17:33:52" expNo="3" name="SDT331A" owner="" procNo="1" source="C:/Users/Dell/Desktop/NMR/Z-synthesis">
      <PeakPickDetails>F1=130.157776ppm, F2=103.966278ppm, MI=1.48cm, MAXI=6.04cm, PC=1.400
      </PeakPickDetails>
    </PeakList1DHeader>
    <Peak1D F1="123.949463" intensity="3.493746" type="0"/>
    <Peak1D F1="120.667168" intensity="3.254418" type="0"/>
    <Peak1D F1="119.034851" intensity="3.497108" type="0"/>
    <Peak1D F1="110.592285" intensity="2.898056" type="0"/>
  </PeakList1D>
  <PeakList1D>
    <PeakList1DHeader creator="Dell" date="2020-02-01T17:33:52" expNo="3" name="SDT331A" owner="" procNo="1" source="C:/Users/Dell/Desktop/NMR/Z-synthesis">
      <PeakPickDetails>F1=60.980217ppm, F2=50.183720ppm, MI=3.10cm, MAXI=12.90cm, PC=1.400
      </PeakPickDetails>
    </PeakList1DHeader>
    <Peak1D F1="56.072826" intensity="6.259025" type="0"/>
  </PeakList1D>
  <PeakList1D>
    <PeakList1DHeader creator="Dell" date="2020-02-01T17:33:52" expNo="3" name="SDT331A" owner="" procNo="1" source="C:/Users/Dell/Desktop/NMR/Z-synthesis">
      <PeakPickDetails>F1=28.790661ppm, F2=17.794228ppm, MI=2.80cm, MAXI=21.53cm, PC=1.400
      </PeakPickDetails>
    </PeakList1DHeader>
    <Peak1D F1="26.138416" intensity="15.0" type="0"/>
  </PeakList1D>
  <PeakList1D>
    <PeakList1DHeader creator="Dell@Dell-PC" date="2020-02-01T17:35:06" expNo="3" name="SDT331A" owner="Dell" procNo="1" source="C:/Users/Dell/Desktop/NMR/Z-synthesis">
      <PeakPickDetails>Manually picked peaks
</PeakPickDetails>
    </PeakList1DHeader>
    <Peak1D F1="68.73672523875477" intensity="-3.769665173344302" type="1"/>
    <Peak1D F1="63.24525693169311" intensity="-4.052630508072143" type="1"/>
    <Peak1D F1="33.51535171507349" intensity="-3.603523750766958" type="1"/>
    <Peak1D F1="33.028485886153284" intensity="-3.917939529065311" type="1"/>
  </PeakList1D>
</PeakList>
