<?xml version="1.0" encoding="UTF-8"?>
<PeakList>
  <PeakList1D>
    <PeakList1DHeader creator="pjw" date="2020-03-12T14:04:37.847-04:00" expNo="2" name="hz-3wa-s-500" owner="" procNo="1" source="E:/pjw-av3bio500">
      <PeakPickDetails>F1=218.432404ppm, F2=-18.431776ppm, MI=0.00cm, MAXI=21.83cm, PC=1.400
      </PeakPickDetails>
    </PeakList1DHeader>
    <Peak1D F1="162.211517" intensity="9.882469e-001" type="0"/>
    <Peak1D F1="153.300568" intensity="9.537311e-001" type="0"/>
    <Peak1D F1="151.144608" intensity="8.670108e-001" type="0"/>
    <Peak1D F1="150.204895" intensity="2.554214e+000" type="0"/>
    <Peak1D F1="147.610825" intensity="1.208141e+000" type="0"/>
    <Peak1D F1="138.909134" intensity="2.538407e+000" type="0"/>
    <Peak1D F1="134.749878" intensity="2.683018e+000" type="0"/>
    <Peak1D F1="126.975922" intensity="2.670613e+000" type="0"/>
    <Peak1D F1="126.951370" intensity="3.154263e+000" type="0"/>
    <Peak1D F1="126.712181" intensity="2.873684e+000" type="0"/>
    <Peak1D F1="124.449532" intensity="2.783293e+000" type="0"/>
    <Peak1D F1="123.703995" intensity="2.681226e+000" type="0"/>
    <Peak1D F1="120.823265" intensity="8.776932e-001" type="0"/>
    <Peak1D F1="77.296349" intensity="1.468494e+001" type="0"/>
    <Peak1D F1="77.041504" intensity="1.486229e+001" type="0"/>
    <Peak1D F1="76.786964" intensity="1.500000e+001" type="0"/>
    <Peak1D F1="23.657602" intensity="2.721959e+000" type="0"/>
  </PeakList1D>
</PeakList>
