<?xml version="1.0" encoding="UTF-8"?>
<PeakList>
  <PeakList1D>
    <PeakList1DHeader creator="nmr2019" date="2019-07-23T01:11:31" expNo="470" name="zhq-1020(1)" owner="" procNo="1" source="D:/bruker">
      <PeakPickDetails>F1=174.229ppm, F2=100.709ppm, MI=0.17cm, MAXI=2.74cm, PC=1.400
      </PeakPickDetails>
    </PeakList1DHeader>
    <Peak1D F1="163.4395" intensity="0.77" type="0"/>
    <Peak1D F1="151.1111" intensity="0.59" type="0"/>
    <Peak1D F1="149.9566" intensity="1.73" type="0"/>
    <Peak1D F1="144.9001" intensity="0.91" type="0"/>
    <Peak1D F1="139.9029" intensity="1.62" type="0"/>
    <Peak1D F1="139.0007" intensity="1.61" type="0"/>
    <Peak1D F1="124.5804" intensity="1.46" type="0"/>
    <Peak1D F1="124.0984" intensity="1.64" type="0"/>
    <Peak1D F1="120.5759" intensity="1.62" type="0"/>
    <Peak1D F1="117.9992" intensity="0.64" type="0"/>
    <Peak1D F1="106.0079" intensity="1.64" type="0"/>
  </PeakList1D>
  <PeakList1D>
    <PeakList1DHeader creator="nmr2019" date="2019-07-23T01:11:31" expNo="470" name="zhq-1020(1)" owner="" procNo="1" source="D:/bruker">
      <PeakPickDetails>F1=85.048ppm, F2=73.520ppm, MI=2.27cm, MAXI=17.81cm, PC=1.400
      </PeakPickDetails>
    </PeakList1DHeader>
    <Peak1D F1="77.2924" intensity="14.63" type="0"/>
    <Peak1D F1="77.0386" intensity="15.0" type="0"/>
    <Peak1D F1="76.7848" intensity="14.6" type="0"/>
  </PeakList1D>
  <PeakList1D>
    <PeakList1DHeader creator="nmr2019" date="2019-07-23T01:11:31" expNo="470" name="zhq-1020(1)" owner="" procNo="1" source="D:/bruker">
      <PeakPickDetails>F1=32.845ppm, F2=10.441ppm, MI=0.54cm, MAXI=2.47cm, PC=1.400
      </PeakPickDetails>
    </PeakList1DHeader>
    <Peak1D F1="29.1115" intensity="1.79" type="0"/>
    <Peak1D F1="16.7443" intensity="1.7" type="0"/>
  </PeakList1D>
</PeakList>
