<?xml version="1.0" encoding="UTF-8"?>
<PeakList>
  <PeakList1D>
    <PeakList1DHeader creator="pjw" date="2020-03-11T10:25:15.218-04:00" expNo="2" name="hz-3ra-n" owner="" procNo="1" source="E:/pjw-av3bio500">
      <PeakPickDetails>F1=218.432404ppm, F2=-18.431776ppm, MI=0.00cm, MAXI=21.83cm, PC=1.400
      </PeakPickDetails>
    </PeakList1DHeader>
    <Peak1D F1="161.485504" intensity="5.912504e-001" type="0"/>
    <Peak1D F1="160.032730" intensity="6.661394e-001" type="0"/>
    <Peak1D F1="150.797455" intensity="1.129825e+000" type="0"/>
    <Peak1D F1="150.475174" intensity="7.014514e-001" type="0"/>
    <Peak1D F1="150.205185" intensity="7.575944e-001" type="0"/>
    <Peak1D F1="139.086868" intensity="7.763308e-001" type="0"/>
    <Peak1D F1="135.778015" intensity="1.050851e+000" type="0"/>
    <Peak1D F1="130.723175" intensity="1.986983e+000" type="0"/>
    <Peak1D F1="128.997772" intensity="5.104238e+000" type="0"/>
    <Peak1D F1="128.020859" intensity="4.944484e+000" type="0"/>
    <Peak1D F1="124.769745" intensity="1.597412e+000" type="0"/>
    <Peak1D F1="123.505272" intensity="9.420522e-001" type="0"/>
    <Peak1D F1="115.517815" intensity="7.107725e-001" type="0"/>
    <Peak1D F1="108.263824" intensity="1.799692e+000" type="0"/>
    <Peak1D F1="100.472588" intensity="5.007935e-001" type="0"/>
    <Peak1D F1="77.297424" intensity="1.500000e+001" type="0"/>
    <Peak1D F1="77.042854" intensity="1.497673e+001" type="0"/>
    <Peak1D F1="76.788010" intensity="1.479440e+001" type="0"/>
    <Peak1D F1="21.415489" intensity="2.244020e+000" type="0"/>
    <Peak1D F1="0.002548" intensity="3.388869e-001" type="0"/>
  </PeakList1D>
</PeakList>
