<?xml version="1.0" encoding="UTF-8"?>
<PeakList>
  <PeakList1D>
    <PeakList1DHeader creator="nmr" date="2017-10-20T15:55:42" expNo="2" name="zhq-444" owner="" procNo="1" source="D:/bruker">
      <PeakPickDetails>F1=215.478ppm, F2=97.088ppm, MI=0.40cm, MAXI=7.08cm, PC=1.400
      </PeakPickDetails>
    </PeakList1DHeader>
    <Peak1D F1="206.0801" intensity="1.21" type="0"/>
    <Peak1D F1="163.9355" intensity="0.95" type="0"/>
    <Peak1D F1="151.4854" intensity="0.97" type="0"/>
    <Peak1D F1="149.8578" intensity="3.14" type="0"/>
    <Peak1D F1="148.5039" intensity="1.39" type="0"/>
    <Peak1D F1="140.293" intensity="2.46" type="0"/>
    <Peak1D F1="138.9171" intensity="3.08" type="0"/>
    <Peak1D F1="124.3595" intensity="3.13" type="0"/>
    <Peak1D F1="123.9666" intensity="2.85" type="0"/>
    <Peak1D F1="118.9814" intensity="2.75" type="0"/>
    <Peak1D F1="105.3817" intensity="2.63" type="0"/>
  </PeakList1D>
  <PeakList1D>
    <PeakList1DHeader creator="nmr" date="2017-10-20T15:55:42" expNo="2" name="zhq-444" owner="" procNo="1" source="D:/bruker">
      <PeakPickDetails>F1=83.144ppm, F2=69.846ppm, MI=6.28cm, MAXI=19.20cm, PC=1.400
      </PeakPickDetails>
    </PeakList1DHeader>
    <Peak1D F1="77.4029" intensity="14.8" type="0"/>
    <Peak1D F1="77.0846" intensity="15.0" type="0"/>
    <Peak1D F1="76.767" intensity="14.82" type="0"/>
  </PeakList1D>
  <PeakList1D>
    <PeakList1DHeader creator="nmr" date="2017-10-20T15:55:42" expNo="2" name="zhq-444" owner="" procNo="1" source="D:/bruker">
      <PeakPickDetails>F1=49.835ppm, F2=20.915ppm, MI=1.30cm, MAXI=6.86cm, PC=1.400
      </PeakPickDetails>
    </PeakList1DHeader>
    <Peak1D F1="41.7622" intensity="3.35" type="0"/>
    <Peak1D F1="29.8599" intensity="2.94" type="0"/>
    <Peak1D F1="26.8198" intensity="3.47" type="0"/>
  </PeakList1D>
</PeakList>
