<?xml version="1.0" encoding="UTF-8"?>
<PeakList>
  <PeakList1D>
    <PeakList1DHeader creator="nmrsu" date="2019-03-08T11:48:12.897-03:00" expNo="1" name="2B209_MS305Carb" owner="" procNo="1" source="C:/NMRData/data/marcio_marilia/nmr">
      <PeakPickDetails>F1=222.588394ppm, F2=-22.607317ppm, MI=0.00cm, MAXI=10000.00cm, PC=1.400
      </PeakPickDetails>
    </PeakList1DHeader>
    <Peak1D F1="170.606293" intensity="2.755066e+000" type="0"/>
    <Peak1D F1="137.065369" intensity="2.767061e+000" type="0"/>
    <Peak1D F1="136.509308" intensity="2.179342e+000" type="0"/>
    <Peak1D F1="129.198395" intensity="1.500000e+001" type="0"/>
    <Peak1D F1="127.909035" intensity="2.533850e+000" type="0"/>
    <Peak1D F1="126.707947" intensity="1.473241e+001" type="0"/>
    <Peak1D F1="126.017105" intensity="7.843594e+000" type="0"/>
    <Peak1D F1="123.743797" intensity="7.789061e+000" type="0"/>
    <Peak1D F1="122.282700" intensity="2.331444e+000" type="0"/>
    <Peak1D F1="120.496681" intensity="7.910944e+000" type="0"/>
    <Peak1D F1="120.248718" intensity="7.741985e+000" type="0"/>
    <Peak1D F1="117.424675" intensity="2.796296e+000" type="0"/>
    <Peak1D F1="110.857025" intensity="7.503801e+000" type="0"/>
    <Peak1D F1="77.340942" intensity="7.704678e+001" type="0"/>
    <Peak1D F1="77.023125" intensity="7.842704e+001" type="0"/>
    <Peak1D F1="76.705635" intensity="7.766526e+001" type="0"/>
    <Peak1D F1="37.682297" intensity="4.517313e+000" type="0"/>
    <Peak1D F1="35.716389" intensity="4.459168e+000" type="0"/>
    <Peak1D F1="31.240604" intensity="7.747682e+000" type="0"/>
    <Peak1D F1="-0.003770" intensity="1.519475e+001" type="0"/>
  </PeakList1D>
</PeakList>
