<?xml version="1.0" encoding="UTF-8"?>
<PeakList modified="2020-02-05T10:51:07">
  <PeakList1D>
    <PeakList1DHeader creator="Dell" date="2020-02-05T10:49:04" expNo="1" name="SDT261C2" owner="" procNo="1" source="C:/Users/Dell/Desktop/NMR/Tetrahydroisoquinoline">
      <PeakPickDetails>F1=7.362120ppm, F2=6.825718ppm, MI=0.49cm, MAXI=1.98cm, PC=1.000
      </PeakPickDetails>
    </PeakList1DHeader>
    <Peak1D F1="7.199872" intensity="1.403475" type="0"/>
  </PeakList1D>
  <PeakList1D>
    <PeakList1DHeader creator="Dell" date="2020-02-05T10:49:04" expNo="1" name="SDT261C2" owner="" procNo="1" source="C:/Users/Dell/Desktop/NMR/Tetrahydroisoquinoline">
      <PeakPickDetails>F1=6.825718ppm, F2=6.356366ppm, MI=0.29cm, MAXI=1.71cm, PC=1.000
      </PeakPickDetails>
    </PeakList1DHeader>
    <Peak1D F1="6.607236" intensity="1.505872" type="0"/>
  </PeakList1D>
  <PeakList1D>
    <PeakList1DHeader creator="Dell" date="2020-02-05T10:49:04" expNo="1" name="SDT261C2" owner="" procNo="1" source="C:/Users/Dell/Desktop/NMR/Tetrahydroisoquinoline">
      <PeakPickDetails>F1=5.685863ppm, F2=5.203101ppm, MI=0.06cm, MAXI=0.41cm, PC=1.000
      </PeakPickDetails>
    </PeakList1DHeader>
    <Peak1D F1="5.440118" intensity="0.2116398" type="0"/>
    <Peak1D F1="5.433513" intensity="0.2337311" type="0"/>
    <Peak1D F1="5.425536" intensity="0.241568" type="0"/>
    <Peak1D F1="5.419334" intensity="0.224571" type="0"/>
  </PeakList1D>
  <PeakList1D>
    <PeakList1DHeader creator="Dell" date="2020-02-05T10:49:04" expNo="1" name="SDT261C2" owner="" procNo="1" source="C:/Users/Dell/Desktop/NMR/Tetrahydroisoquinoline">
      <PeakPickDetails>F1=4.076657ppm, F2=3.902326ppm, MI=0.13cm, MAXI=0.56cm, PC=1.000
      </PeakPickDetails>
    </PeakList1DHeader>
    <Peak1D F1="4.003489" intensity="0.1353519" type="0"/>
    <Peak1D F1="3.994586" intensity="0.308934" type="0"/>
    <Peak1D F1="3.985088" intensity="0.4150131" type="0"/>
    <Peak1D F1="3.975826" intensity="0.3289196" type="0"/>
    <Peak1D F1="3.966903" intensity="0.1597401" type="0"/>
  </PeakList1D>
  <PeakList1D>
    <PeakList1DHeader creator="Dell" date="2020-02-05T10:49:04" expNo="1" name="SDT261C2" owner="" procNo="1" source="C:/Users/Dell/Desktop/NMR/Tetrahydroisoquinoline">
      <PeakPickDetails>F1=3.902326ppm, F2=3.645572ppm, MI=1.29cm, MAXI=7.32cm, PC=1.000
      </PeakPickDetails>
    </PeakList1DHeader>
    <Peak1D F1="3.819954" intensity="5.079392" type="0"/>
    <Peak1D F1="3.70995" intensity="5.346741" type="0"/>
  </PeakList1D>
  <PeakList1D>
    <PeakList1DHeader creator="Dell" date="2020-02-05T10:49:04" expNo="1" name="SDT261C2" owner="" procNo="1" source="C:/Users/Dell/Desktop/NMR/Tetrahydroisoquinoline">
      <PeakPickDetails>F1=3.645572ppm, F2=3.639562ppm, MI=0.19cm, MAXI=3.10cm, PC=1.000
      </PeakPickDetails>
    </PeakList1DHeader>
  </PeakList1D>
  <PeakList1D>
    <PeakList1DHeader creator="Dell" date="2020-02-05T10:49:04" expNo="1" name="SDT261C2" owner="" procNo="1" source="C:/Users/Dell/Desktop/NMR/Tetrahydroisoquinoline">
      <PeakPickDetails>F1=3.639562ppm, F2=3.588498ppm, MI=0.13cm, MAXI=0.90cm, PC=1.000
      </PeakPickDetails>
    </PeakList1DHeader>
    <Peak1D F1="3.621495" intensity="0.369517" type="0"/>
    <Peak1D F1="3.615848" intensity="0.2557518" type="0"/>
    <Peak1D F1="3.604202" intensity="0.4509463" type="0"/>
  </PeakList1D>
  <PeakList1D>
    <PeakList1DHeader creator="Dell" date="2020-02-05T10:49:04" expNo="1" name="SDT261C2" owner="" procNo="1" source="C:/Users/Dell/Desktop/NMR/Tetrahydroisoquinoline">
      <PeakPickDetails>F1=3.588498ppm, F2=3.540254ppm, MI=1.29cm, MAXI=7.32cm, PC=1.000
      </PeakPickDetails>
    </PeakList1DHeader>
  </PeakList1D>
  <PeakList1D>
    <PeakList1DHeader creator="Dell" date="2020-02-05T10:49:04" expNo="1" name="SDT261C2" owner="" procNo="1" source="C:/Users/Dell/Desktop/NMR/Tetrahydroisoquinoline">
      <PeakPickDetails>F1=3.497254ppm, F2=3.318248ppm, MI=0.15cm, MAXI=1.17cm, PC=1.000
      </PeakPickDetails>
    </PeakList1DHeader>
    <Peak1D F1="3.478304" intensity="0.2648997" type="0"/>
    <Peak1D F1="3.4679" intensity="0.2857022" type="0"/>
    <Peak1D F1="3.460232" intensity="0.4563921" type="0"/>
    <Peak1D F1="3.453305" intensity="0.2929499" type="0"/>
    <Peak1D F1="3.422516" intensity="0.2296744" type="0"/>
    <Peak1D F1="3.41685" intensity="0.25859" type="0"/>
    <Peak1D F1="3.405283" intensity="0.3571692" type="0"/>
    <Peak1D F1="3.399712" intensity="0.3528644" type="0"/>
    <Peak1D F1="3.38751" intensity="0.2071975" type="0"/>
    <Peak1D F1="3.382516" intensity="0.2046081" type="0"/>
    <Peak1D F1="3.36407" intensity="0.5262487" type="0"/>
    <Peak1D F1="3.351545" intensity="0.7310961" type="0"/>
    <Peak1D F1="3.334374" intensity="0.4072587" type="0"/>
  </PeakList1D>
  <PeakList1D>
    <PeakList1DHeader creator="Dell" date="2020-02-05T10:49:04" expNo="1" name="SDT261C2" owner="" procNo="1" source="C:/Users/Dell/Desktop/NMR/Tetrahydroisoquinoline">
      <PeakPickDetails>F1=2.859995ppm, F2=2.618593ppm, MI=0.08cm, MAXI=0.90cm, PC=1.000
      </PeakPickDetails>
    </PeakList1DHeader>
    <Peak1D F1="2.836625" intensity="0.1437526" type="0"/>
    <Peak1D F1="2.829075" intensity="0.1579606" type="0"/>
    <Peak1D F1="2.820065" intensity="0.1718003" type="0"/>
    <Peak1D F1="2.813171" intensity="0.335108" type="0"/>
    <Peak1D F1="2.806284" intensity="0.2568536" type="0"/>
    <Peak1D F1="2.797226" intensity="0.2647534" type="0"/>
    <Peak1D F1="2.789564" intensity="0.2347248" type="0"/>
    <Peak1D F1="2.725845" intensity="0.243302" type="0"/>
    <Peak1D F1="2.720122" intensity="0.4456769" type="0"/>
    <Peak1D F1="2.714253" intensity="0.265926" type="0"/>
    <Peak1D F1="2.703362" intensity="0.1989758" type="0"/>
    <Peak1D F1="2.697329" intensity="0.3273526" type="0"/>
    <Peak1D F1="2.691091" intensity="0.2076967" type="0"/>
  </PeakList1D>
  <PeakList1D>
    <PeakList1DHeader creator="Dell" date="2020-02-05T10:49:04" expNo="1" name="SDT261C2" owner="" procNo="1" source="C:/Users/Dell/Desktop/NMR/Tetrahydroisoquinoline">
      <PeakPickDetails>F1=2.038533ppm, F2=1.775127ppm, MI=0.10cm, MAXI=0.82cm, PC=1.000
      </PeakPickDetails>
    </PeakList1DHeader>
    <Peak1D F1="1.981819" intensity="0.1158131" type="0"/>
    <Peak1D F1="1.976469" intensity="0.1442264" type="0"/>
    <Peak1D F1="1.967234" intensity="0.1948759" type="0"/>
    <Peak1D F1="1.961298" intensity="0.2753733" type="0"/>
    <Peak1D F1="1.955211" intensity="0.2782744" type="0"/>
    <Peak1D F1="1.94045" intensity="0.205873" type="0"/>
    <Peak1D F1="1.934396" intensity="0.145799" type="0"/>
    <Peak1D F1="1.883744" intensity="0.181204" type="0"/>
    <Peak1D F1="1.873611" intensity="0.3341378" type="0"/>
    <Peak1D F1="1.869921" intensity="0.3278712" type="0"/>
    <Peak1D F1="1.852533" intensity="0.2359571" type="0"/>
  </PeakList1D>
  <PeakList1D>
    <PeakList1DHeader creator="Dell" date="2020-02-05T10:49:04" expNo="1" name="SDT261C2" owner="" procNo="1" source="C:/Users/Dell/Desktop/NMR/Tetrahydroisoquinoline">
      <PeakPickDetails>F1=1.427317ppm, F2=1.261028ppm, MI=0.53cm, MAXI=3.23cm, PC=1.000
      </PeakPickDetails>
    </PeakList1DHeader>
    <Peak1D F1="1.372148" intensity="2.354194" type="0"/>
    <Peak1D F1="1.36259" intensity="2.399961" type="0"/>
    <Peak1D F1="1.336728" intensity="2.462648" type="0"/>
    <Peak1D F1="1.327168" intensity="2.519204" type="0"/>
  </PeakList1D>
  <PeakList1D>
    <PeakList1DHeader creator="Dell" date="2020-02-05T10:49:04" expNo="1" name="SDT261C2" owner="" procNo="1" source="C:/Users/Dell/Desktop/NMR/Tetrahydroisoquinoline">
      <PeakPickDetails>F1=1.191740ppm, F2=1.030070ppm, MI=1.37cm, MAXI=3.06cm, PC=1.000
      </PeakPickDetails>
    </PeakList1DHeader>
    <Peak1D F1="1.13752" intensity="2.313078" type="0"/>
    <Peak1D F1="1.128112" intensity="2.344432" type="0"/>
  </PeakList1D>
  <PeakList1D>
    <PeakList1DHeader creator="Dell" date="2020-02-05T10:49:04" expNo="1" name="SDT261C2" owner="" procNo="1" source="C:/Users/Dell/Desktop/NMR/Tetrahydroisoquinoline">
      <PeakPickDetails>F1=1.030070ppm, F2=0.896115ppm, MI=1.15cm, MAXI=2.88cm, PC=1.000
      </PeakPickDetails>
    </PeakList1DHeader>
    <Peak1D F1="1.011293" intensity="2.207848" type="0"/>
    <Peak1D F1="1.001985" intensity="2.27745" type="0"/>
  </PeakList1D>
  <PeakList1D>
    <PeakList1DHeader creator="Dell" date="2020-02-05T10:49:04" expNo="1" name="SDT261C2" owner="" procNo="1" source="C:/Users/Dell/Desktop/NMR/Tetrahydroisoquinoline">
      <PeakPickDetails>F1=0.637323ppm, F2=-0.058604ppm, MI=11.05cm, MAXI=17.99cm, PC=1.000
      </PeakPickDetails>
    </PeakList1DHeader>
    <Peak1D F1="0.294317" intensity="15.0" type="0"/>
  </PeakList1D>
  <PeakList1D>
    <PeakList1DHeader creator="Dell@Dell-PC" date="2020-02-05T10:49:46" expNo="1" name="SDT261C2" owner="Dell" procNo="1" source="C:/Users/Dell/Desktop/NMR/Tetrahydroisoquinoline">
      <PeakPickDetails>Manually picked peaks
</PeakPickDetails>
    </PeakList1DHeader>
    <Peak1D F1="3.6265867347869007" intensity="0.22535601628348093" type="1"/>
    <Peak1D F1="3.608798064208282" intensity="0.28218057115119244" type="1"/>
    <Peak1D F1="3.5989619757706923" intensity="0.2669466937710415" type="1"/>
    <Peak1D F1="3.4857423194997184" intensity="0.12900598489870094" type="1"/>
  </PeakList1D>
  <PeakList1D>
    <PeakList1DHeader creator="Dell@Dell-PC" date="2020-02-05T10:51:10" expNo="1" name="SDT261C2" owner="Dell" procNo="1" source="C:/Users/Dell/Desktop/NMR/Tetrahydroisoquinoline">
      <PeakPickDetails>Manually picked peaks
</PeakPickDetails>
    </PeakList1DHeader>
    <Peak1D F1="1.9892652101515294" intensity="0.05687426752406776" type="1"/>
    <Peak1D F1="1.9450665385977624" intensity="0.19647742487239003" type="1"/>
    <Peak1D F1="1.8495194103859425" intensity="0.21205975387770368" type="1"/>
  </PeakList1D>
</PeakList>
