<?xml version="1.0" encoding="UTF-8"?>
<PeakList>
  <PeakList1D>
    <PeakList1DHeader creator="nmrsu" date="2019-01-16T08:29:53.143-02:00" expNo="1" name="2B202_MS293" owner="" procNo="1" source="C:/NMRData/data/marcio_marilia/nmr">
      <PeakPickDetails>F1=16.020ppm, F2=-1.020ppm, MI=0.00cm, MAXI=10000.00cm, PC=1.000
      </PeakPickDetails>
    </PeakList1DHeader>
    <Peak1D F1="15.6224" intensity="2.210998e-002" type="0"/>
    <Peak1D F1="12.3573" intensity="2.126774e-002" type="0"/>
    <Peak1D F1="12.3170" intensity="2.199706e-002" type="0"/>
    <Peak1D F1="12.2861" intensity="2.539791e-002" type="0"/>
    <Peak1D F1="12.2760" intensity="2.894373e-002" type="0"/>
    <Peak1D F1="12.2752" intensity="2.268761e-002" type="0"/>
    <Peak1D F1="12.2701" intensity="2.592415e-002" type="0"/>
    <Peak1D F1="12.2409" intensity="2.651734e-002" type="0"/>
    <Peak1D F1="12.2168" intensity="2.371836e-002" type="0"/>
    <Peak1D F1="12.2062" intensity="2.400820e-002" type="0"/>
    <Peak1D F1="11.3993" intensity="2.247996e-002" type="0"/>
    <Peak1D F1="11.3980" intensity="2.880270e-002" type="0"/>
    <Peak1D F1="11.3759" intensity="9.275823e-002" type="0"/>
    <Peak1D F1="8.6254" intensity="3.343613e-002" type="0"/>
    <Peak1D F1="8.4320" intensity="2.153049e-002" type="0"/>
    <Peak1D F1="8.3488" intensity="2.900980e-002" type="0"/>
    <Peak1D F1="8.2994" intensity="2.237639e-002" type="0"/>
    <Peak1D F1="8.2248" intensity="1.029519e-001" type="0"/>
    <Peak1D F1="8.2065" intensity="2.527669e-002" type="0"/>
    <Peak1D F1="8.1787" intensity="2.334358e-002" type="0"/>
    <Peak1D F1="8.1381" intensity="2.175526e-002" type="0"/>
    <Peak1D F1="8.0258" intensity="2.339790e-002" type="0"/>
    <Peak1D F1="7.9918" intensity="2.307505e-002" type="0"/>
    <Peak1D F1="7.9726" intensity="2.232752e-002" type="0"/>
    <Peak1D F1="7.9668" intensity="2.385936e-002" type="0"/>
    <Peak1D F1="7.9549" intensity="2.207563e-002" type="0"/>
    <Peak1D F1="7.9447" intensity="2.998095e-002" type="0"/>
    <Peak1D F1="7.9223" intensity="2.596038e-002" type="0"/>
    <Peak1D F1="7.9145" intensity="2.876760e-002" type="0"/>
    <Peak1D F1="7.9029" intensity="2.735258e-002" type="0"/>
    <Peak1D F1="7.8668" intensity="3.450635e-002" type="0"/>
    <Peak1D F1="7.8508" intensity="2.855074e-002" type="0"/>
    <Peak1D F1="7.8067" intensity="4.383235e-002" type="0"/>
    <Peak1D F1="7.7885" intensity="4.294030e-002" type="0"/>
    <Peak1D F1="7.7729" intensity="3.563514e-002" type="0"/>
    <Peak1D F1="7.7611" intensity="3.793420e-002" type="0"/>
    <Peak1D F1="7.7596" intensity="3.709718e-002" type="0"/>
    <Peak1D F1="7.7516" intensity="4.259067e-002" type="0"/>
    <Peak1D F1="7.7361" intensity="7.565038e-002" type="0"/>
    <Peak1D F1="7.7183" intensity="8.690682e-002" type="0"/>
    <Peak1D F1="7.7159" intensity="8.459690e-002" type="0"/>
    <Peak1D F1="7.7086" intensity="5.335127e-002" type="0"/>
    <Peak1D F1="7.6932" intensity="5.414283e-002" type="0"/>
    <Peak1D F1="7.6694" intensity="6.971181e-002" type="0"/>
    <Peak1D F1="7.6608" intensity="6.547058e-002" type="0"/>
    <Peak1D F1="7.6102" intensity="2.037567e+000" type="0"/>
    <Peak1D F1="7.5903" intensity="2.217281e+000" type="0"/>
    <Peak1D F1="7.5479" intensity="9.599249e-002" type="0"/>
    <Peak1D F1="7.5277" intensity="1.000212e-001" type="0"/>
    <Peak1D F1="7.5121" intensity="1.074040e-001" type="0"/>
    <Peak1D F1="7.4710" intensity="2.079856e-001" type="0"/>
    <Peak1D F1="7.4203" intensity="2.348170e+000" type="0"/>
    <Peak1D F1="7.3998" intensity="2.871198e+000" type="0"/>
    <Peak1D F1="7.3161" intensity="2.623092e-001" type="0"/>
    <Peak1D F1="7.2969" intensity="3.196399e-001" type="0"/>
    <Peak1D F1="7.2740" intensity="1.356395e+000" type="0"/>
    <Peak1D F1="7.2555" intensity="2.245450e+000" type="0"/>
    <Peak1D F1="7.2359" intensity="1.580899e+000" type="0"/>
    <Peak1D F1="7.2103" intensity="2.244763e+000" type="0"/>
    <Peak1D F1="7.1890" intensity="2.393633e+000" type="0"/>
    <Peak1D F1="7.1408" intensity="1.602229e+000" type="0"/>
    <Peak1D F1="7.1220" intensity="2.305819e+000" type="0"/>
    <Peak1D F1="7.1035" intensity="1.197476e+000" type="0"/>
    <Peak1D F1="7.0351" intensity="2.486499e+000" type="0"/>
    <Peak1D F1="7.0128" intensity="3.049516e+000" type="0"/>
    <Peak1D F1="6.9915" intensity="2.628333e+000" type="0"/>
    <Peak1D F1="6.9874" intensity="2.437831e+000" type="0"/>
    <Peak1D F1="6.9595" intensity="9.945791e-001" type="0"/>
    <Peak1D F1="6.9288" intensity="1.185923e+000" type="0"/>
    <Peak1D F1="6.9069" intensity="5.129232e-002" type="0"/>
    <Peak1D F1="6.9013" intensity="4.430147e-002" type="0"/>
    <Peak1D F1="6.9000" intensity="4.019995e-002" type="0"/>
    <Peak1D F1="6.8779" intensity="3.584892e-002" type="0"/>
    <Peak1D F1="6.8697" intensity="3.720629e-002" type="0"/>
    <Peak1D F1="6.8499" intensity="4.179181e-002" type="0"/>
    <Peak1D F1="6.8420" intensity="4.000849e-002" type="0"/>
    <Peak1D F1="6.8288" intensity="6.392390e-002" type="0"/>
    <Peak1D F1="6.8231" intensity="6.628408e-002" type="0"/>
    <Peak1D F1="6.7740" intensity="1.897306e+000" type="0"/>
    <Peak1D F1="6.7425" intensity="2.353192e+000" type="0"/>
    <Peak1D F1="6.7009" intensity="2.730649e-002" type="0"/>
    <Peak1D F1="6.6647" intensity="2.135329e-002" type="0"/>
    <Peak1D F1="6.6289" intensity="3.482319e-002" type="0"/>
    <Peak1D F1="6.6228" intensity="3.117676e-002" type="0"/>
    <Peak1D F1="6.6177" intensity="3.155604e-002" type="0"/>
    <Peak1D F1="6.5885" intensity="9.434369e-001" type="0"/>
    <Peak1D F1="6.5738" intensity="8.652625e-002" type="0"/>
    <Peak1D F1="6.5563" intensity="1.186667e+000" type="0"/>
    <Peak1D F1="6.1622" intensity="6.162147e-002" type="0"/>
    <Peak1D F1="6.1326" intensity="5.243715e-002" type="0"/>
    <Peak1D F1="5.6635" intensity="2.427147e-002" type="0"/>
    <Peak1D F1="5.4334" intensity="2.356036e-002" type="0"/>
    <Peak1D F1="5.3461" intensity="2.227736e-002" type="0"/>
    <Peak1D F1="5.3130" intensity="2.277125e-002" type="0"/>
    <Peak1D F1="5.2738" intensity="2.785973e-002" type="0"/>
    <Peak1D F1="5.2703" intensity="2.468389e-002" type="0"/>
    <Peak1D F1="5.2530" intensity="2.289959e-002" type="0"/>
    <Peak1D F1="5.2463" intensity="2.782970e-002" type="0"/>
    <Peak1D F1="5.2158" intensity="3.154511e-002" type="0"/>
    <Peak1D F1="5.1986" intensity="3.128971e-002" type="0"/>
    <Peak1D F1="5.1973" intensity="3.140413e-002" type="0"/>
    <Peak1D F1="5.1940" intensity="3.309750e-002" type="0"/>
    <Peak1D F1="5.1604" intensity="3.409165e-002" type="0"/>
    <Peak1D F1="5.1449" intensity="3.461439e-002" type="0"/>
    <Peak1D F1="5.1238" intensity="4.135431e-002" type="0"/>
    <Peak1D F1="5.1148" intensity="4.763879e-002" type="0"/>
    <Peak1D F1="5.0980" intensity="5.269861e-002" type="0"/>
    <Peak1D F1="5.0905" intensity="5.983471e-002" type="0"/>
    <Peak1D F1="5.0726" intensity="6.042295e-002" type="0"/>
    <Peak1D F1="5.0697" intensity="6.518466e-002" type="0"/>
    <Peak1D F1="5.0436" intensity="9.746378e-002" type="0"/>
    <Peak1D F1="5.0119" intensity="1.635112e-001" type="0"/>
    <Peak1D F1="4.9142" intensity="5.571339e+001" type="0"/>
    <Peak1D F1="4.8022" intensity="1.403948e-001" type="0"/>
    <Peak1D F1="4.7728" intensity="1.235288e-001" type="0"/>
    <Peak1D F1="4.7630" intensity="1.230812e-001" type="0"/>
    <Peak1D F1="4.6422" intensity="7.615947e-001" type="0"/>
    <Peak1D F1="4.1550" intensity="4.416880e-002" type="0"/>
    <Peak1D F1="4.1359" intensity="4.329978e-002" type="0"/>
    <Peak1D F1="4.1181" intensity="1.005578e-001" type="0"/>
    <Peak1D F1="4.1004" intensity="1.078933e-001" type="0"/>
    <Peak1D F1="4.0821" intensity="4.884303e-002" type="0"/>
    <Peak1D F1="4.0685" intensity="2.537575e-002" type="0"/>
    <Peak1D F1="4.0573" intensity="2.877418e-002" type="0"/>
    <Peak1D F1="4.0430" intensity="4.743901e-002" type="0"/>
    <Peak1D F1="3.9940" intensity="8.848817e+000" type="0"/>
    <Peak1D F1="3.9572" intensity="8.522239e-002" type="0"/>
    <Peak1D F1="3.9439" intensity="4.545300e-002" type="0"/>
    <Peak1D F1="3.9182" intensity="2.841895e-002" type="0"/>
    <Peak1D F1="3.8302" intensity="5.567879e-002" type="0"/>
    <Peak1D F1="3.8016" intensity="8.204785e-002" type="0"/>
    <Peak1D F1="3.7656" intensity="3.383150e-002" type="0"/>
    <Peak1D F1="3.7460" intensity="9.771068e-002" type="0"/>
    <Peak1D F1="3.7175" intensity="4.398045e-002" type="0"/>
    <Peak1D F1="3.7016" intensity="2.803469e-002" type="0"/>
    <Peak1D F1="3.6912" intensity="3.579325e-002" type="0"/>
    <Peak1D F1="3.6800" intensity="3.892791e-002" type="0"/>
    <Peak1D F1="3.6736" intensity="3.954894e-002" type="0"/>
    <Peak1D F1="3.6608" intensity="4.015822e-002" type="0"/>
    <Peak1D F1="3.6487" intensity="1.058276e-001" type="0"/>
    <Peak1D F1="3.6285" intensity="3.688482e-001" type="0"/>
    <Peak1D F1="3.6121" intensity="8.366301e-002" type="0"/>
    <Peak1D F1="3.5955" intensity="1.430077e-001" type="0"/>
    <Peak1D F1="3.5647" intensity="1.500000e+001" type="0"/>
    <Peak1D F1="3.5106" intensity="1.204632e-001" type="0"/>
    <Peak1D F1="3.4876" intensity="3.658155e-002" type="0"/>
    <Peak1D F1="3.4606" intensity="2.770483e-002" type="0"/>
    <Peak1D F1="3.4515" intensity="2.894111e-002" type="0"/>
    <Peak1D F1="3.4358" intensity="2.477232e-002" type="0"/>
    <Peak1D F1="3.4104" intensity="2.914984e-002" type="0"/>
    <Peak1D F1="3.4075" intensity="2.603642e-002" type="0"/>
    <Peak1D F1="3.3784" intensity="9.983990e-002" type="0"/>
    <Peak1D F1="3.3307" intensity="3.162994e+000" type="0"/>
    <Peak1D F1="3.2999" intensity="6.470201e-002" type="0"/>
    <Peak1D F1="3.2988" intensity="6.037253e-002" type="0"/>
    <Peak1D F1="3.2689" intensity="2.368612e-002" type="0"/>
    <Peak1D F1="3.2622" intensity="2.234234e-002" type="0"/>
    <Peak1D F1="2.9589" intensity="2.769089e-002" type="0"/>
    <Peak1D F1="2.9352" intensity="2.337528e-002" type="0"/>
    <Peak1D F1="2.7308" intensity="1.401779e-001" type="0"/>
    <Peak1D F1="2.4288" intensity="2.184987e-002" type="0"/>
    <Peak1D F1="2.3878" intensity="2.664433e-002" type="0"/>
    <Peak1D F1="2.3494" intensity="3.166604e-002" type="0"/>
    <Peak1D F1="2.3267" intensity="4.095004e-002" type="0"/>
    <Peak1D F1="2.3029" intensity="3.688835e-001" type="0"/>
    <Peak1D F1="2.2859" intensity="3.345876e-001" type="0"/>
    <Peak1D F1="2.2633" intensity="4.595871e-002" type="0"/>
    <Peak1D F1="2.2427" intensity="3.229597e-002" type="0"/>
    <Peak1D F1="2.2275" intensity="3.109852e-002" type="0"/>
    <Peak1D F1="2.2007" intensity="3.016178e-002" type="0"/>
    <Peak1D F1="2.1993" intensity="2.134149e-002" type="0"/>
    <Peak1D F1="2.0630" intensity="4.604412e-002" type="0"/>
    <Peak1D F1="2.0253" intensity="3.807697e-001" type="0"/>
    <Peak1D F1="1.6828" intensity="2.790588e-002" type="0"/>
    <Peak1D F1="1.6393" intensity="2.615450e-002" type="0"/>
    <Peak1D F1="1.6310" intensity="2.223045e-002" type="0"/>
    <Peak1D F1="1.6169" intensity="2.536903e-002" type="0"/>
    <Peak1D F1="1.6070" intensity="2.589157e-002" type="0"/>
    <Peak1D F1="1.5980" intensity="2.580637e-002" type="0"/>
    <Peak1D F1="1.4566" intensity="3.447819e-002" type="0"/>
    <Peak1D F1="1.4461" intensity="2.369820e-002" type="0"/>
    <Peak1D F1="1.4431" intensity="2.315905e-002" type="0"/>
    <Peak1D F1="1.4417" intensity="2.962881e-002" type="0"/>
    <Peak1D F1="1.3590" intensity="3.319793e-002" type="0"/>
    <Peak1D F1="1.3481" intensity="3.737248e-002" type="0"/>
    <Peak1D F1="1.2915" intensity="3.362442e-001" type="0"/>
    <Peak1D F1="1.2670" intensity="1.385168e-001" type="0"/>
    <Peak1D F1="1.2500" intensity="2.160189e-001" type="0"/>
    <Peak1D F1="1.2309" intensity="1.164601e-001" type="0"/>
    <Peak1D F1="1.1825" intensity="3.124432e-002" type="0"/>
    <Peak1D F1="1.1648" intensity="2.176463e-002" type="0"/>
    <Peak1D F1="1.1362" intensity="2.379972e-002" type="0"/>
    <Peak1D F1="0.9554" intensity="2.668621e-002" type="0"/>
    <Peak1D F1="0.9490" intensity="2.432606e-002" type="0"/>
    <Peak1D F1="0.9100" intensity="7.511973e-002" type="0"/>
    <Peak1D F1="0.8853" intensity="7.682147e-002" type="0"/>
    <Peak1D F1="0.8601" intensity="4.016109e-002" type="0"/>
    <Peak1D F1="0.8192" intensity="3.581726e-002" type="0"/>
    <Peak1D F1="0.1625" intensity="2.259021e-002" type="0"/>
    <Peak1D F1="0.1425" intensity="2.634539e-002" type="0"/>
    <Peak1D F1="0.1350" intensity="2.867002e-002" type="0"/>
    <Peak1D F1="0.1240" intensity="6.362744e-002" type="0"/>
    <Peak1D F1="0.1202" intensity="4.189723e-002" type="0"/>
    <Peak1D F1="-0.6299" intensity="2.179145e-002" type="0"/>
  </PeakList1D>
</PeakList>
