<?xml version="1.0" encoding="UTF-8"?>
<PeakList>
  <PeakList1D>
    <PeakList1DHeader creator="Lijin_Xu" date="2017-10-20T22:35:24.164+08:00" expNo="2" name="zhq-420a" owner="" procNo="1" source="D:">
      <PeakPickDetails>F1=235.494ppm, F2=-15.494ppm, MI=0.00cm, MAXI=10000.00cm, PC=1.400
      </PeakPickDetails>
    </PeakList1DHeader>
    <Peak1D F1="163.9342" intensity="5.32" type="0"/>
    <Peak1D F1="151.8080" intensity="4.66" type="0"/>
    <Peak1D F1="150.0488" intensity="6.76" type="0"/>
    <Peak1D F1="149.8245" intensity="11.38" type="0"/>
    <Peak1D F1="140.2006" intensity="11.25" type="0"/>
    <Peak1D F1="138.5124" intensity="10.89" type="0"/>
    <Peak1D F1="124.0580" intensity="12.21" type="0"/>
    <Peak1D F1="124.0041" intensity="12.54" type="0"/>
    <Peak1D F1="118.4553" intensity="11.77" type="0"/>
    <Peak1D F1="104.9925" intensity="11.79" type="0"/>
    <Peak1D F1="77.4080" intensity="32.59" type="0"/>
    <Peak1D F1="77.0903" intensity="34.08" type="0"/>
    <Peak1D F1="76.7720" intensity="33.95" type="0"/>
    <Peak1D F1="32.9635" intensity="12.07" type="0"/>
    <Peak1D F1="31.8017" intensity="12.50" type="0"/>
    <Peak1D F1="29.2881" intensity="12.51" type="0"/>
    <Peak1D F1="29.1661" intensity="12.98" type="0"/>
    <Peak1D F1="29.0815" intensity="14.43" type="0"/>
    <Peak1D F1="29.0202" intensity="15.00" type="0"/>
    <Peak1D F1="27.7922" intensity="12.99" type="0"/>
    <Peak1D F1="22.6334" intensity="12.55" type="0"/>
    <Peak1D F1="14.1048" intensity="11.96" type="0"/>
  </PeakList1D>
</PeakList>
