<?xml version="1.0" encoding="UTF-8"?>
<PeakList>
  <PeakList1D>
    <PeakList1DHeader creator="Lijin_Xu" date="2017-11-16T15:21:52.211+08:00" expNo="2" name="zhq-454c" owner="" procNo="1" source="D:">
      <PeakPickDetails>F1=235.494ppm, F2=-15.494ppm, MI=0.00cm, MAXI=10000.00cm, PC=1.400
      </PeakPickDetails>
    </PeakList1DHeader>
    <Peak1D F1="163.9292" intensity="1.02" type="0"/>
    <Peak1D F1="151.7715" intensity="2.50" type="0"/>
    <Peak1D F1="150.4881" intensity="2.97" type="0"/>
    <Peak1D F1="149.7707" intensity="5.34" type="0"/>
    <Peak1D F1="140.2380" intensity="6.09" type="0"/>
    <Peak1D F1="138.4747" intensity="6.43" type="0"/>
    <Peak1D F1="124.0998" intensity="5.64" type="0"/>
    <Peak1D F1="124.0189" intensity="6.00" type="0"/>
    <Peak1D F1="118.3674" intensity="5.47" type="0"/>
    <Peak1D F1="105.0627" intensity="6.73" type="0"/>
    <Peak1D F1="77.4610" intensity="15.77" type="0"/>
    <Peak1D F1="77.3448" intensity="1.86" type="0"/>
    <Peak1D F1="77.1431" intensity="15.87" type="0"/>
    <Peak1D F1="76.8245" intensity="15.55" type="0"/>
    <Peak1D F1="37.1405" intensity="7.56" type="0"/>
    <Peak1D F1="35.7552" intensity="7.20" type="0"/>
    <Peak1D F1="32.8771" intensity="11.63" type="0"/>
    <Peak1D F1="30.5426" intensity="6.87" type="0"/>
    <Peak1D F1="26.3826" intensity="8.22" type="0"/>
    <Peak1D F1="26.0742" intensity="15.00" type="0"/>
  </PeakList1D>
</PeakList>
