<?xml version="1.0" encoding="UTF-8"?>
<PeakList>
  <PeakList1D>
    <PeakList1DHeader creator="nmr600" date="2019-07-02T10:30:28.861+02:00" expNo="21" name="6Jul0219" owner="" procNo="1" source="/opt/topspin3.0/data/nmr600/nmr">
      <PeakPickDetails>F1=219.446198ppm, F2=-19.452496ppm, MI=0.00cm, MAXI=10000.00cm, PC=1.400
      </PeakPickDetails>
    </PeakList1DHeader>
    <Peak1D F1="164.907394" intensity="-2.297798e+00" type="0"/>
    <Peak1D F1="160.205490" intensity="-1.852644e+00" type="0"/>
    <Peak1D F1="157.177902" intensity="-1.723456e-01" type="0"/>
    <Peak1D F1="139.275848" intensity="-1.568101e-01" type="0"/>
    <Peak1D F1="138.966217" intensity="-2.139379e+00" type="0"/>
    <Peak1D F1="137.252182" intensity="-2.986693e+00" type="0"/>
    <Peak1D F1="136.745483" intensity="-1.837066e-01" type="0"/>
    <Peak1D F1="134.123138" intensity="6.440148e+00" type="0"/>
    <Peak1D F1="130.041885" intensity="5.232317e-01" type="0"/>
    <Peak1D F1="129.827942" intensity="1.538951e-01" type="0"/>
    <Peak1D F1="129.635788" intensity="1.404351e+01" type="0"/>
    <Peak1D F1="129.588684" intensity="1.139679e+00" type="0"/>
    <Peak1D F1="128.243500" intensity="6.491036e+00" type="0"/>
    <Peak1D F1="127.902672" intensity="4.358252e-01" type="0"/>
    <Peak1D F1="125.660957" intensity="1.500000e+01" type="0"/>
    <Peak1D F1="125.509560" intensity="9.671713e-01" type="0"/>
    <Peak1D F1="124.047150" intensity="4.071568e-01" type="0"/>
    <Peak1D F1="123.740517" intensity="-1.527091e-01" type="0"/>
    <Peak1D F1="121.620476" intensity="-4.350342e-01" type="0"/>
    <Peak1D F1="121.307114" intensity="-2.273134e+00" type="0"/>
    <Peak1D F1="119.501785" intensity="-4.293978e-01" type="0"/>
    <Peak1D F1="117.384750" intensity="-1.349252e-01" type="0"/>
    <Peak1D F1="116.790207" intensity="7.210546e+00" type="0"/>
    <Peak1D F1="113.505150" intensity="6.028868e+00" type="0"/>
    <Peak1D F1="108.739479" intensity="4.253787e-01" type="0"/>
    <Peak1D F1="77.271454" intensity="-4.835989e+00" type="0"/>
    <Peak1D F1="77.059311" intensity="-5.296216e+00" type="0"/>
    <Peak1D F1="76.847511" intensity="-5.364474e+00" type="0"/>
    <Peak1D F1="56.250431" intensity="7.938665e-01" type="0"/>
    <Peak1D F1="55.410316" intensity="1.231125e+01" type="0"/>
    <Peak1D F1="53.466228" intensity="-2.569990e-01" type="0"/>
    <Peak1D F1="51.680271" intensity="6.441611e+00" type="0"/>
    <Peak1D F1="50.976685" intensity="-6.609578e-01" type="0"/>
    <Peak1D F1="50.890266" intensity="-9.284769e+00" type="0"/>
    <Peak1D F1="49.458076" intensity="-8.462995e+00" type="0"/>
    <Peak1D F1="49.271027" intensity="-6.360139e-01" type="0"/>
    <Peak1D F1="41.213921" intensity="4.459960e-01" type="0"/>
    <Peak1D F1="40.400818" intensity="-5.134882e-01" type="0"/>
    <Peak1D F1="40.223320" intensity="-8.197235e+00" type="0"/>
    <Peak1D F1="32.273354" intensity="-8.166729e+00" type="0"/>
    <Peak1D F1="32.138306" intensity="-5.893472e-01" type="0"/>
    <Peak1D F1="29.699612" intensity="-1.782823e-01" type="0"/>
    <Peak1D F1="25.355518" intensity="-9.795642e+00" type="0"/>
    <Peak1D F1="25.291996" intensity="-6.943272e-01" type="0"/>
    <Peak1D F1="25.120567" intensity="-7.742302e-01" type="0"/>
    <Peak1D F1="25.056292" intensity="-9.827019e+00" type="0"/>
  </PeakList1D>
</PeakList>
