<?xml version="1.0" encoding="UTF-8"?>
<PeakList>
  <PeakList1D>
    <PeakList1DHeader creator="nmrsu" date="2018-08-17T17:11:27.009-03:00" expNo="8" name="2B232_MS221" owner="" procNo="1" source="C:/NMRData/data/marcio_marilia/nmr">
      <PeakPickDetails>F1=222.593ppm, F2=-22.603ppm, MI=0.00cm, MAXI=10000.00cm, PC=1.400
      </PeakPickDetails>
    </PeakList1DHeader>
    <Peak1D F1="172.1784" intensity="2.431681e+000" type="0"/>
    <Peak1D F1="138.3962" intensity="2.761689e+000" type="0"/>
    <Peak1D F1="136.3347" intensity="2.181567e+000" type="0"/>
    <Peak1D F1="128.8470" intensity="1.425945e+001" type="0"/>
    <Peak1D F1="128.5882" intensity="1.500000e+001" type="0"/>
    <Peak1D F1="127.5085" intensity="2.384622e+000" type="0"/>
    <Peak1D F1="127.3118" intensity="7.388662e+000" type="0"/>
    <Peak1D F1="126.2008" intensity="1.925773e+000" type="0"/>
    <Peak1D F1="123.3055" intensity="7.978339e+000" type="0"/>
    <Peak1D F1="119.9853" intensity="7.686792e+000" type="0"/>
    <Peak1D F1="119.3538" intensity="7.999198e+000" type="0"/>
    <Peak1D F1="115.4331" intensity="2.171702e+000" type="0"/>
    <Peak1D F1="110.7769" intensity="7.337424e+000" type="0"/>
    <Peak1D F1="77.3623" intensity="2.836792e+001" type="0"/>
    <Peak1D F1="77.0446" intensity="2.883609e+001" type="0"/>
    <Peak1D F1="76.7272" intensity="2.888049e+001" type="0"/>
    <Peak1D F1="52.0166" intensity="4.978520e+000" type="0"/>
    <Peak1D F1="41.6131" intensity="7.401899e+000" type="0"/>
    <Peak1D F1="30.7875" intensity="7.654092e+000" type="0"/>
  </PeakList1D>
</PeakList>
