<?xml version="1.0" encoding="UTF-8"?>
<PeakList>
  <PeakList1D>
    <PeakList1DHeader creator="Lijin_Xu" date="2017-10-10T15:04:18.009+08:00" expNo="2" name="zhq-426" owner="" procNo="1" source="D:">
      <PeakPickDetails>F1=235.494ppm, F2=-15.494ppm, MI=0.00cm, MAXI=10000.00cm, PC=1.400
      </PeakPickDetails>
    </PeakList1DHeader>
    <Peak1D F1="163.9364" intensity="5.61" type="0"/>
    <Peak1D F1="151.8266" intensity="4.47" type="0"/>
    <Peak1D F1="150.0305" intensity="7.24" type="0"/>
    <Peak1D F1="149.8436" intensity="13.44" type="0"/>
    <Peak1D F1="140.1831" intensity="13.70" type="0"/>
    <Peak1D F1="138.5064" intensity="12.89" type="0"/>
    <Peak1D F1="124.0625" intensity="14.33" type="0"/>
    <Peak1D F1="124.0027" intensity="15.00" type="0"/>
    <Peak1D F1="118.5033" intensity="14.09" type="0"/>
    <Peak1D F1="104.9735" intensity="14.51" type="0"/>
    <Peak1D F1="77.3715" intensity="67.55" type="0"/>
    <Peak1D F1="77.0536" intensity="69.91" type="0"/>
    <Peak1D F1="76.7361" intensity="69.86" type="0"/>
    <Peak1D F1="32.9329" intensity="13.74" type="0"/>
    <Peak1D F1="31.2171" intensity="14.24" type="0"/>
    <Peak1D F1="27.4717" intensity="14.19" type="0"/>
    <Peak1D F1="22.1522" intensity="13.39" type="0"/>
    <Peak1D F1="13.8404" intensity="13.24" type="0"/>
  </PeakList1D>
</PeakList>
