<?xml version="1.0" encoding="UTF-8"?>
<PeakList>
  <PeakList1D>
    <PeakList1DHeader creator="nmrsu" date="2019-11-06T06:13:02.455-02:00" expNo="1" name="2A644_JACD-Marilia-Naftalene-thiol" owner="" procNo="1" source="C:/NMRData/data/marcio_jose/nmr">
      <PeakPickDetails>F1=15.908890ppm, F2=-1.130173ppm, MI=0.00cm, MAXI=10000.00cm, PC=1.000
      </PeakPickDetails>
    </PeakList1DHeader>
    <Peak1D F1="15.451960" intensity="5.052959e-003" type="0"/>
    <Peak1D F1="15.347716" intensity="4.889107e-003" type="0"/>
    <Peak1D F1="12.572789" intensity="5.202900e-003" type="0"/>
    <Peak1D F1="12.559744" intensity="4.790238e-003" type="0"/>
    <Peak1D F1="11.380393" intensity="4.813409e-003" type="0"/>
    <Peak1D F1="11.123031" intensity="5.077784e-003" type="0"/>
    <Peak1D F1="10.944200" intensity="5.027236e-003" type="0"/>
    <Peak1D F1="8.523576" intensity="6.200430e-003" type="0"/>
    <Peak1D F1="8.503510" intensity="6.413849e-003" type="0"/>
    <Peak1D F1="8.494482" intensity="5.529207e-003" type="0"/>
    <Peak1D F1="8.485876" intensity="6.021612e-003" type="0"/>
    <Peak1D F1="8.460139" intensity="6.278688e-003" type="0"/>
    <Peak1D F1="8.454943" intensity="5.620454e-003" type="0"/>
    <Peak1D F1="8.437775" intensity="7.387333e-003" type="0"/>
    <Peak1D F1="8.416193" intensity="6.393284e-003" type="0"/>
    <Peak1D F1="8.394382" intensity="1.066334e-002" type="0"/>
    <Peak1D F1="8.379393" intensity="6.947722e-003" type="0"/>
    <Peak1D F1="8.372954" intensity="1.246932e-002" type="0"/>
    <Peak1D F1="8.365766" intensity="9.797801e-003" type="0"/>
    <Peak1D F1="8.362898" intensity="1.082866e-002" type="0"/>
    <Peak1D F1="8.343649" intensity="1.608048e-002" type="0"/>
    <Peak1D F1="8.326772" intensity="1.005411e-002" type="0"/>
    <Peak1D F1="8.293728" intensity="1.685390e-002" type="0"/>
    <Peak1D F1="8.271842" intensity="1.702893e-002" type="0"/>
    <Peak1D F1="8.261538" intensity="1.850049e-002" type="0"/>
    <Peak1D F1="8.254470" intensity="1.393311e-002" type="0"/>
    <Peak1D F1="8.248527" intensity="1.631687e-002" type="0"/>
    <Peak1D F1="8.217857" intensity="2.119941e-002" type="0"/>
    <Peak1D F1="8.189017" intensity="5.932023e-002" type="0"/>
    <Peak1D F1="8.140153" intensity="1.304664e+000" type="0"/>
    <Peak1D F1="8.078540" intensity="4.452112e-002" type="0"/>
    <Peak1D F1="8.054312" intensity="4.109305e-002" type="0"/>
    <Peak1D F1="8.042883" intensity="3.641991e-002" type="0"/>
    <Peak1D F1="8.039392" intensity="3.663224e-002" type="0"/>
    <Peak1D F1="8.014833" intensity="1.159949e-001" type="0"/>
    <Peak1D F1="7.992687" intensity="2.806687e-002" type="0"/>
    <Peak1D F1="7.989300" intensity="2.533198e-002" type="0"/>
    <Peak1D F1="7.965889" intensity="1.901235e-002" type="0"/>
    <Peak1D F1="7.959155" intensity="1.829345e-002" type="0"/>
    <Peak1D F1="7.941124" intensity="1.789622e-002" type="0"/>
    <Peak1D F1="7.938581" intensity="1.787626e-002" type="0"/>
    <Peak1D F1="7.920681" intensity="1.254416e-001" type="0"/>
    <Peak1D F1="7.901703" intensity="8.744954e-002" type="0"/>
    <Peak1D F1="7.880657" intensity="1.385798e-001" type="0"/>
    <Peak1D F1="7.872578" intensity="3.833040e-002" type="0"/>
    <Peak1D F1="7.848144" intensity="6.117760e-002" type="0"/>
    <Peak1D F1="7.835411" intensity="5.293069e-002" type="0"/>
    <Peak1D F1="7.826750" intensity="7.463338e-002" type="0"/>
    <Peak1D F1="7.808400" intensity="1.449907e-001" type="0"/>
    <Peak1D F1="7.794562" intensity="7.757364e-002" type="0"/>
    <Peak1D F1="7.782572" intensity="2.370729e-001" type="0"/>
    <Peak1D F1="7.760515" intensity="4.581682e-001" type="0"/>
    <Peak1D F1="7.750305" intensity="2.826012e-001" type="0"/>
    <Peak1D F1="7.739740" intensity="2.953044e-001" type="0"/>
    <Peak1D F1="7.712487" intensity="1.441516e-001" type="0"/>
    <Peak1D F1="7.690827" intensity="2.774819e-001" type="0"/>
    <Peak1D F1="7.679218" intensity="1.453019e+000" type="0"/>
    <Peak1D F1="7.658442" intensity="1.510198e+000" type="0"/>
    <Peak1D F1="7.635359" intensity="1.940762e-001" type="0"/>
    <Peak1D F1="7.616940" intensity="2.275558e+000" type="0"/>
    <Peak1D F1="7.595047" intensity="2.689990e+000" type="0"/>
    <Peak1D F1="7.586395" intensity="2.110892e+000" type="0"/>
    <Peak1D F1="7.566958" intensity="3.416768e+000" type="0"/>
    <Peak1D F1="7.549627" intensity="1.828488e+000" type="0"/>
    <Peak1D F1="7.528401" intensity="1.670343e-001" type="0"/>
    <Peak1D F1="7.513146" intensity="1.203046e-001" type="0"/>
    <Peak1D F1="7.483780" intensity="3.378958e+000" type="0"/>
    <Peak1D F1="7.458918" intensity="1.992250e-001" type="0"/>
    <Peak1D F1="7.430775" intensity="3.423376e-001" type="0"/>
    <Peak1D F1="7.419446" intensity="3.429733e-001" type="0"/>
    <Peak1D F1="7.389514" intensity="2.357951e-001" type="0"/>
    <Peak1D F1="7.369658" intensity="7.839799e-001" type="0"/>
    <Peak1D F1="7.352868" intensity="1.867755e+000" type="0"/>
    <Peak1D F1="7.348123" intensity="2.051065e+000" type="0"/>
    <Peak1D F1="7.339044" intensity="2.788588e+000" type="0"/>
    <Peak1D F1="7.329207" intensity="2.037364e+000" type="0"/>
    <Peak1D F1="7.325312" intensity="1.711436e+000" type="0"/>
    <Peak1D F1="7.308285" intensity="5.655648e-001" type="0"/>
    <Peak1D F1="7.287611" intensity="1.727146e-001" type="0"/>
    <Peak1D F1="7.268375" intensity="1.396507e-001" type="0"/>
    <Peak1D F1="7.239326" intensity="1.224649e+000" type="0"/>
    <Peak1D F1="7.219191" intensity="3.031960e+000" type="0"/>
    <Peak1D F1="7.201777" intensity="1.508728e+000" type="0"/>
    <Peak1D F1="7.184601" intensity="2.137590e+000" type="0"/>
    <Peak1D F1="7.173329" intensity="2.261448e+000" type="0"/>
    <Peak1D F1="7.164398" intensity="1.084138e+000" type="0"/>
    <Peak1D F1="7.150983" intensity="2.011227e+000" type="0"/>
    <Peak1D F1="7.128989" intensity="1.952184e+000" type="0"/>
    <Peak1D F1="7.125501" intensity="2.088310e+000" type="0"/>
    <Peak1D F1="7.103860" intensity="1.981727e+000" type="0"/>
    <Peak1D F1="7.085805" intensity="9.745693e-001" type="0"/>
    <Peak1D F1="7.057215" intensity="1.034492e-001" type="0"/>
    <Peak1D F1="7.035096" intensity="1.402457e-001" type="0"/>
    <Peak1D F1="7.015909" intensity="9.302898e-002" type="0"/>
    <Peak1D F1="7.001418" intensity="7.139141e-002" type="0"/>
    <Peak1D F1="6.980753" intensity="1.138229e-001" type="0"/>
    <Peak1D F1="6.960483" intensity="1.260514e-001" type="0"/>
    <Peak1D F1="6.948009" intensity="6.277730e-002" type="0"/>
    <Peak1D F1="6.941972" intensity="8.644019e-002" type="0"/>
    <Peak1D F1="6.927250" intensity="6.319184e-002" type="0"/>
    <Peak1D F1="6.917654" intensity="7.642417e-002" type="0"/>
    <Peak1D F1="6.906898" intensity="6.385431e-002" type="0"/>
    <Peak1D F1="6.879858" intensity="4.104456e-002" type="0"/>
    <Peak1D F1="6.855613" intensity="1.207217e-001" type="0"/>
    <Peak1D F1="6.835693" intensity="9.920671e-002" type="0"/>
    <Peak1D F1="6.824171" intensity="4.302533e-002" type="0"/>
    <Peak1D F1="6.805310" intensity="3.347592e-002" type="0"/>
    <Peak1D F1="6.796454" intensity="1.776155e-002" type="0"/>
    <Peak1D F1="6.782712" intensity="1.594816e-002" type="0"/>
    <Peak1D F1="6.776656" intensity="1.736777e-002" type="0"/>
    <Peak1D F1="6.757155" intensity="1.990756e-002" type="0"/>
    <Peak1D F1="6.747561" intensity="1.730037e-002" type="0"/>
    <Peak1D F1="6.728657" intensity="1.431567e-002" type="0"/>
    <Peak1D F1="6.720029" intensity="1.304436e-002" type="0"/>
    <Peak1D F1="6.712724" intensity="1.164430e-002" type="0"/>
    <Peak1D F1="6.710104" intensity="1.276513e-002" type="0"/>
    <Peak1D F1="6.702601" intensity="1.065153e-002" type="0"/>
    <Peak1D F1="6.691403" intensity="1.097810e-002" type="0"/>
    <Peak1D F1="6.668243" intensity="2.721524e-002" type="0"/>
    <Peak1D F1="6.645436" intensity="2.186299e-002" type="0"/>
    <Peak1D F1="6.626891" intensity="1.042264e-002" type="0"/>
    <Peak1D F1="6.611684" intensity="9.358542e-003" type="0"/>
    <Peak1D F1="6.605561" intensity="9.618518e-003" type="0"/>
    <Peak1D F1="6.600707" intensity="8.759953e-003" type="0"/>
    <Peak1D F1="6.593533" intensity="9.734442e-003" type="0"/>
    <Peak1D F1="6.581917" intensity="1.219282e-002" type="0"/>
    <Peak1D F1="6.559859" intensity="1.081216e-002" type="0"/>
    <Peak1D F1="6.548030" intensity="1.067466e-002" type="0"/>
    <Peak1D F1="6.525534" intensity="1.143399e-002" type="0"/>
    <Peak1D F1="6.522404" intensity="1.116438e-002" type="0"/>
    <Peak1D F1="6.502914" intensity="1.191405e-002" type="0"/>
    <Peak1D F1="6.497370" intensity="1.135311e-002" type="0"/>
    <Peak1D F1="6.489086" intensity="1.025936e-002" type="0"/>
    <Peak1D F1="6.474309" intensity="1.342648e-001" type="0"/>
    <Peak1D F1="6.458744" intensity="9.844236e-003" type="0"/>
    <Peak1D F1="6.433553" intensity="1.263156e-001" type="0"/>
    <Peak1D F1="6.412922" intensity="9.387478e-003" type="0"/>
    <Peak1D F1="6.387695" intensity="1.006602e-002" type="0"/>
    <Peak1D F1="6.355459" intensity="6.580761e-003" type="0"/>
    <Peak1D F1="6.346090" intensity="5.980824e-003" type="0"/>
    <Peak1D F1="6.344512" intensity="5.807461e-003" type="0"/>
    <Peak1D F1="6.334424" intensity="6.899768e-003" type="0"/>
    <Peak1D F1="6.321179" intensity="6.487366e-003" type="0"/>
    <Peak1D F1="6.303030" intensity="5.745133e-003" type="0"/>
    <Peak1D F1="6.280299" intensity="1.069432e-001" type="0"/>
    <Peak1D F1="6.268989" intensity="7.995265e-003" type="0"/>
    <Peak1D F1="6.262186" intensity="7.418477e-003" type="0"/>
    <Peak1D F1="6.249186" intensity="6.660365e-003" type="0"/>
    <Peak1D F1="6.240216" intensity="9.878755e-002" type="0"/>
    <Peak1D F1="6.221035" intensity="5.280598e-003" type="0"/>
    <Peak1D F1="6.195828" intensity="5.925224e-003" type="0"/>
    <Peak1D F1="6.173224" intensity="5.429548e-003" type="0"/>
    <Peak1D F1="6.161818" intensity="8.620773e-003" type="0"/>
    <Peak1D F1="6.148771" intensity="1.124856e-002" type="0"/>
    <Peak1D F1="6.139176" intensity="1.305021e-002" type="0"/>
    <Peak1D F1="6.125162" intensity="1.035441e-002" type="0"/>
    <Peak1D F1="6.123792" intensity="8.358040e-003" type="0"/>
    <Peak1D F1="6.104126" intensity="6.003012e-003" type="0"/>
    <Peak1D F1="6.001404" intensity="5.696694e-003" type="0"/>
    <Peak1D F1="5.741927" intensity="1.758045e-002" type="0"/>
    <Peak1D F1="5.727866" intensity="6.136995e-003" type="0"/>
    <Peak1D F1="5.718036" intensity="5.278684e-003" type="0"/>
    <Peak1D F1="5.695411" intensity="6.661210e-003" type="0"/>
    <Peak1D F1="5.692525" intensity="5.899915e-003" type="0"/>
    <Peak1D F1="5.689405" intensity="6.871407e-003" type="0"/>
    <Peak1D F1="5.646231" intensity="5.088308e-003" type="0"/>
    <Peak1D F1="5.633923" intensity="1.087031e-002" type="0"/>
    <Peak1D F1="5.498225" intensity="5.402932e-003" type="0"/>
    <Peak1D F1="5.210776" intensity="1.874720e-001" type="0"/>
    <Peak1D F1="5.011318" intensity="5.880674e-003" type="0"/>
    <Peak1D F1="4.933594" intensity="2.061871e-002" type="0"/>
    <Peak1D F1="4.888129" intensity="1.439056e-002" type="0"/>
    <Peak1D F1="4.830647" intensity="6.882168e-003" type="0"/>
    <Peak1D F1="4.821460" intensity="1.815342e-002" type="0"/>
    <Peak1D F1="4.807999" intensity="7.508617e-003" type="0"/>
    <Peak1D F1="4.799853" intensity="5.864745e-003" type="0"/>
    <Peak1D F1="4.797544" intensity="5.244713e-003" type="0"/>
    <Peak1D F1="4.648650" intensity="7.143082e-003" type="0"/>
    <Peak1D F1="4.635698" intensity="1.179440e-002" type="0"/>
    <Peak1D F1="4.626317" intensity="6.347592e-003" type="0"/>
    <Peak1D F1="4.625327" intensity="8.963584e-003" type="0"/>
    <Peak1D F1="4.511629" intensity="6.473599e-003" type="0"/>
    <Peak1D F1="4.495475" intensity="1.220806e-002" type="0"/>
    <Peak1D F1="4.487622" intensity="1.367307e-002" type="0"/>
    <Peak1D F1="4.066032" intensity="2.322683e-002" type="0"/>
    <Peak1D F1="4.048397" intensity="6.442380e-002" type="0"/>
    <Peak1D F1="4.037628" intensity="5.386772e-002" type="0"/>
    <Peak1D F1="4.030729" intensity="6.666784e-002" type="0"/>
    <Peak1D F1="4.020725" intensity="9.714132e-003" type="0"/>
    <Peak1D F1="4.012475" intensity="2.445358e-002" type="0"/>
    <Peak1D F1="4.003798" intensity="6.048302e-003" type="0"/>
    <Peak1D F1="3.968530" intensity="2.168343e-002" type="0"/>
    <Peak1D F1="3.942449" intensity="7.220440e-003" type="0"/>
    <Peak1D F1="3.923244" intensity="6.928147e-003" type="0"/>
    <Peak1D F1="3.904989" intensity="9.292573e-002" type="0"/>
    <Peak1D F1="3.877419" intensity="9.384614e+000" type="0"/>
    <Peak1D F1="3.836688" intensity="1.105148e-002" type="0"/>
    <Peak1D F1="3.833034" intensity="1.445199e-002" type="0"/>
    <Peak1D F1="3.804145" intensity="5.002911e-002" type="0"/>
    <Peak1D F1="3.789420" intensity="5.926993e-001" type="0"/>
    <Peak1D F1="3.773510" intensity="1.204629e-002" type="0"/>
    <Peak1D F1="3.758442" intensity="7.555647e-001" type="0"/>
    <Peak1D F1="3.731073" intensity="1.879272e-002" type="0"/>
    <Peak1D F1="3.713161" intensity="5.919721e-002" type="0"/>
    <Peak1D F1="3.698328" intensity="1.432465e-002" type="0"/>
    <Peak1D F1="3.690349" intensity="2.083153e-002" type="0"/>
    <Peak1D F1="3.678333" intensity="9.559277e-002" type="0"/>
    <Peak1D F1="3.659710" intensity="3.124242e-002" type="0"/>
    <Peak1D F1="3.642835" intensity="1.555863e-001" type="0"/>
    <Peak1D F1="3.625819" intensity="8.208326e-002" type="0"/>
    <Peak1D F1="3.609199" intensity="6.184224e-002" type="0"/>
    <Peak1D F1="3.595137" intensity="2.843987e-001" type="0"/>
    <Peak1D F1="3.570770" intensity="2.297709e-001" type="0"/>
    <Peak1D F1="3.554563" intensity="6.201765e-002" type="0"/>
    <Peak1D F1="3.533747" intensity="1.239632e-001" type="0"/>
    <Peak1D F1="3.497681" intensity="1.500000e+001" type="0"/>
    <Peak1D F1="3.474256" intensity="8.779831e-002" type="0"/>
    <Peak1D F1="3.454996" intensity="1.479893e-001" type="0"/>
    <Peak1D F1="3.440563" intensity="5.765510e-002" type="0"/>
    <Peak1D F1="3.428878" intensity="3.348757e-001" type="0"/>
    <Peak1D F1="3.419598" intensity="7.436306e-002" type="0"/>
    <Peak1D F1="3.405867" intensity="1.106744e-001" type="0"/>
    <Peak1D F1="3.387110" intensity="1.379739e-002" type="0"/>
    <Peak1D F1="3.380379" intensity="1.396911e-002" type="0"/>
    <Peak1D F1="3.378731" intensity="1.405472e-002" type="0"/>
    <Peak1D F1="3.358516" intensity="8.361328e-003" type="0"/>
    <Peak1D F1="3.343400" intensity="1.636816e-002" type="0"/>
    <Peak1D F1="3.322960" intensity="9.720589e-003" type="0"/>
    <Peak1D F1="3.311419" intensity="8.368896e-002" type="0"/>
    <Peak1D F1="3.287596" intensity="5.575273e-003" type="0"/>
    <Peak1D F1="3.272935" intensity="7.786525e-003" type="0"/>
    <Peak1D F1="3.097775" intensity="6.062566e-003" type="0"/>
    <Peak1D F1="3.037166" intensity="2.867323e-002" type="0"/>
    <Peak1D F1="3.018922" intensity="6.058172e-002" type="0"/>
    <Peak1D F1="3.010592" intensity="8.173166e-003" type="0"/>
    <Peak1D F1="2.998719" intensity="3.365654e-002" type="0"/>
    <Peak1D F1="2.986297" intensity="5.584054e-003" type="0"/>
    <Peak1D F1="2.961648" intensity="5.258960e-003" type="0"/>
    <Peak1D F1="2.891058" intensity="5.464081e-003" type="0"/>
    <Peak1D F1="2.869707" intensity="6.152229e-003" type="0"/>
    <Peak1D F1="2.830935" intensity="7.492446e-003" type="0"/>
    <Peak1D F1="2.816910" intensity="4.989978e-003" type="0"/>
    <Peak1D F1="2.803705" intensity="5.508104e-003" type="0"/>
    <Peak1D F1="2.793603" intensity="1.002343e-002" type="0"/>
    <Peak1D F1="2.777410" intensity="1.615003e-002" type="0"/>
    <Peak1D F1="2.765502" intensity="1.099316e-002" type="0"/>
    <Peak1D F1="2.751367" intensity="1.410651e-002" type="0"/>
    <Peak1D F1="2.744456" intensity="1.563552e-002" type="0"/>
    <Peak1D F1="2.725135" intensity="1.450073e-002" type="0"/>
    <Peak1D F1="2.713220" intensity="1.100805e-002" type="0"/>
    <Peak1D F1="2.709387" intensity="1.148188e-002" type="0"/>
    <Peak1D F1="2.706474" intensity="1.015076e-002" type="0"/>
    <Peak1D F1="2.683032" intensity="2.413624e-002" type="0"/>
    <Peak1D F1="2.662707" intensity="3.235415e-002" type="0"/>
    <Peak1D F1="2.657264" intensity="2.064705e-002" type="0"/>
    <Peak1D F1="2.652541" intensity="1.160441e-002" type="0"/>
    <Peak1D F1="2.641455" intensity="2.774089e-002" type="0"/>
    <Peak1D F1="2.628649" intensity="3.825124e-002" type="0"/>
    <Peak1D F1="2.609780" intensity="6.312376e-002" type="0"/>
    <Peak1D F1="2.590513" intensity="3.362905e-002" type="0"/>
    <Peak1D F1="2.578785" intensity="6.448071e-003" type="0"/>
    <Peak1D F1="2.559258" intensity="9.595509e-003" type="0"/>
    <Peak1D F1="2.556136" intensity="1.166178e-002" type="0"/>
    <Peak1D F1="2.519490" intensity="2.083056e-002" type="0"/>
    <Peak1D F1="2.514550" intensity="2.225299e-002" type="0"/>
    <Peak1D F1="2.501796" intensity="2.077060e-002" type="0"/>
    <Peak1D F1="2.466141" intensity="5.743936e-003" type="0"/>
    <Peak1D F1="2.443372" intensity="4.992892e-003" type="0"/>
    <Peak1D F1="2.403724" intensity="5.534239e-003" type="0"/>
    <Peak1D F1="2.386281" intensity="6.062959e-003" type="0"/>
    <Peak1D F1="2.379709" intensity="5.664476e-003" type="0"/>
    <Peak1D F1="2.347890" intensity="3.047121e-002" type="0"/>
    <Peak1D F1="2.327076" intensity="3.586240e-002" type="0"/>
    <Peak1D F1="2.307554" intensity="2.810532e-002" type="0"/>
    <Peak1D F1="2.278535" intensity="1.264354e-002" type="0"/>
    <Peak1D F1="2.252002" intensity="6.475919e-002" type="0"/>
    <Peak1D F1="2.243323" intensity="5.039521e-002" type="0"/>
    <Peak1D F1="2.229276" intensity="1.551207e-002" type="0"/>
    <Peak1D F1="2.226471" intensity="1.672003e-002" type="0"/>
    <Peak1D F1="2.216071" intensity="2.357611e-002" type="0"/>
    <Peak1D F1="2.206401" intensity="1.383676e-002" type="0"/>
    <Peak1D F1="2.200251" intensity="1.312265e-002" type="0"/>
    <Peak1D F1="2.193188" intensity="1.380628e-002" type="0"/>
    <Peak1D F1="2.163065" intensity="9.986062e-002" type="0"/>
    <Peak1D F1="2.128739" intensity="1.118999e-002" type="0"/>
    <Peak1D F1="2.127415" intensity="1.029556e-002" type="0"/>
    <Peak1D F1="2.126630" intensity="1.159935e-002" type="0"/>
    <Peak1D F1="2.124079" intensity="1.169134e-002" type="0"/>
    <Peak1D F1="2.119366" intensity="1.041725e-002" type="0"/>
    <Peak1D F1="2.083253" intensity="3.198992e-002" type="0"/>
    <Peak1D F1="2.054531" intensity="2.188241e-002" type="0"/>
    <Peak1D F1="2.027079" intensity="9.840294e-003" type="0"/>
    <Peak1D F1="2.023261" intensity="9.925807e-003" type="0"/>
    <Peak1D F1="2.008363" intensity="1.165557e-002" type="0"/>
    <Peak1D F1="2.002435" intensity="1.028954e-002" type="0"/>
    <Peak1D F1="2.000564" intensity="9.530072e-003" type="0"/>
    <Peak1D F1="1.997975" intensity="9.005458e-003" type="0"/>
    <Peak1D F1="1.994767" intensity="9.211504e-003" type="0"/>
    <Peak1D F1="1.980486" intensity="2.828138e-002" type="0"/>
    <Peak1D F1="1.962959" intensity="2.659430e-001" type="0"/>
    <Peak1D F1="1.941017" intensity="1.032612e-002" type="0"/>
    <Peak1D F1="1.935754" intensity="1.417656e-002" type="0"/>
    <Peak1D F1="1.927490" intensity="9.193566e-003" type="0"/>
    <Peak1D F1="1.917106" intensity="1.007480e-002" type="0"/>
    <Peak1D F1="1.912963" intensity="1.082150e-002" type="0"/>
    <Peak1D F1="1.902750" intensity="5.893793e-003" type="0"/>
    <Peak1D F1="1.897356" intensity="7.666365e-003" type="0"/>
    <Peak1D F1="1.886126" intensity="5.047623e-003" type="0"/>
    <Peak1D F1="1.875549" intensity="6.003614e-003" type="0"/>
    <Peak1D F1="1.861935" intensity="7.249035e-003" type="0"/>
    <Peak1D F1="1.843537" intensity="6.385456e-003" type="0"/>
    <Peak1D F1="1.823250" intensity="7.038703e-003" type="0"/>
    <Peak1D F1="1.807706" intensity="7.088662e-003" type="0"/>
    <Peak1D F1="1.801411" intensity="7.970774e-003" type="0"/>
    <Peak1D F1="1.785772" intensity="1.157459e-002" type="0"/>
    <Peak1D F1="1.768644" intensity="7.644563e-003" type="0"/>
    <Peak1D F1="1.767070" intensity="7.573358e-003" type="0"/>
    <Peak1D F1="1.758952" intensity="6.495576e-003" type="0"/>
    <Peak1D F1="1.735463" intensity="7.405546e-002" type="0"/>
    <Peak1D F1="1.721301" intensity="1.737689e-002" type="0"/>
    <Peak1D F1="1.687867" intensity="2.975149e-002" type="0"/>
    <Peak1D F1="1.679340" intensity="2.960438e-002" type="0"/>
    <Peak1D F1="1.663893" intensity="2.838043e-002" type="0"/>
    <Peak1D F1="1.655576" intensity="4.385173e-002" type="0"/>
    <Peak1D F1="1.626901" intensity="2.068297e-002" type="0"/>
    <Peak1D F1="1.607991" intensity="2.463056e-002" type="0"/>
    <Peak1D F1="1.590597" intensity="3.081285e-002" type="0"/>
    <Peak1D F1="1.589797" intensity="3.246054e-002" type="0"/>
    <Peak1D F1="1.586772" intensity="3.465077e-002" type="0"/>
    <Peak1D F1="1.581140" intensity="3.297741e-002" type="0"/>
    <Peak1D F1="1.567734" intensity="5.477376e-002" type="0"/>
    <Peak1D F1="1.546109" intensity="1.260073e-001" type="0"/>
    <Peak1D F1="1.509957" intensity="2.374357e+000" type="0"/>
    <Peak1D F1="1.447506" intensity="4.676567e-002" type="0"/>
    <Peak1D F1="1.439737" intensity="3.594118e-002" type="0"/>
    <Peak1D F1="1.431458" intensity="3.589264e-002" type="0"/>
    <Peak1D F1="1.414276" intensity="7.262538e-002" type="0"/>
    <Peak1D F1="1.406709" intensity="7.843406e-002" type="0"/>
    <Peak1D F1="1.397597" intensity="6.678674e-002" type="0"/>
    <Peak1D F1="1.375781" intensity="3.204058e-002" type="0"/>
    <Peak1D F1="1.365901" intensity="3.170526e-002" type="0"/>
    <Peak1D F1="1.351035" intensity="7.098451e-002" type="0"/>
    <Peak1D F1="1.340467" intensity="2.696661e-002" type="0"/>
    <Peak1D F1="1.331669" intensity="2.757767e-002" type="0"/>
    <Peak1D F1="1.314619" intensity="3.695003e-002" type="0"/>
    <Peak1D F1="1.297588" intensity="2.619581e-002" type="0"/>
    <Peak1D F1="1.288591" intensity="1.797865e-001" type="0"/>
    <Peak1D F1="1.271239" intensity="4.065798e-002" type="0"/>
    <Peak1D F1="1.269171" intensity="3.959012e-002" type="0"/>
    <Peak1D F1="1.256494" intensity="6.160041e-002" type="0"/>
    <Peak1D F1="1.246743" intensity="9.275261e-002" type="0"/>
    <Peak1D F1="1.238810" intensity="7.174607e-002" type="0"/>
    <Peak1D F1="1.206079" intensity="1.193584e-001" type="0"/>
    <Peak1D F1="1.179713" intensity="6.573340e-001" type="0"/>
    <Peak1D F1="1.157168" intensity="2.945657e-001" type="0"/>
    <Peak1D F1="1.136784" intensity="1.442376e-001" type="0"/>
    <Peak1D F1="1.115580" intensity="4.315508e-002" type="0"/>
    <Peak1D F1="1.101191" intensity="3.209452e-002" type="0"/>
    <Peak1D F1="1.083133" intensity="5.687597e-002" type="0"/>
    <Peak1D F1="1.059999" intensity="5.580364e-002" type="0"/>
    <Peak1D F1="1.033690" intensity="2.632265e-002" type="0"/>
    <Peak1D F1="1.024267" intensity="2.000294e-002" type="0"/>
    <Peak1D F1="1.018076" intensity="2.378643e-002" type="0"/>
    <Peak1D F1="1.015210" intensity="2.686607e-002" type="0"/>
    <Peak1D F1="0.997303" intensity="2.622907e-002" type="0"/>
    <Peak1D F1="0.985297" intensity="2.165678e-002" type="0"/>
    <Peak1D F1="0.975662" intensity="2.182087e-002" type="0"/>
    <Peak1D F1="0.966835" intensity="2.735681e-002" type="0"/>
    <Peak1D F1="0.950142" intensity="3.220658e-002" type="0"/>
    <Peak1D F1="0.936437" intensity="3.113954e-002" type="0"/>
    <Peak1D F1="0.922343" intensity="2.366054e-002" type="0"/>
    <Peak1D F1="0.899054" intensity="2.777658e-002" type="0"/>
    <Peak1D F1="0.882631" intensity="3.507633e-002" type="0"/>
    <Peak1D F1="0.867011" intensity="2.657796e-002" type="0"/>
    <Peak1D F1="0.849656" intensity="3.741839e-002" type="0"/>
    <Peak1D F1="0.829832" intensity="6.623404e-002" type="0"/>
    <Peak1D F1="0.819932" intensity="9.350125e-002" type="0"/>
    <Peak1D F1="0.806676" intensity="1.456248e-001" type="0"/>
    <Peak1D F1="0.799047" intensity="1.413168e-001" type="0"/>
    <Peak1D F1="0.786087" intensity="2.385693e-001" type="0"/>
    <Peak1D F1="0.781718" intensity="2.385880e-001" type="0"/>
    <Peak1D F1="0.767581" intensity="1.799539e-001" type="0"/>
    <Peak1D F1="0.758530" intensity="1.649775e-001" type="0"/>
    <Peak1D F1="0.733494" intensity="4.439284e-002" type="0"/>
    <Peak1D F1="0.716978" intensity="5.205982e-002" type="0"/>
    <Peak1D F1="0.695285" intensity="1.663265e-002" type="0"/>
    <Peak1D F1="0.601810" intensity="5.756681e-003" type="0"/>
    <Peak1D F1="-0.000132" intensity="1.974285e-001" type="0"/>
    <Peak1D F1="-0.495659" intensity="5.028605e-003" type="0"/>
    <Peak1D F1="-0.530510" intensity="4.857628e-003" type="0"/>
    <Peak1D F1="-0.654512" intensity="6.432899e-003" type="0"/>
    <Peak1D F1="-0.683637" intensity="5.486506e-003" type="0"/>
    <Peak1D F1="-0.709617" intensity="5.008433e-003" type="0"/>
    <Peak1D F1="-0.747071" intensity="5.772625e-003" type="0"/>
    <Peak1D F1="-0.817268" intensity="5.147876e-003" type="0"/>
    <Peak1D F1="-0.853125" intensity="6.233881e-003" type="0"/>
    <Peak1D F1="-0.870235" intensity="5.387906e-003" type="0"/>
    <Peak1D F1="-0.934053" intensity="5.636313e-003" type="0"/>
    <Peak1D F1="-0.965727" intensity="5.606587e-003" type="0"/>
    <Peak1D F1="-1.023491" intensity="5.137206e-003" type="0"/>
    <Peak1D F1="-1.043496" intensity="5.013314e-003" type="0"/>
    <Peak1D F1="-1.101982" intensity="5.092477e-003" type="0"/>
  </PeakList1D>
</PeakList>
