<?xml version="1.0" encoding="UTF-8"?>
<PeakList modified="2020-02-05T18:38:21">
  <PeakList1D>
    <PeakList1DHeader creator="Dell" date="2020-02-05T18:37:46" expNo="3" name="SDT167" owner="" procNo="1" source="C:/Users/Dell/Desktop/NMR/Methoxy chromanyl">
      <PeakPickDetails>F1=129.379471ppm, F2=40.025421ppm, MI=3.26cm, MAXI=18.34cm, PC=1.400
      </PeakPickDetails>
    </PeakList1DHeader>
    <Peak1D F1="121.384117" intensity="10.28057" type="0"/>
    <Peak1D F1="120.33522" intensity="10.57283" type="0"/>
    <Peak1D F1="111.149757" intensity="10.44448" type="0"/>
    <Peak1D F1="63.183605" intensity="10.56451" type="0"/>
    <Peak1D F1="56.076538" intensity="15.0" type="0"/>
  </PeakList1D>
  <PeakList1D>
    <PeakList1DHeader creator="Dell@Dell-PC" date="2020-02-05T18:38:23" expNo="3" name="SDT167" owner="Dell" procNo="1" source="C:/Users/Dell/Desktop/NMR/Methoxy chromanyl">
      <PeakPickDetails>Manually picked peaks
</PeakPickDetails>
    </PeakList1DHeader>
    <Peak1D F1="62.506693798581935" intensity="-13.093871798383397" type="1"/>
    <Peak1D F1="30.740360180398383" intensity="-12.06146297338421" type="1"/>
  </PeakList1D>
</PeakList>
