<?xml version="1.0" encoding="UTF-8"?>
<PeakList>
  <PeakList1D>
    <PeakList1DHeader creator="nmr600" date="2019-07-12T09:53:17.419+02:00" expNo="26" name="6Jul1219" owner="" procNo="1" source="/opt/topspin3.0/data/nmr600/nmr">
      <PeakPickDetails>F1=18.562969ppm, F2=-218.562988ppm, MI=0.00cm, MAXI=10000.00cm, PC=1.000
      </PeakPickDetails>
    </PeakList1DHeader>
    <Peak1D F1="-2.713479" intensity="8.397539e-04" type="0"/>
    <Peak1D F1="-6.925958" intensity="8.503246e-04" type="0"/>
    <Peak1D F1="-8.536065" intensity="8.942815e-04" type="0"/>
    <Peak1D F1="-8.991688" intensity="8.595374e-04" type="0"/>
    <Peak1D F1="-9.303369" intensity="9.405323e-04" type="0"/>
    <Peak1D F1="-9.494156" intensity="8.308574e-04" type="0"/>
    <Peak1D F1="-9.860484" intensity="8.288649e-04" type="0"/>
    <Peak1D F1="-10.178884" intensity="8.782830e-04" type="0"/>
    <Peak1D F1="-13.641312" intensity="8.698424e-04" type="0"/>
    <Peak1D F1="-13.710673" intensity="8.891136e-04" type="0"/>
    <Peak1D F1="-16.061630" intensity="8.638238e-04" type="0"/>
    <Peak1D F1="-17.621901" intensity="8.483237e-04" type="0"/>
    <Peak1D F1="-18.869772" intensity="8.810754e-04" type="0"/>
    <Peak1D F1="-19.094177" intensity="8.747315e-04" type="0"/>
    <Peak1D F1="-19.657995" intensity="8.410802e-04" type="0"/>
    <Peak1D F1="-20.048800" intensity="8.321776e-04" type="0"/>
    <Peak1D F1="-20.262337" intensity="8.358563e-04" type="0"/>
    <Peak1D F1="-21.666033" intensity="8.663182e-04" type="0"/>
    <Peak1D F1="-75.241714" intensity="1.549975e-03" type="0"/>
    <Peak1D F1="-75.321678" intensity="1.535753e-03" type="0"/>
    <Peak1D F1="-75.536682" intensity="2.051906e-03" type="0"/>
    <Peak1D F1="-75.581985" intensity="1.414718e-03" type="0"/>
    <Peak1D F1="-75.644188" intensity="1.324588e-03" type="0"/>
    <Peak1D F1="-75.755646" intensity="1.122804e-03" type="0"/>
    <Peak1D F1="-77.253441" intensity="5.432261e-03" type="0"/>
    <Peak1D F1="-77.283585" intensity="1.438194e-02" type="0"/>
    <Peak1D F1="-77.702286" intensity="1.128966e-03" type="0"/>
    <Peak1D F1="-78.024445" intensity="8.077247e-02" type="0"/>
    <Peak1D F1="-78.031776" intensity="1.237420e-02" type="0"/>
    <Peak1D F1="-78.111664" intensity="3.852891e-02" type="0"/>
    <Peak1D F1="-78.145576" intensity="1.009692e-01" type="0"/>
    <Peak1D F1="-78.180069" intensity="1.500000e+01" type="0"/>
    <Peak1D F1="-78.592575" intensity="3.857166e-02" type="0"/>
    <Peak1D F1="-79.985085" intensity="1.461128e-03" type="0"/>
    <Peak1D F1="-80.080116" intensity="1.518383e-03" type="0"/>
    <Peak1D F1="-80.434105" intensity="1.843812e-03" type="0"/>
    <Peak1D F1="-80.929764" intensity="1.067531e-03" type="0"/>
    <Peak1D F1="-81.002617" intensity="8.784397e-04" type="0"/>
    <Peak1D F1="-83.976044" intensity="1.061904e-03" type="0"/>
    <Peak1D F1="-84.219635" intensity="8.985403e-04" type="0"/>
    <Peak1D F1="-87.081085" intensity="9.905695e-04" type="0"/>
    <Peak1D F1="-87.402290" intensity="1.046548e-03" type="0"/>
    <Peak1D F1="-87.486931" intensity="9.318554e-04" type="0"/>
    <Peak1D F1="-87.631485" intensity="9.268466e-04" type="0"/>
    <Peak1D F1="-87.703583" intensity="8.669452e-04" type="0"/>
    <Peak1D F1="-90.601883" intensity="1.143323e-03" type="0"/>
    <Peak1D F1="-90.713654" intensity="1.017583e-03" type="0"/>
    <Peak1D F1="-90.949127" intensity="1.093189e-03" type="0"/>
    <Peak1D F1="-91.596611" intensity="8.242182e-04" type="0"/>
    <Peak1D F1="-93.279305" intensity="8.570274e-04" type="0"/>
    <Peak1D F1="-93.654915" intensity="9.716282e-04" type="0"/>
    <Peak1D F1="-94.094841" intensity="1.117502e-03" type="0"/>
    <Peak1D F1="-94.349388" intensity="1.290079e-03" type="0"/>
    <Peak1D F1="-94.428749" intensity="1.323352e-03" type="0"/>
    <Peak1D F1="-94.534668" intensity="1.265705e-03" type="0"/>
    <Peak1D F1="-94.816353" intensity="1.146945e-03" type="0"/>
    <Peak1D F1="-95.338486" intensity="8.794002e-04" type="0"/>
    <Peak1D F1="-96.571701" intensity="1.008708e-03" type="0"/>
    <Peak1D F1="-97.143364" intensity="1.196253e-03" type="0"/>
    <Peak1D F1="-97.288177" intensity="1.206175e-03" type="0"/>
    <Peak1D F1="-97.527733" intensity="1.280261e-03" type="0"/>
    <Peak1D F1="-97.599823" intensity="1.262705e-03" type="0"/>
    <Peak1D F1="-99.094147" intensity="9.400803e-04" type="0"/>
    <Peak1D F1="-99.505928" intensity="9.436586e-04" type="0"/>
    <Peak1D F1="-100.283882" intensity="1.186378e-03" type="0"/>
    <Peak1D F1="-100.529472" intensity="1.272175e-03" type="0"/>
    <Peak1D F1="-101.007721" intensity="1.419262e-03" type="0"/>
    <Peak1D F1="-101.333488" intensity="1.329567e-03" type="0"/>
    <Peak1D F1="-102.165985" intensity="1.120418e-03" type="0"/>
    <Peak1D F1="-102.440742" intensity="1.038371e-03" type="0"/>
    <Peak1D F1="-102.523949" intensity="1.090481e-03" type="0"/>
    <Peak1D F1="-102.657036" intensity="1.112835e-03" type="0"/>
    <Peak1D F1="-102.752380" intensity="1.050408e-03" type="0"/>
    <Peak1D F1="-102.950775" intensity="1.243393e-03" type="0"/>
    <Peak1D F1="-103.030449" intensity="1.139747e-03" type="0"/>
    <Peak1D F1="-103.380165" intensity="1.136217e-03" type="0"/>
    <Peak1D F1="-103.475655" intensity="1.289615e-03" type="0"/>
    <Peak1D F1="-103.693382" intensity="1.415457e-03" type="0"/>
    <Peak1D F1="-103.830185" intensity="1.300677e-03" type="0"/>
    <Peak1D F1="-103.861801" intensity="1.194725e-03" type="0"/>
    <Peak1D F1="-104.024681" intensity="1.172834e-03" type="0"/>
    <Peak1D F1="-104.473473" intensity="1.368233e-03" type="0"/>
    <Peak1D F1="-104.653618" intensity="1.351194e-03" type="0"/>
    <Peak1D F1="-105.147415" intensity="1.306341e-03" type="0"/>
    <Peak1D F1="-105.432800" intensity="1.127595e-03" type="0"/>
    <Peak1D F1="-105.510902" intensity="1.125991e-03" type="0"/>
    <Peak1D F1="-105.660385" intensity="1.101062e-03" type="0"/>
    <Peak1D F1="-105.993515" intensity="1.049739e-03" type="0"/>
    <Peak1D F1="-106.145737" intensity="1.187092e-03" type="0"/>
    <Peak1D F1="-106.312447" intensity="1.005761e-03" type="0"/>
    <Peak1D F1="-106.594505" intensity="1.036595e-03" type="0"/>
    <Peak1D F1="-106.717140" intensity="1.040788e-03" type="0"/>
    <Peak1D F1="-106.869431" intensity="1.127070e-03" type="0"/>
    <Peak1D F1="-107.465797" intensity="1.117253e-03" type="0"/>
    <Peak1D F1="-107.661903" intensity="1.255697e-03" type="0"/>
    <Peak1D F1="-107.769768" intensity="1.118199e-03" type="0"/>
    <Peak1D F1="-107.899719" intensity="1.194782e-03" type="0"/>
    <Peak1D F1="-108.027641" intensity="1.094198e-03" type="0"/>
    <Peak1D F1="-108.153755" intensity="1.517478e-03" type="0"/>
    <Peak1D F1="-108.316269" intensity="1.086672e-03" type="0"/>
    <Peak1D F1="-108.413788" intensity="1.129949e-03" type="0"/>
    <Peak1D F1="-108.529900" intensity="1.239355e-03" type="0"/>
    <Peak1D F1="-109.112579" intensity="9.300623e-04" type="0"/>
    <Peak1D F1="-109.330048" intensity="9.100645e-04" type="0"/>
    <Peak1D F1="-109.918449" intensity="8.989176e-04" type="0"/>
    <Peak1D F1="-110.172562" intensity="8.489008e-04" type="0"/>
    <Peak1D F1="-110.378960" intensity="8.532666e-04" type="0"/>
    <Peak1D F1="-110.487267" intensity="8.204095e-04" type="0"/>
    <Peak1D F1="-110.625168" intensity="8.547915e-04" type="0"/>
    <Peak1D F1="-110.787987" intensity="8.688383e-04" type="0"/>
    <Peak1D F1="-110.885834" intensity="8.710221e-04" type="0"/>
    <Peak1D F1="-111.037407" intensity="8.502393e-04" type="0"/>
    <Peak1D F1="-111.380409" intensity="9.350859e-04" type="0"/>
    <Peak1D F1="-111.525833" intensity="9.064518e-04" type="0"/>
    <Peak1D F1="-111.616516" intensity="9.315821e-04" type="0"/>
    <Peak1D F1="-111.699677" intensity="9.691403e-04" type="0"/>
    <Peak1D F1="-111.905495" intensity="8.654765e-04" type="0"/>
    <Peak1D F1="-112.040230" intensity="9.916056e-04" type="0"/>
    <Peak1D F1="-112.215912" intensity="8.872942e-04" type="0"/>
    <Peak1D F1="-112.277962" intensity="8.641047e-04" type="0"/>
    <Peak1D F1="-112.333252" intensity="8.835495e-04" type="0"/>
    <Peak1D F1="-112.492256" intensity="8.261372e-04" type="0"/>
    <Peak1D F1="-112.810379" intensity="8.437552e-04" type="0"/>
    <Peak1D F1="-191.855255" intensity="1.508569e-03" type="0"/>
    <Peak1D F1="-192.035873" intensity="1.957649e-03" type="0"/>
    <Peak1D F1="-192.419205" intensity="2.425742e-03" type="0"/>
    <Peak1D F1="-192.563385" intensity="2.681358e-03" type="0"/>
    <Peak1D F1="-193.118423" intensity="3.600168e-03" type="0"/>
    <Peak1D F1="-193.222336" intensity="3.698405e-03" type="0"/>
    <Peak1D F1="-193.254181" intensity="3.724038e-03" type="0"/>
    <Peak1D F1="-193.748596" intensity="4.450283e-03" type="0"/>
    <Peak1D F1="-193.964737" intensity="4.861676e-03" type="0"/>
    <Peak1D F1="-194.260651" intensity="5.165529e-03" type="0"/>
    <Peak1D F1="-195.115051" intensity="6.008648e-03" type="0"/>
    <Peak1D F1="-195.598831" intensity="6.467058e-03" type="0"/>
    <Peak1D F1="-195.729752" intensity="6.417989e-03" type="0"/>
    <Peak1D F1="-196.228928" intensity="6.695254e-03" type="0"/>
    <Peak1D F1="-196.294586" intensity="6.832772e-03" type="0"/>
    <Peak1D F1="-196.471573" intensity="6.797520e-03" type="0"/>
    <Peak1D F1="-196.533066" intensity="6.942282e-03" type="0"/>
    <Peak1D F1="-196.761353" intensity="6.977541e-03" type="0"/>
    <Peak1D F1="-197.634491" intensity="7.147311e-03" type="0"/>
    <Peak1D F1="-197.926300" intensity="7.246406e-03" type="0"/>
    <Peak1D F1="-198.001114" intensity="7.180205e-03" type="0"/>
    <Peak1D F1="-198.100098" intensity="7.255815e-03" type="0"/>
    <Peak1D F1="-198.432663" intensity="7.187455e-03" type="0"/>
    <Peak1D F1="-198.660507" intensity="7.175879e-03" type="0"/>
    <Peak1D F1="-198.747955" intensity="6.922943e-03" type="0"/>
    <Peak1D F1="-199.126175" intensity="6.970326e-03" type="0"/>
    <Peak1D F1="-199.270889" intensity="6.753431e-03" type="0"/>
    <Peak1D F1="-199.586868" intensity="6.704754e-03" type="0"/>
    <Peak1D F1="-199.652161" intensity="6.588246e-03" type="0"/>
    <Peak1D F1="-200.325165" intensity="6.538947e-03" type="0"/>
    <Peak1D F1="-201.396332" intensity="5.744344e-03" type="0"/>
    <Peak1D F1="-201.432861" intensity="5.735958e-03" type="0"/>
    <Peak1D F1="-201.678711" intensity="5.553545e-03" type="0"/>
    <Peak1D F1="-201.717178" intensity="5.455646e-03" type="0"/>
    <Peak1D F1="-201.880234" intensity="5.345416e-03" type="0"/>
    <Peak1D F1="-201.947113" intensity="5.364117e-03" type="0"/>
    <Peak1D F1="-201.975998" intensity="5.325460e-03" type="0"/>
    <Peak1D F1="-202.299927" intensity="5.056835e-03" type="0"/>
    <Peak1D F1="-202.428375" intensity="4.849932e-03" type="0"/>
    <Peak1D F1="-202.847351" intensity="4.587937e-03" type="0"/>
    <Peak1D F1="-203.201950" intensity="4.267536e-03" type="0"/>
    <Peak1D F1="-203.572815" intensity="3.952638e-03" type="0"/>
    <Peak1D F1="-203.617691" intensity="4.011204e-03" type="0"/>
    <Peak1D F1="-204.389023" intensity="3.275179e-03" type="0"/>
    <Peak1D F1="-204.627167" intensity="3.000400e-03" type="0"/>
    <Peak1D F1="-205.101288" intensity="2.552045e-03" type="0"/>
    <Peak1D F1="-205.313141" intensity="2.342194e-03" type="0"/>
    <Peak1D F1="-205.329178" intensity="2.231122e-03" type="0"/>
    <Peak1D F1="-205.965195" intensity="1.599640e-03" type="0"/>
    <Peak1D F1="-206.059769" intensity="1.545644e-03" type="0"/>
    <Peak1D F1="-206.313599" intensity="1.351097e-03" type="0"/>
    <Peak1D F1="-206.667999" intensity="8.236435e-04" type="0"/>
  </PeakList1D>
</PeakList>
