<?xml version="1.0" encoding="UTF-8"?>
<PeakList modified="2020-02-03T11:43:38">
  <PeakList1D>
    <PeakList1DHeader creator="Dell" date="2020-02-03T11:38:57" expNo="7" name="SDT323B2" owner="" procNo="1" source="C:/Users/Dell/Desktop/NMR/E synthesis">
      <PeakPickDetails>F1=7.412034ppm, F2=7.191145ppm, MI=2.02cm, MAXI=10.01cm, PC=1.000
      </PeakPickDetails>
    </PeakList1DHeader>
    <Peak1D F1="7.259923" intensity="5.487201" type="0"/>
  </PeakList1D>
  <PeakList1D>
    <PeakList1DHeader creator="Dell" date="2020-02-03T11:38:57" expNo="7" name="SDT323B2" owner="" procNo="1" source="C:/Users/Dell/Desktop/NMR/E synthesis">
      <PeakPickDetails>F1=7.191145ppm, F2=7.080701ppm, MI=0.19cm, MAXI=1.08cm, PC=1.000
      </PeakPickDetails>
    </PeakList1DHeader>
    <Peak1D F1="7.155512" intensity="0.5005465" type="0"/>
    <Peak1D F1="7.153872" intensity="0.502677" type="0"/>
    <Peak1D F1="7.143907" intensity="0.5399452" type="0"/>
    <Peak1D F1="7.142242" intensity="0.5214143" type="0"/>
  </PeakList1D>
  <PeakList1D>
    <PeakList1DHeader creator="Dell" date="2020-02-03T11:38:57" expNo="7" name="SDT323B2" owner="" procNo="1" source="C:/Users/Dell/Desktop/NMR/E synthesis">
      <PeakPickDetails>F1=6.884356ppm, F2=6.638924ppm, MI=0.17cm, MAXI=1.16cm, PC=1.000
      </PeakPickDetails>
    </PeakList1DHeader>
    <Peak1D F1="6.835857" intensity="0.4567692" type="0"/>
    <Peak1D F1="6.824381" intensity="0.8980922" type="0"/>
    <Peak1D F1="6.812854" intensity="0.5325368" type="0"/>
    <Peak1D F1="6.743079" intensity="0.5638848" type="0"/>
    <Peak1D F1="6.741634" intensity="0.5619843" type="0"/>
    <Peak1D F1="6.731717" intensity="0.4589586" type="0"/>
  </PeakList1D>
  <PeakList1D>
    <PeakList1DHeader creator="Dell" date="2020-02-03T11:38:57" expNo="7" name="SDT323B2" owner="" procNo="1" source="C:/Users/Dell/Desktop/NMR/E synthesis">
      <PeakPickDetails>F1=6.115605ppm, F2=6.008708ppm, MI=0.14cm, MAXI=0.62cm, PC=1.000
      </PeakPickDetails>
    </PeakList1DHeader>
    <Peak1D F1="6.07146" intensity="0.2538374" type="0"/>
    <Peak1D F1="6.060908" intensity="0.4442601" type="0"/>
    <Peak1D F1="6.050353" intensity="0.2537557" type="0"/>
  </PeakList1D>
  <PeakList1D>
    <PeakList1DHeader creator="Dell" date="2020-02-03T11:38:57" expNo="7" name="SDT323B2" owner="" procNo="1" source="C:/Users/Dell/Desktop/NMR/E synthesis">
      <PeakPickDetails>F1=4.465549ppm, F2=4.076657ppm, MI=0.26cm, MAXI=1.25cm, PC=1.000
      </PeakPickDetails>
    </PeakList1DHeader>
    <Peak1D F1="4.297162" intensity="0.8313478" type="0"/>
    <Peak1D F1="4.289104" intensity="1.077336" type="0"/>
    <Peak1D F1="4.280812" intensity="0.8358112" type="0"/>
  </PeakList1D>
  <PeakList1D>
    <PeakList1DHeader creator="Dell" date="2020-02-03T11:38:57" expNo="7" name="SDT323B2" owner="" procNo="1" source="C:/Users/Dell/Desktop/NMR/E synthesis">
      <PeakPickDetails>F1=3.969376ppm, F2=3.513434ppm, MI=0.45cm, MAXI=5.56cm, PC=1.000
      </PeakPickDetails>
    </PeakList1DHeader>
    <Peak1D F1="3.870306" intensity="5.071295" type="0"/>
    <Peak1D F1="3.714727" intensity="0.7852583" type="0"/>
    <Peak1D F1="3.704995" intensity="1.550952" type="0"/>
    <Peak1D F1="3.6953" intensity="0.7940622" type="0"/>
  </PeakList1D>
  <PeakList1D>
    <PeakList1DHeader creator="Dell" date="2020-02-03T11:38:57" expNo="7" name="SDT323B2" owner="" procNo="1" source="C:/Users/Dell/Desktop/NMR/E synthesis">
      <PeakPickDetails>F1=2.869752ppm, F2=2.239479ppm, MI=0.24cm, MAXI=1.88cm, PC=1.000
      </PeakPickDetails>
    </PeakList1DHeader>
    <Peak1D F1="2.68557" intensity="0.4659477" type="0"/>
    <Peak1D F1="2.677876" intensity="0.7429754" type="0"/>
    <Peak1D F1="2.669043" intensity="0.4814435" type="0"/>
    <Peak1D F1="2.430326" intensity="0.3567875" type="0"/>
    <Peak1D F1="2.420394" intensity="0.8546458" type="0"/>
    <Peak1D F1="2.410349" intensity="0.8364881" type="0"/>
    <Peak1D F1="2.40037" intensity="0.340448" type="0"/>
  </PeakList1D>
  <PeakList1D>
    <PeakList1DHeader creator="Dell" date="2020-02-03T11:38:57" expNo="7" name="SDT323B2" owner="" procNo="1" source="C:/Users/Dell/Desktop/NMR/E synthesis">
      <PeakPickDetails>F1=0.944258ppm, F2=0.683244ppm, MI=4.06cm, MAXI=21.31cm, PC=1.000
      </PeakPickDetails>
    </PeakList1DHeader>
    <Peak1D F1="0.896689" intensity="15.0" type="0"/>
  </PeakList1D>
  <PeakList1D>
    <PeakList1DHeader creator="Dell" date="2020-02-03T11:38:57" expNo="7" name="SDT323B2" owner="" procNo="1" source="C:/Users/Dell/Desktop/NMR/E synthesis">
      <PeakPickDetails>F1=0.176569ppm, F2=-0.115153ppm, MI=2.07cm, MAXI=14.84cm, PC=1.000
      </PeakPickDetails>
    </PeakList1DHeader>
    <Peak1D F1="0.061277" intensity="10.53312" type="0"/>
  </PeakList1D>
  <PeakList1D>
    <PeakList1DHeader creator="Dell@Dell-PC" date="2020-02-03T11:39:15" expNo="7" name="SDT323B2" owner="Dell" procNo="1" source="C:/Users/Dell/Desktop/NMR/E synthesis">
      <PeakPickDetails>Manually picked peaks
</PeakPickDetails>
    </PeakList1DHeader>
    <Peak1D F1="6.730217852353435" intensity="0.4373514184482274" type="1"/>
  </PeakList1D>
</PeakList>
