<?xml version="1.0" encoding="UTF-8"?>
<PeakList>
  <PeakList1D>
    <PeakList1DHeader creator="nmr600" date="2019-07-02T11:00:38.926+02:00" expNo="25" name="6Jul0219" owner="" procNo="1" source="/opt/topspin3.0/data/nmr600/nmr">
      <PeakPickDetails>F1=18.562969ppm, F2=-218.562988ppm, MI=0.00cm, MAXI=10000.00cm, PC=1.000
      </PeakPickDetails>
    </PeakList1DHeader>
    <Peak1D F1="-13.901395" intensity="1.692326e-03" type="0"/>
    <Peak1D F1="-73.996651" intensity="1.708389e-03" type="0"/>
    <Peak1D F1="-74.101776" intensity="1.883833e-03" type="0"/>
    <Peak1D F1="-74.500023" intensity="2.848006e-03" type="0"/>
    <Peak1D F1="-74.797470" intensity="3.240550e-03" type="0"/>
    <Peak1D F1="-75.051575" intensity="3.301620e-03" type="0"/>
    <Peak1D F1="-75.190887" intensity="3.615214e-03" type="0"/>
    <Peak1D F1="-75.278564" intensity="2.941271e-03" type="0"/>
    <Peak1D F1="-77.173370" intensity="1.234994e-02" type="0"/>
    <Peak1D F1="-77.241737" intensity="6.332831e-03" type="0"/>
    <Peak1D F1="-77.470451" intensity="1.599112e-02" type="0"/>
    <Peak1D F1="-77.496246" intensity="2.166479e-02" type="0"/>
    <Peak1D F1="-77.521255" intensity="1.600539e-02" type="0"/>
    <Peak1D F1="-77.542816" intensity="1.446375e-02" type="0"/>
    <Peak1D F1="-77.579918" intensity="1.516525e-02" type="0"/>
    <Peak1D F1="-77.623100" intensity="1.408280e-02" type="0"/>
    <Peak1D F1="-77.699005" intensity="1.778652e-02" type="0"/>
    <Peak1D F1="-78.078522" intensity="1.338843e-01" type="0"/>
    <Peak1D F1="-78.234108" intensity="1.500000e+01" type="0"/>
    <Peak1D F1="-78.646889" intensity="6.637443e-02" type="0"/>
    <Peak1D F1="-90.330521" intensity="1.713176e-03" type="0"/>
    <Peak1D F1="-93.354149" intensity="1.817636e-03" type="0"/>
    <Peak1D F1="-93.804100" intensity="1.895327e-03" type="0"/>
    <Peak1D F1="-93.912720" intensity="1.914308e-03" type="0"/>
    <Peak1D F1="-94.046150" intensity="1.903553e-03" type="0"/>
    <Peak1D F1="-94.389061" intensity="1.690850e-03" type="0"/>
    <Peak1D F1="-94.404800" intensity="1.831091e-03" type="0"/>
    <Peak1D F1="-96.108475" intensity="1.875407e-03" type="0"/>
    <Peak1D F1="-96.206810" intensity="1.823579e-03" type="0"/>
    <Peak1D F1="-96.383919" intensity="1.791749e-03" type="0"/>
    <Peak1D F1="-96.861679" intensity="1.925169e-03" type="0"/>
    <Peak1D F1="-96.911713" intensity="2.107373e-03" type="0"/>
    <Peak1D F1="-97.280952" intensity="2.085368e-03" type="0"/>
    <Peak1D F1="-97.736954" intensity="2.119515e-03" type="0"/>
    <Peak1D F1="-97.834923" intensity="2.079916e-03" type="0"/>
    <Peak1D F1="-97.975227" intensity="1.966718e-03" type="0"/>
    <Peak1D F1="-98.007446" intensity="1.844863e-03" type="0"/>
    <Peak1D F1="-98.090805" intensity="1.939728e-03" type="0"/>
    <Peak1D F1="-98.218208" intensity="1.890890e-03" type="0"/>
    <Peak1D F1="-98.486084" intensity="1.878236e-03" type="0"/>
    <Peak1D F1="-98.662575" intensity="1.795732e-03" type="0"/>
    <Peak1D F1="-99.201340" intensity="1.785425e-03" type="0"/>
    <Peak1D F1="-99.306702" intensity="1.840812e-03" type="0"/>
    <Peak1D F1="-99.593018" intensity="1.930231e-03" type="0"/>
    <Peak1D F1="-99.669136" intensity="2.019765e-03" type="0"/>
    <Peak1D F1="-99.801201" intensity="1.968390e-03" type="0"/>
    <Peak1D F1="-100.265526" intensity="2.212923e-03" type="0"/>
    <Peak1D F1="-100.545387" intensity="2.392657e-03" type="0"/>
    <Peak1D F1="-100.762466" intensity="2.330892e-03" type="0"/>
    <Peak1D F1="-100.862213" intensity="2.204872e-03" type="0"/>
    <Peak1D F1="-101.170258" intensity="2.264176e-03" type="0"/>
    <Peak1D F1="-101.304214" intensity="2.465295e-03" type="0"/>
    <Peak1D F1="-101.554245" intensity="2.169636e-03" type="0"/>
    <Peak1D F1="-101.622681" intensity="2.390414e-03" type="0"/>
    <Peak1D F1="-101.734764" intensity="2.048664e-03" type="0"/>
    <Peak1D F1="-101.891701" intensity="2.191024e-03" type="0"/>
    <Peak1D F1="-102.093170" intensity="1.958857e-03" type="0"/>
    <Peak1D F1="-102.277710" intensity="1.916297e-03" type="0"/>
    <Peak1D F1="-102.549126" intensity="2.025376e-03" type="0"/>
    <Peak1D F1="-103.131889" intensity="2.125521e-03" type="0"/>
    <Peak1D F1="-103.179138" intensity="2.122972e-03" type="0"/>
    <Peak1D F1="-103.391571" intensity="2.110282e-03" type="0"/>
    <Peak1D F1="-103.717384" intensity="2.382171e-03" type="0"/>
    <Peak1D F1="-103.850929" intensity="2.309395e-03" type="0"/>
    <Peak1D F1="-104.000069" intensity="2.248705e-03" type="0"/>
    <Peak1D F1="-104.115730" intensity="2.309130e-03" type="0"/>
    <Peak1D F1="-104.324257" intensity="2.489683e-03" type="0"/>
    <Peak1D F1="-104.538513" intensity="2.334754e-03" type="0"/>
    <Peak1D F1="-104.680756" intensity="2.145512e-03" type="0"/>
    <Peak1D F1="-105.157448" intensity="2.064844e-03" type="0"/>
    <Peak1D F1="-105.248032" intensity="2.129574e-03" type="0"/>
    <Peak1D F1="-105.346512" intensity="2.133140e-03" type="0"/>
    <Peak1D F1="-105.494507" intensity="1.935660e-03" type="0"/>
    <Peak1D F1="-105.657600" intensity="1.992118e-03" type="0"/>
    <Peak1D F1="-105.787674" intensity="2.007094e-03" type="0"/>
    <Peak1D F1="-106.101250" intensity="2.113809e-03" type="0"/>
    <Peak1D F1="-106.329666" intensity="1.973919e-03" type="0"/>
    <Peak1D F1="-106.454010" intensity="1.934144e-03" type="0"/>
    <Peak1D F1="-106.511017" intensity="2.007158e-03" type="0"/>
    <Peak1D F1="-106.702583" intensity="1.911053e-03" type="0"/>
    <Peak1D F1="-106.955620" intensity="2.043376e-03" type="0"/>
    <Peak1D F1="-107.007324" intensity="2.142531e-03" type="0"/>
    <Peak1D F1="-107.220726" intensity="2.136843e-03" type="0"/>
    <Peak1D F1="-107.393913" intensity="2.283658e-03" type="0"/>
    <Peak1D F1="-107.734238" intensity="2.245925e-03" type="0"/>
    <Peak1D F1="-107.921989" intensity="2.218200e-03" type="0"/>
    <Peak1D F1="-108.043983" intensity="2.314628e-03" type="0"/>
    <Peak1D F1="-108.728508" intensity="1.853091e-03" type="0"/>
    <Peak1D F1="-109.072426" intensity="1.958156e-03" type="0"/>
    <Peak1D F1="-109.180717" intensity="1.694731e-03" type="0"/>
    <Peak1D F1="-109.329819" intensity="2.003071e-03" type="0"/>
    <Peak1D F1="-109.391129" intensity="1.758076e-03" type="0"/>
    <Peak1D F1="-109.558449" intensity="1.690266e-03" type="0"/>
    <Peak1D F1="-109.752548" intensity="1.701327e-03" type="0"/>
    <Peak1D F1="-109.973808" intensity="1.725985e-03" type="0"/>
    <Peak1D F1="-110.205276" intensity="1.946812e-03" type="0"/>
    <Peak1D F1="-110.412125" intensity="1.807847e-03" type="0"/>
    <Peak1D F1="-110.479248" intensity="2.038206e-03" type="0"/>
    <Peak1D F1="-110.554085" intensity="1.924715e-03" type="0"/>
    <Peak1D F1="-110.607117" intensity="1.696605e-03" type="0"/>
    <Peak1D F1="-110.693237" intensity="1.802308e-03" type="0"/>
    <Peak1D F1="-110.828606" intensity="1.971687e-03" type="0"/>
    <Peak1D F1="-110.918274" intensity="1.922013e-03" type="0"/>
    <Peak1D F1="-111.236061" intensity="1.878595e-03" type="0"/>
    <Peak1D F1="-111.388634" intensity="1.743958e-03" type="0"/>
    <Peak1D F1="-111.540611" intensity="1.715082e-03" type="0"/>
    <Peak1D F1="-112.230911" intensity="1.694187e-03" type="0"/>
    <Peak1D F1="-189.253586" intensity="1.884437e-03" type="0"/>
    <Peak1D F1="-189.441437" intensity="2.103910e-03" type="0"/>
    <Peak1D F1="-190.006714" intensity="3.803617e-03" type="0"/>
    <Peak1D F1="-190.781799" intensity="5.555164e-03" type="0"/>
    <Peak1D F1="-191.051819" intensity="6.230729e-03" type="0"/>
    <Peak1D F1="-191.181747" intensity="6.649140e-03" type="0"/>
    <Peak1D F1="-191.271408" intensity="6.992812e-03" type="0"/>
    <Peak1D F1="-191.402191" intensity="7.080243e-03" type="0"/>
    <Peak1D F1="-191.681549" intensity="7.831431e-03" type="0"/>
    <Peak1D F1="-191.814255" intensity="8.132934e-03" type="0"/>
    <Peak1D F1="-192.075775" intensity="8.655153e-03" type="0"/>
    <Peak1D F1="-192.227280" intensity="9.044011e-03" type="0"/>
    <Peak1D F1="-192.657532" intensity="9.749429e-03" type="0"/>
    <Peak1D F1="-192.825851" intensity="1.015257e-02" type="0"/>
    <Peak1D F1="-192.958649" intensity="1.029836e-02" type="0"/>
    <Peak1D F1="-193.060059" intensity="1.043874e-02" type="0"/>
    <Peak1D F1="-193.385681" intensity="1.126346e-02" type="0"/>
    <Peak1D F1="-193.465210" intensity="1.131610e-02" type="0"/>
    <Peak1D F1="-193.518829" intensity="1.129703e-02" type="0"/>
    <Peak1D F1="-193.624619" intensity="1.180776e-02" type="0"/>
    <Peak1D F1="-193.674530" intensity="1.198017e-02" type="0"/>
    <Peak1D F1="-193.891968" intensity="1.203739e-02" type="0"/>
    <Peak1D F1="-194.054642" intensity="1.209672e-02" type="0"/>
    <Peak1D F1="-194.152435" intensity="1.226581e-02" type="0"/>
    <Peak1D F1="-194.385040" intensity="1.250532e-02" type="0"/>
    <Peak1D F1="-194.430481" intensity="1.247419e-02" type="0"/>
    <Peak1D F1="-194.455276" intensity="1.249931e-02" type="0"/>
    <Peak1D F1="-194.658371" intensity="1.271600e-02" type="0"/>
    <Peak1D F1="-194.796371" intensity="1.288057e-02" type="0"/>
    <Peak1D F1="-194.872116" intensity="1.288061e-02" type="0"/>
    <Peak1D F1="-195.013947" intensity="1.283987e-02" type="0"/>
    <Peak1D F1="-195.133316" intensity="1.305439e-02" type="0"/>
    <Peak1D F1="-195.318207" intensity="1.301796e-02" type="0"/>
    <Peak1D F1="-195.593063" intensity="1.311857e-02" type="0"/>
    <Peak1D F1="-195.816650" intensity="1.313717e-02" type="0"/>
    <Peak1D F1="-196.128174" intensity="1.322507e-02" type="0"/>
    <Peak1D F1="-196.508224" intensity="1.307949e-02" type="0"/>
    <Peak1D F1="-196.554398" intensity="1.315058e-02" type="0"/>
    <Peak1D F1="-196.619827" intensity="1.316278e-02" type="0"/>
    <Peak1D F1="-196.830017" intensity="1.313889e-02" type="0"/>
    <Peak1D F1="-197.213104" intensity="1.285620e-02" type="0"/>
    <Peak1D F1="-197.324417" intensity="1.297344e-02" type="0"/>
    <Peak1D F1="-197.427109" intensity="1.314248e-02" type="0"/>
    <Peak1D F1="-197.491333" intensity="1.311608e-02" type="0"/>
    <Peak1D F1="-197.622040" intensity="1.286706e-02" type="0"/>
    <Peak1D F1="-197.928818" intensity="1.258239e-02" type="0"/>
    <Peak1D F1="-197.977295" intensity="1.233715e-02" type="0"/>
    <Peak1D F1="-198.071259" intensity="1.234104e-02" type="0"/>
    <Peak1D F1="-198.270004" intensity="1.210029e-02" type="0"/>
    <Peak1D F1="-198.377838" intensity="1.202503e-02" type="0"/>
    <Peak1D F1="-198.451584" intensity="1.201274e-02" type="0"/>
    <Peak1D F1="-198.899841" intensity="1.138149e-02" type="0"/>
    <Peak1D F1="-199.027420" intensity="1.120659e-02" type="0"/>
    <Peak1D F1="-199.047791" intensity="1.098074e-02" type="0"/>
    <Peak1D F1="-199.105377" intensity="1.108216e-02" type="0"/>
    <Peak1D F1="-199.344330" intensity="1.091377e-02" type="0"/>
    <Peak1D F1="-199.555603" intensity="1.073932e-02" type="0"/>
    <Peak1D F1="-200.430145" intensity="9.591391e-03" type="0"/>
    <Peak1D F1="-200.546539" intensity="9.404259e-03" type="0"/>
    <Peak1D F1="-200.730225" intensity="9.119961e-03" type="0"/>
    <Peak1D F1="-200.816254" intensity="8.933658e-03" type="0"/>
    <Peak1D F1="-201.034622" intensity="8.550015e-03" type="0"/>
    <Peak1D F1="-201.431747" intensity="7.963590e-03" type="0"/>
    <Peak1D F1="-201.562271" intensity="7.771529e-03" type="0"/>
    <Peak1D F1="-201.737411" intensity="7.431839e-03" type="0"/>
    <Peak1D F1="-202.402328" intensity="6.293297e-03" type="0"/>
    <Peak1D F1="-202.818054" intensity="5.506004e-03" type="0"/>
    <Peak1D F1="-203.285629" intensity="4.917066e-03" type="0"/>
    <Peak1D F1="-203.647919" intensity="4.148141e-03" type="0"/>
    <Peak1D F1="-203.737778" intensity="3.951476e-03" type="0"/>
    <Peak1D F1="-203.842712" intensity="3.731366e-03" type="0"/>
    <Peak1D F1="-203.868378" intensity="3.612571e-03" type="0"/>
    <Peak1D F1="-204.326706" intensity="3.009360e-03" type="0"/>
  </PeakList1D>
</PeakList>
