<?xml version="1.0" encoding="UTF-8"?>
<PeakList modified="2020-02-05T19:06:36">
  <PeakList1D>
    <PeakList1DHeader creator="Dell" date="2020-02-05T19:05:58" expNo="3" name="SDT431" owner="" procNo="1" source="C:/Users/Dell/Desktop/NMR/TIB ester">
      <PeakPickDetails>F1=126.854568ppm, F2=105.556458ppm, MI=2.90cm, MAXI=18.31cm, PC=1.400
      </PeakPickDetails>
    </PeakList1DHeader>
    <Peak1D F1="122.546402" intensity="7.482276" type="0"/>
    <Peak1D F1="121.00827" intensity="15.0" type="0"/>
    <Peak1D F1="120.186714" intensity="7.497115" type="0"/>
    <Peak1D F1="111.678749" intensity="7.307985" type="0"/>
  </PeakList1D>
  <PeakList1D>
    <PeakList1DHeader creator="Dell" date="2020-02-05T19:05:58" expNo="3" name="SDT431" owner="" procNo="1" source="C:/Users/Dell/Desktop/NMR/TIB ester">
      <PeakPickDetails>F1=69.872772ppm, F2=48.948303ppm, MI=4.74cm, MAXI=16.47cm, PC=1.400
      </PeakPickDetails>
    </PeakList1DHeader>
    <Peak1D F1="65.909218" intensity="7.962858" type="0"/>
    <Peak1D F1="56.11747" intensity="10.99252" type="0"/>
  </PeakList1D>
  <PeakList1D>
    <PeakList1DHeader creator="Dell" date="2020-02-05T19:05:58" expNo="3" name="SDT431" owner="" procNo="1" source="C:/Users/Dell/Desktop/NMR/TIB ester">
      <PeakPickDetails>F1=36.804642ppm, F2=17.935257ppm, MI=3.82cm, MAXI=20.42cm, PC=1.400
      </PeakPickDetails>
    </PeakList1DHeader>
    <Peak1D F1="34.584061" intensity="7.297153" type="0"/>
    <Peak1D F1="31.533791" intensity="13.90522" type="0"/>
    <Peak1D F1="24.297819" intensity="13.87384" type="0"/>
    <Peak1D F1="24.250937" intensity="14.52263" type="0"/>
    <Peak1D F1="24.104729" intensity="14.84516" type="0"/>
  </PeakList1D>
  <PeakList1D>
    <PeakList1DHeader creator="Dell@Dell-PC" date="2020-02-05T19:06:38" expNo="3" name="SDT431" owner="Dell" procNo="1" source="C:/Users/Dell/Desktop/NMR/TIB ester">
      <PeakPickDetails>Manually picked peaks
</PeakPickDetails>
    </PeakList1DHeader>
    <Peak1D F1="62.568339772104956" intensity="-7.855401853376315" type="1"/>
    <Peak1D F1="28.507010965716905" intensity="-6.7721803764841475" type="1"/>
  </PeakList1D>
</PeakList>
