<?xml version="1.0" encoding="UTF-8"?>
<PeakList>
  <PeakList1D>
    <PeakList1DHeader creator="nmr" date="2017-10-31T15:19:47.985+08:00" expNo="2" name="zhq-452a" owner="" procNo="1" source="D:/bruker">
      <PeakPickDetails>F1=172.072ppm, F2=146.162ppm, MI=0.28cm, MAXI=2.87cm, PC=1.400
      </PeakPickDetails>
    </PeakList1DHeader>
    <Peak1D F1="163.8061" intensity="0.48" type="0"/>
    <Peak1D F1="154.6003" intensity="0.75" type="0"/>
    <Peak1D F1="153.0098" intensity="0.73" type="0"/>
    <Peak1D F1="151.5686" intensity="0.58" type="0"/>
    <Peak1D F1="149.8345" intensity="1.17" type="0"/>
  </PeakList1D>
  <PeakList1D>
    <PeakList1DHeader creator="nmr" date="2017-10-31T15:19:47.985+08:00" expNo="2" name="zhq-452a" owner="" procNo="1" source="D:/bruker">
      <PeakPickDetails>F1=143.393ppm, F2=135.086ppm, MI=0.36cm, MAXI=1.81cm, PC=1.400
      </PeakPickDetails>
    </PeakList1DHeader>
    <Peak1D F1="140.3343" intensity="1.18" type="0"/>
    <Peak1D F1="138.6547" intensity="0.95" type="0"/>
  </PeakList1D>
  <PeakList1D>
    <PeakList1DHeader creator="nmr" date="2017-10-31T15:19:47.985+08:00" expNo="2" name="zhq-452a" owner="" procNo="1" source="D:/bruker">
      <PeakPickDetails>F1=129.350ppm, F2=98.892ppm, MI=0.34cm, MAXI=3.27cm, PC=1.400
      </PeakPickDetails>
    </PeakList1DHeader>
    <Peak1D F1="124.2224" intensity="2.53" type="0"/>
    <Peak1D F1="119.0013" intensity="1.31" type="0"/>
    <Peak1D F1="103.3366" intensity="1.04" type="0"/>
  </PeakList1D>
  <PeakList1D>
    <PeakList1DHeader creator="nmr" date="2017-10-31T15:19:47.985+08:00" expNo="2" name="zhq-452a" owner="" procNo="1" source="D:/bruker">
      <PeakPickDetails>F1=81.882ppm, F2=78.520ppm, MI=0.33cm, MAXI=1.38cm, PC=1.400
      </PeakPickDetails>
    </PeakList1DHeader>
    <Peak1D F1="79.7534" intensity="1.10" type="0"/>
    <Peak1D F1="79.5704" intensity="0.38" type="0"/>
  </PeakList1D>
  <PeakList1D>
    <PeakList1DHeader creator="nmr" date="2017-10-31T15:19:47.985+08:00" expNo="2" name="zhq-452a" owner="" procNo="1" source="D:/bruker">
      <PeakPickDetails>F1=77.927ppm, F2=74.762ppm, MI=5.41cm, MAXI=17.89cm, PC=1.400
      </PeakPickDetails>
    </PeakList1DHeader>
    <Peak1D F1="77.3746" intensity="14.89" type="0"/>
    <Peak1D F1="77.0569" intensity="15.00" type="0"/>
    <Peak1D F1="76.7390" intensity="14.94" type="0"/>
  </PeakList1D>
  <PeakList1D>
    <PeakList1DHeader creator="nmr" date="2017-10-31T15:19:47.985+08:00" expNo="2" name="zhq-452a" owner="" procNo="1" source="D:/bruker">
      <PeakPickDetails>F1=46.875ppm, F2=30.854ppm, MI=0.19cm, MAXI=1.70cm, PC=1.400
      </PeakPickDetails>
    </PeakList1DHeader>
    <Peak1D F1="43.6236" intensity="0.35" type="0"/>
    <Peak1D F1="39.1640" intensity="1.29" type="0"/>
    <Peak1D F1="31.7768" intensity="0.59" type="0"/>
  </PeakList1D>
  <PeakList1D>
    <PeakList1DHeader creator="nmr" date="2017-10-31T15:19:47.985+08:00" expNo="2" name="zhq-452a" owner="" procNo="1" source="D:/bruker">
      <PeakPickDetails>F1=30.854ppm, F2=22.350ppm, MI=0.33cm, MAXI=6.42cm, PC=1.400
      </PeakPickDetails>
    </PeakList1DHeader>
    <Peak1D F1="28.3954" intensity="5.27" type="0"/>
    <Peak1D F1="27.9161" intensity="0.70" type="0"/>
  </PeakList1D>
</PeakList>
