<?xml version="1.0" encoding="UTF-8"?>
<PeakList>
  <PeakList1D>
    <PeakList1DHeader creator="nmrsu" date="2019-07-05T11:34:29.582-03:00" expNo="2" name="2B226_MS331.2" owner="" procNo="1" source="C:/NMRData/data/marcio_marilia/nmr">
      <PeakPickDetails>F1=222.593201ppm, F2=-22.602512ppm, MI=0.00cm, MAXI=10000.00cm, PC=1.400
      </PeakPickDetails>
    </PeakList1DHeader>
    <Peak1D F1="171.545517" intensity="2.210127e+000" type="0"/>
    <Peak1D F1="137.069641" intensity="2.757038e+000" type="0"/>
    <Peak1D F1="135.916931" intensity="1.783810e+000" type="0"/>
    <Peak1D F1="129.824600" intensity="2.153043e+000" type="0"/>
    <Peak1D F1="129.219360" intensity="1.500000e+001" type="0"/>
    <Peak1D F1="127.340607" intensity="1.363945e+001" type="0"/>
    <Peak1D F1="126.341629" intensity="7.392982e+000" type="0"/>
    <Peak1D F1="126.193611" intensity="2.079123e+000" type="0"/>
    <Peak1D F1="124.791191" intensity="1.824432e+000" type="0"/>
    <Peak1D F1="121.153183" intensity="7.176762e+000" type="0"/>
    <Peak1D F1="120.490860" intensity="7.703544e+000" type="0"/>
    <Peak1D F1="116.374123" intensity="1.985355e+000" type="0"/>
    <Peak1D F1="110.931961" intensity="7.607859e+000" type="0"/>
    <Peak1D F1="77.343178" intensity="3.556702e+001" type="0"/>
    <Peak1D F1="77.025978" intensity="3.657916e+001" type="0"/>
    <Peak1D F1="76.708427" intensity="3.599174e+001" type="0"/>
    <Peak1D F1="52.056057" intensity="5.101088e+000" type="0"/>
    <Peak1D F1="30.770926" intensity="8.211467e+000" type="0"/>
  </PeakList1D>
</PeakList>
