<?xml version="1.0" encoding="UTF-8"?>
<PeakList>
  <PeakList1D>
    <PeakList1DHeader creator="Lijin_Xu" date="2017-12-06T15:00:08.634+08:00" expNo="2" name="zhq-485" owner="" procNo="1" source="D:">
      <PeakPickDetails>F1=235.494ppm, F2=-15.494ppm, MI=0.00cm, MAXI=10000.00cm, PC=1.400
      </PeakPickDetails>
    </PeakList1DHeader>
    <Peak1D F1="165.8013" intensity="4.81" type="0"/>
    <Peak1D F1="163.1336" intensity="5.30" type="0"/>
    <Peak1D F1="153.5727" intensity="6.55" type="0"/>
    <Peak1D F1="151.7718" intensity="4.57" type="0"/>
    <Peak1D F1="150.2945" intensity="15.00" type="0"/>
    <Peak1D F1="140.8930" intensity="14.37" type="0"/>
    <Peak1D F1="139.0047" intensity="12.80" type="0"/>
    <Peak1D F1="124.3653" intensity="14.47" type="0"/>
    <Peak1D F1="123.5824" intensity="14.89" type="0"/>
    <Peak1D F1="117.6304" intensity="13.72" type="0"/>
    <Peak1D F1="108.9396" intensity="5.02" type="0"/>
    <Peak1D F1="77.3600" intensity="87.26" type="0"/>
    <Peak1D F1="77.2461" intensity="10.48" type="0"/>
    <Peak1D F1="77.0425" intensity="87.95" type="0"/>
    <Peak1D F1="76.7246" intensity="86.82" type="0"/>
    <Peak1D F1="52.0281" intensity="13.99" type="0"/>
    <Peak1D F1="18.9123" intensity="13.95" type="0"/>
  </PeakList1D>
</PeakList>
