<?xml version="1.0" encoding="UTF-8"?>
<PeakList>
  <PeakList1D>
    <PeakList1DHeader creator="nmr600" date="2019-07-24T11:52:53.435+02:00" expNo="42" name="6Jul2419" owner="" procNo="1" source="/opt/topspin3.0/data/nmr600/nmr">
      <PeakPickDetails>F1=-49.850281ppm, F2=-100.149727ppm, MI=0.00cm, MAXI=10000.00cm, PC=1.000
      </PeakPickDetails>
    </PeakList1DHeader>
    <Peak1D F1="-71.793510" intensity="5.880216e-03" type="0"/>
    <Peak1D F1="-73.055756" intensity="6.036943e-03" type="0"/>
    <Peak1D F1="-73.809120" intensity="1.335610e-02" type="0"/>
    <Peak1D F1="-74.474823" intensity="5.855021e-03" type="0"/>
    <Peak1D F1="-74.516678" intensity="2.276804e-02" type="0"/>
    <Peak1D F1="-77.627586" intensity="4.652879e-03" type="0"/>
    <Peak1D F1="-77.633583" intensity="5.015435e-03" type="0"/>
    <Peak1D F1="-77.639503" intensity="4.837614e-03" type="0"/>
    <Peak1D F1="-77.648384" intensity="4.877031e-03" type="0"/>
    <Peak1D F1="-77.654282" intensity="4.883383e-03" type="0"/>
    <Peak1D F1="-77.675049" intensity="4.617559e-03" type="0"/>
    <Peak1D F1="-77.678047" intensity="4.698600e-03" type="0"/>
    <Peak1D F1="-77.681076" intensity="4.407581e-03" type="0"/>
    <Peak1D F1="-77.683891" intensity="4.635201e-03" type="0"/>
    <Peak1D F1="-77.689842" intensity="4.692887e-03" type="0"/>
    <Peak1D F1="-77.692833" intensity="5.354278e-03" type="0"/>
    <Peak1D F1="-77.695831" intensity="4.681020e-03" type="0"/>
    <Peak1D F1="-77.701736" intensity="4.849499e-03" type="0"/>
    <Peak1D F1="-77.704643" intensity="4.949633e-03" type="0"/>
    <Peak1D F1="-77.707634" intensity="5.265746e-03" type="0"/>
    <Peak1D F1="-77.713531" intensity="5.049780e-03" type="0"/>
    <Peak1D F1="-77.716576" intensity="4.699127e-03" type="0"/>
    <Peak1D F1="-77.719597" intensity="4.407555e-03" type="0"/>
    <Peak1D F1="-77.725464" intensity="5.511564e-03" type="0"/>
    <Peak1D F1="-77.731354" intensity="4.341877e-03" type="0"/>
    <Peak1D F1="-77.743210" intensity="4.706854e-03" type="0"/>
    <Peak1D F1="-77.749046" intensity="5.083765e-03" type="0"/>
    <Peak1D F1="-77.752068" intensity="4.592850e-03" type="0"/>
    <Peak1D F1="-77.754990" intensity="5.200397e-03" type="0"/>
    <Peak1D F1="-77.758049" intensity="5.989836e-03" type="0"/>
    <Peak1D F1="-77.760948" intensity="5.025121e-03" type="0"/>
    <Peak1D F1="-77.763969" intensity="5.492517e-03" type="0"/>
    <Peak1D F1="-77.766968" intensity="5.727791e-03" type="0"/>
    <Peak1D F1="-77.769844" intensity="5.774344e-03" type="0"/>
    <Peak1D F1="-77.772797" intensity="6.069604e-03" type="0"/>
    <Peak1D F1="-77.775764" intensity="6.113933e-03" type="0"/>
    <Peak1D F1="-77.778786" intensity="6.047271e-03" type="0"/>
    <Peak1D F1="-77.781731" intensity="5.814144e-03" type="0"/>
    <Peak1D F1="-77.784729" intensity="4.848480e-03" type="0"/>
    <Peak1D F1="-77.787704" intensity="6.347603e-03" type="0"/>
    <Peak1D F1="-77.793549" intensity="5.098379e-03" type="0"/>
    <Peak1D F1="-77.796532" intensity="5.943254e-03" type="0"/>
    <Peak1D F1="-77.799492" intensity="5.882057e-03" type="0"/>
    <Peak1D F1="-77.802475" intensity="6.007645e-03" type="0"/>
    <Peak1D F1="-77.805428" intensity="7.205352e-03" type="0"/>
    <Peak1D F1="-77.808464" intensity="5.975039e-03" type="0"/>
    <Peak1D F1="-77.811363" intensity="6.024348e-03" type="0"/>
    <Peak1D F1="-77.814339" intensity="6.388197e-03" type="0"/>
    <Peak1D F1="-77.817238" intensity="5.583849e-03" type="0"/>
    <Peak1D F1="-77.820251" intensity="6.571578e-03" type="0"/>
    <Peak1D F1="-77.823242" intensity="6.574408e-03" type="0"/>
    <Peak1D F1="-77.826233" intensity="5.653540e-03" type="0"/>
    <Peak1D F1="-77.829132" intensity="5.883797e-03" type="0"/>
    <Peak1D F1="-77.835014" intensity="6.116610e-03" type="0"/>
    <Peak1D F1="-77.838020" intensity="6.837741e-03" type="0"/>
    <Peak1D F1="-77.840935" intensity="5.362946e-03" type="0"/>
    <Peak1D F1="-77.843964" intensity="6.709892e-03" type="0"/>
    <Peak1D F1="-77.846970" intensity="6.546435e-03" type="0"/>
    <Peak1D F1="-77.849930" intensity="6.252640e-03" type="0"/>
    <Peak1D F1="-77.855766" intensity="5.862910e-03" type="0"/>
    <Peak1D F1="-77.858711" intensity="6.726200e-03" type="0"/>
    <Peak1D F1="-77.861740" intensity="7.281910e-03" type="0"/>
    <Peak1D F1="-77.864677" intensity="7.526181e-03" type="0"/>
    <Peak1D F1="-77.867706" intensity="7.953263e-03" type="0"/>
    <Peak1D F1="-77.873581" intensity="7.401146e-03" type="0"/>
    <Peak1D F1="-77.876503" intensity="7.076043e-03" type="0"/>
    <Peak1D F1="-77.879494" intensity="7.772817e-03" type="0"/>
    <Peak1D F1="-77.882469" intensity="7.062310e-03" type="0"/>
    <Peak1D F1="-77.885406" intensity="7.632174e-03" type="0"/>
    <Peak1D F1="-77.888443" intensity="7.904656e-03" type="0"/>
    <Peak1D F1="-77.891380" intensity="6.996637e-03" type="0"/>
    <Peak1D F1="-77.894333" intensity="6.720688e-03" type="0"/>
    <Peak1D F1="-77.897255" intensity="7.770550e-03" type="0"/>
    <Peak1D F1="-77.900238" intensity="7.688297e-03" type="0"/>
    <Peak1D F1="-77.903183" intensity="8.566125e-03" type="0"/>
    <Peak1D F1="-77.906166" intensity="9.061573e-03" type="0"/>
    <Peak1D F1="-77.909134" intensity="7.763181e-03" type="0"/>
    <Peak1D F1="-77.912140" intensity="8.850496e-03" type="0"/>
    <Peak1D F1="-77.915108" intensity="7.575520e-03" type="0"/>
    <Peak1D F1="-77.917999" intensity="7.132180e-03" type="0"/>
    <Peak1D F1="-77.920929" intensity="7.615865e-03" type="0"/>
    <Peak1D F1="-77.923920" intensity="8.333643e-03" type="0"/>
    <Peak1D F1="-77.926903" intensity="9.226720e-03" type="0"/>
    <Peak1D F1="-77.929909" intensity="8.600504e-03" type="0"/>
    <Peak1D F1="-77.932884" intensity="8.629371e-03" type="0"/>
    <Peak1D F1="-77.935829" intensity="8.134708e-03" type="0"/>
    <Peak1D F1="-77.938751" intensity="8.115213e-03" type="0"/>
    <Peak1D F1="-77.941673" intensity="8.888933e-03" type="0"/>
    <Peak1D F1="-77.944672" intensity="8.898498e-03" type="0"/>
    <Peak1D F1="-77.947670" intensity="9.413429e-03" type="0"/>
    <Peak1D F1="-77.950592" intensity="9.728432e-03" type="0"/>
    <Peak1D F1="-77.953636" intensity="8.490482e-03" type="0"/>
    <Peak1D F1="-77.956558" intensity="9.112923e-03" type="0"/>
    <Peak1D F1="-77.959496" intensity="8.998358e-03" type="0"/>
    <Peak1D F1="-77.962425" intensity="8.842429e-03" type="0"/>
    <Peak1D F1="-77.965393" intensity="1.017260e-02" type="0"/>
    <Peak1D F1="-77.968376" intensity="1.014694e-02" type="0"/>
    <Peak1D F1="-77.971397" intensity="1.047430e-02" type="0"/>
    <Peak1D F1="-77.974358" intensity="9.446631e-03" type="0"/>
    <Peak1D F1="-77.977333" intensity="9.499595e-03" type="0"/>
    <Peak1D F1="-77.980240" intensity="9.930839e-03" type="0"/>
    <Peak1D F1="-77.983192" intensity="9.706789e-03" type="0"/>
    <Peak1D F1="-77.986130" intensity="1.083379e-02" type="0"/>
    <Peak1D F1="-77.989136" intensity="1.090956e-02" type="0"/>
    <Peak1D F1="-77.992126" intensity="1.085667e-02" type="0"/>
    <Peak1D F1="-77.995087" intensity="1.173182e-02" type="0"/>
    <Peak1D F1="-77.998062" intensity="1.154587e-02" type="0"/>
    <Peak1D F1="-78.001015" intensity="9.947985e-03" type="0"/>
    <Peak1D F1="-78.003922" intensity="1.139727e-02" type="0"/>
    <Peak1D F1="-78.006889" intensity="1.175292e-02" type="0"/>
    <Peak1D F1="-78.009842" intensity="1.217615e-02" type="0"/>
    <Peak1D F1="-78.012856" intensity="1.243942e-02" type="0"/>
    <Peak1D F1="-78.015808" intensity="1.157323e-02" type="0"/>
    <Peak1D F1="-78.018806" intensity="1.237371e-02" type="0"/>
    <Peak1D F1="-78.021759" intensity="1.263334e-02" type="0"/>
    <Peak1D F1="-78.024673" intensity="1.160445e-02" type="0"/>
    <Peak1D F1="-78.027611" intensity="1.206224e-02" type="0"/>
    <Peak1D F1="-78.030594" intensity="1.387727e-02" type="0"/>
    <Peak1D F1="-78.033585" intensity="1.355837e-02" type="0"/>
    <Peak1D F1="-78.036568" intensity="1.323926e-02" type="0"/>
    <Peak1D F1="-78.039528" intensity="1.428809e-02" type="0"/>
    <Peak1D F1="-78.042488" intensity="1.261525e-02" type="0"/>
    <Peak1D F1="-78.045418" intensity="1.291692e-02" type="0"/>
    <Peak1D F1="-78.048340" intensity="1.392704e-02" type="0"/>
    <Peak1D F1="-78.051323" intensity="1.483091e-02" type="0"/>
    <Peak1D F1="-78.054314" intensity="1.419296e-02" type="0"/>
    <Peak1D F1="-78.057297" intensity="1.624619e-02" type="0"/>
    <Peak1D F1="-78.060280" intensity="1.511141e-02" type="0"/>
    <Peak1D F1="-78.063210" intensity="1.535199e-02" type="0"/>
    <Peak1D F1="-78.066132" intensity="1.596783e-02" type="0"/>
    <Peak1D F1="-78.069092" intensity="1.614058e-02" type="0"/>
    <Peak1D F1="-78.072067" intensity="1.920375e-02" type="0"/>
    <Peak1D F1="-78.075233" intensity="2.475343e-02" type="0"/>
    <Peak1D F1="-78.077835" intensity="9.168870e-02" type="0"/>
    <Peak1D F1="-78.081070" intensity="2.658014e-02" type="0"/>
    <Peak1D F1="-78.083992" intensity="2.417321e-02" type="0"/>
    <Peak1D F1="-78.086952" intensity="2.006104e-02" type="0"/>
    <Peak1D F1="-78.089851" intensity="2.045645e-02" type="0"/>
    <Peak1D F1="-78.092834" intensity="2.049513e-02" type="0"/>
    <Peak1D F1="-78.095802" intensity="2.144150e-02" type="0"/>
    <Peak1D F1="-78.098785" intensity="2.273935e-02" type="0"/>
    <Peak1D F1="-78.101776" intensity="2.121385e-02" type="0"/>
    <Peak1D F1="-78.104736" intensity="2.198833e-02" type="0"/>
    <Peak1D F1="-78.107689" intensity="2.031022e-02" type="0"/>
    <Peak1D F1="-78.110596" intensity="2.221051e-02" type="0"/>
    <Peak1D F1="-78.113564" intensity="2.361998e-02" type="0"/>
    <Peak1D F1="-78.116531" intensity="2.520528e-02" type="0"/>
    <Peak1D F1="-78.119530" intensity="2.609796e-02" type="0"/>
    <Peak1D F1="-78.122520" intensity="2.642747e-02" type="0"/>
    <Peak1D F1="-78.125465" intensity="2.634241e-02" type="0"/>
    <Peak1D F1="-78.128448" intensity="2.589238e-02" type="0"/>
    <Peak1D F1="-78.131348" intensity="2.659630e-02" type="0"/>
    <Peak1D F1="-78.134293" intensity="2.960751e-02" type="0"/>
    <Peak1D F1="-78.137276" intensity="2.978332e-02" type="0"/>
    <Peak1D F1="-78.140266" intensity="3.208887e-02" type="0"/>
    <Peak1D F1="-78.143242" intensity="3.276622e-02" type="0"/>
    <Peak1D F1="-78.146233" intensity="3.416598e-02" type="0"/>
    <Peak1D F1="-78.149170" intensity="3.372828e-02" type="0"/>
    <Peak1D F1="-78.152084" intensity="3.514640e-02" type="0"/>
    <Peak1D F1="-78.155045" intensity="3.815032e-02" type="0"/>
    <Peak1D F1="-78.158028" intensity="4.209646e-02" type="0"/>
    <Peak1D F1="-78.161011" intensity="4.958100e-02" type="0"/>
    <Peak1D F1="-78.163971" intensity="4.782320e-02" type="0"/>
    <Peak1D F1="-78.166954" intensity="4.821121e-02" type="0"/>
    <Peak1D F1="-78.169914" intensity="4.830429e-02" type="0"/>
    <Peak1D F1="-78.172829" intensity="5.070824e-02" type="0"/>
    <Peak1D F1="-78.175774" intensity="5.715547e-02" type="0"/>
    <Peak1D F1="-78.178757" intensity="6.190435e-02" type="0"/>
    <Peak1D F1="-78.181732" intensity="6.796660e-02" type="0"/>
    <Peak1D F1="-78.184723" intensity="7.350049e-02" type="0"/>
    <Peak1D F1="-78.187706" intensity="7.852972e-02" type="0"/>
    <Peak1D F1="-78.190659" intensity="8.241439e-02" type="0"/>
    <Peak1D F1="-78.193588" intensity="8.911223e-02" type="0"/>
    <Peak1D F1="-78.196541" intensity="1.133545e-01" type="0"/>
    <Peak1D F1="-78.199486" intensity="1.189681e-01" type="0"/>
    <Peak1D F1="-78.202469" intensity="1.322534e-01" type="0"/>
    <Peak1D F1="-78.205460" intensity="1.498961e-01" type="0"/>
    <Peak1D F1="-78.208443" intensity="1.674329e-01" type="0"/>
    <Peak1D F1="-78.211403" intensity="1.925322e-01" type="0"/>
    <Peak1D F1="-78.214348" intensity="2.242897e-01" type="0"/>
    <Peak1D F1="-78.217270" intensity="2.837195e-01" type="0"/>
    <Peak1D F1="-78.220238" intensity="3.820941e-01" type="0"/>
    <Peak1D F1="-78.223221" intensity="5.344422e-01" type="0"/>
    <Peak1D F1="-78.226227" intensity="8.476808e-01" type="0"/>
    <Peak1D F1="-78.229362" intensity="1.838243e+00" type="0"/>
    <Peak1D F1="-78.232872" intensity="1.500000e+01" type="0"/>
    <Peak1D F1="-78.236504" intensity="1.748088e+00" type="0"/>
    <Peak1D F1="-78.239197" intensity="1.243892e+00" type="0"/>
    <Peak1D F1="-78.242432" intensity="5.501968e-01" type="0"/>
    <Peak1D F1="-78.245438" intensity="3.742206e-01" type="0"/>
    <Peak1D F1="-78.248421" intensity="2.842616e-01" type="0"/>
    <Peak1D F1="-78.251411" intensity="2.218891e-01" type="0"/>
    <Peak1D F1="-78.254372" intensity="1.759838e-01" type="0"/>
    <Peak1D F1="-78.257294" intensity="1.457114e-01" type="0"/>
    <Peak1D F1="-78.260223" intensity="1.296088e-01" type="0"/>
    <Peak1D F1="-78.263206" intensity="1.173238e-01" type="0"/>
    <Peak1D F1="-78.266205" intensity="1.129596e-01" type="0"/>
    <Peak1D F1="-78.269142" intensity="1.019568e-01" type="0"/>
    <Peak1D F1="-78.272133" intensity="8.696738e-02" type="0"/>
    <Peak1D F1="-78.275116" intensity="7.411755e-02" type="0"/>
    <Peak1D F1="-78.278046" intensity="6.467201e-02" type="0"/>
    <Peak1D F1="-78.280968" intensity="6.247787e-02" type="0"/>
    <Peak1D F1="-78.283936" intensity="5.792078e-02" type="0"/>
    <Peak1D F1="-78.286919" intensity="5.577771e-02" type="0"/>
    <Peak1D F1="-78.289902" intensity="5.209979e-02" type="0"/>
    <Peak1D F1="-78.292892" intensity="4.817800e-02" type="0"/>
    <Peak1D F1="-78.295868" intensity="4.175025e-02" type="0"/>
    <Peak1D F1="-78.298805" intensity="3.796905e-02" type="0"/>
    <Peak1D F1="-78.301720" intensity="3.651393e-02" type="0"/>
    <Peak1D F1="-78.304672" intensity="3.724232e-02" type="0"/>
    <Peak1D F1="-78.307655" intensity="3.528214e-02" type="0"/>
    <Peak1D F1="-78.310646" intensity="3.463134e-02" type="0"/>
    <Peak1D F1="-78.313629" intensity="3.136046e-02" type="0"/>
    <Peak1D F1="-78.316605" intensity="2.917609e-02" type="0"/>
    <Peak1D F1="-78.319550" intensity="2.660551e-02" type="0"/>
    <Peak1D F1="-78.322464" intensity="2.491989e-02" type="0"/>
    <Peak1D F1="-78.325417" intensity="2.609364e-02" type="0"/>
    <Peak1D F1="-78.328392" intensity="2.575984e-02" type="0"/>
    <Peak1D F1="-78.331367" intensity="2.576237e-02" type="0"/>
    <Peak1D F1="-78.334373" intensity="2.270129e-02" type="0"/>
    <Peak1D F1="-78.337349" intensity="2.297006e-02" type="0"/>
    <Peak1D F1="-78.343216" intensity="2.015376e-02" type="0"/>
    <Peak1D F1="-78.346176" intensity="1.998089e-02" type="0"/>
    <Peak1D F1="-78.349136" intensity="2.009563e-02" type="0"/>
    <Peak1D F1="-78.352119" intensity="2.026199e-02" type="0"/>
    <Peak1D F1="-78.355095" intensity="1.960177e-02" type="0"/>
    <Peak1D F1="-78.358086" intensity="1.851523e-02" type="0"/>
    <Peak1D F1="-78.361031" intensity="1.643138e-02" type="0"/>
    <Peak1D F1="-78.366890" intensity="1.610251e-02" type="0"/>
    <Peak1D F1="-78.369881" intensity="1.651509e-02" type="0"/>
    <Peak1D F1="-78.372864" intensity="1.672410e-02" type="0"/>
    <Peak1D F1="-78.375839" intensity="1.569689e-02" type="0"/>
    <Peak1D F1="-78.378822" intensity="1.526525e-02" type="0"/>
    <Peak1D F1="-78.381790" intensity="1.423831e-02" type="0"/>
    <Peak1D F1="-78.390602" intensity="1.415016e-02" type="0"/>
    <Peak1D F1="-78.393593" intensity="1.410276e-02" type="0"/>
    <Peak1D F1="-78.396561" intensity="1.348259e-02" type="0"/>
    <Peak1D F1="-78.399559" intensity="1.281768e-02" type="0"/>
    <Peak1D F1="-78.402542" intensity="1.164895e-02" type="0"/>
    <Peak1D F1="-78.408356" intensity="1.164920e-02" type="0"/>
    <Peak1D F1="-78.411346" intensity="1.271856e-02" type="0"/>
    <Peak1D F1="-78.414330" intensity="1.244955e-02" type="0"/>
    <Peak1D F1="-78.417313" intensity="1.293765e-02" type="0"/>
    <Peak1D F1="-78.420296" intensity="1.185426e-02" type="0"/>
    <Peak1D F1="-78.423256" intensity="1.072984e-02" type="0"/>
    <Peak1D F1="-78.432076" intensity="1.138997e-02" type="0"/>
    <Peak1D F1="-78.435051" intensity="1.076148e-02" type="0"/>
    <Peak1D F1="-78.438049" intensity="1.013166e-02" type="0"/>
    <Peak1D F1="-78.441040" intensity="1.141845e-02" type="0"/>
    <Peak1D F1="-78.444038" intensity="9.480361e-03" type="0"/>
    <Peak1D F1="-78.452820" intensity="9.729133e-03" type="0"/>
    <Peak1D F1="-78.455803" intensity="9.202440e-03" type="0"/>
    <Peak1D F1="-78.458786" intensity="9.771025e-03" type="0"/>
    <Peak1D F1="-78.461777" intensity="9.543247e-03" type="0"/>
    <Peak1D F1="-78.464760" intensity="8.590087e-03" type="0"/>
    <Peak1D F1="-78.476532" intensity="8.643011e-03" type="0"/>
    <Peak1D F1="-78.479538" intensity="9.370291e-03" type="0"/>
    <Peak1D F1="-78.482506" intensity="9.164748e-03" type="0"/>
    <Peak1D F1="-78.485497" intensity="7.998287e-03" type="0"/>
    <Peak1D F1="-78.497276" intensity="8.036357e-03" type="0"/>
    <Peak1D F1="-78.500259" intensity="9.137713e-03" type="0"/>
    <Peak1D F1="-78.503258" intensity="8.118117e-03" type="0"/>
    <Peak1D F1="-78.506248" intensity="8.023544e-03" type="0"/>
    <Peak1D F1="-78.517990" intensity="7.270362e-03" type="0"/>
    <Peak1D F1="-78.521011" intensity="7.765223e-03" type="0"/>
    <Peak1D F1="-78.523979" intensity="7.363067e-03" type="0"/>
    <Peak1D F1="-78.526978" intensity="7.390263e-03" type="0"/>
    <Peak1D F1="-78.541733" intensity="6.400854e-03" type="0"/>
    <Peak1D F1="-78.544716" intensity="6.556057e-03" type="0"/>
    <Peak1D F1="-78.547699" intensity="7.878552e-03" type="0"/>
    <Peak1D F1="-78.562462" intensity="7.765881e-03" type="0"/>
    <Peak1D F1="-78.565453" intensity="6.403416e-03" type="0"/>
    <Peak1D F1="-78.568459" intensity="6.567053e-03" type="0"/>
    <Peak1D F1="-78.583229" intensity="6.247570e-03" type="0"/>
    <Peak1D F1="-78.586174" intensity="6.392313e-03" type="0"/>
    <Peak1D F1="-78.589180" intensity="6.155805e-03" type="0"/>
    <Peak1D F1="-78.592148" intensity="6.401783e-03" type="0"/>
    <Peak1D F1="-78.603943" intensity="5.579753e-03" type="0"/>
    <Peak1D F1="-78.606964" intensity="6.273764e-03" type="0"/>
    <Peak1D F1="-78.609924" intensity="5.236026e-03" type="0"/>
    <Peak1D F1="-78.615898" intensity="6.102769e-03" type="0"/>
    <Peak1D F1="-78.624718" intensity="5.550354e-03" type="0"/>
    <Peak1D F1="-78.627701" intensity="6.303352e-03" type="0"/>
    <Peak1D F1="-78.630684" intensity="5.866230e-03" type="0"/>
    <Peak1D F1="-78.633720" intensity="7.621547e-03" type="0"/>
    <Peak1D F1="-78.636696" intensity="9.549401e-03" type="0"/>
    <Peak1D F1="-78.639771" intensity="1.411560e-02" type="0"/>
    <Peak1D F1="-78.643501" intensity="8.309695e-02" type="0"/>
    <Peak1D F1="-78.648247" intensity="1.174823e-02" type="0"/>
    <Peak1D F1="-78.651146" intensity="7.071297e-03" type="0"/>
    <Peak1D F1="-78.654305" intensity="5.811845e-03" type="0"/>
    <Peak1D F1="-78.657242" intensity="5.701593e-03" type="0"/>
    <Peak1D F1="-78.663132" intensity="5.254313e-03" type="0"/>
    <Peak1D F1="-78.666122" intensity="4.962666e-03" type="0"/>
    <Peak1D F1="-78.669083" intensity="5.078348e-03" type="0"/>
    <Peak1D F1="-78.672127" intensity="4.692483e-03" type="0"/>
    <Peak1D F1="-78.692894" intensity="4.606108e-03" type="0"/>
    <Peak1D F1="-78.695839" intensity="5.018440e-03" type="0"/>
    <Peak1D F1="-78.698845" intensity="5.316321e-03" type="0"/>
    <Peak1D F1="-78.710640" intensity="5.267289e-03" type="0"/>
    <Peak1D F1="-78.731339" intensity="4.723624e-03" type="0"/>
    <Peak1D F1="-78.737328" intensity="4.392744e-03" type="0"/>
    <Peak1D F1="-78.740318" intensity="4.621457e-03" type="0"/>
    <Peak1D F1="-78.752106" intensity="4.424280e-03" type="0"/>
    <Peak1D F1="-79.075249" intensity="4.578616e-03" type="0"/>
    <Peak1D F1="-79.077995" intensity="5.764950e-03" type="0"/>
    <Peak1D F1="-79.080994" intensity="4.375021e-03" type="0"/>
  </PeakList1D>
</PeakList>
