<?xml version="1.0" encoding="UTF-8"?>
<PeakList>
  <PeakList1D>
    <PeakList1DHeader creator="Lijin_Xu" date="2018-08-27T15:21:44.073+08:00" expNo="2" name="zhq-660b" owner="" procNo="1" source="D:">
      <PeakPickDetails>F1=235.494ppm, F2=-15.494ppm, MI=0.00cm, MAXI=10000.00cm, PC=1.400
      </PeakPickDetails>
    </PeakList1DHeader>
    <Peak1D F1="166.0556" intensity="6.30" type="0"/>
    <Peak1D F1="145.9198" intensity="7.63" type="0"/>
    <Peak1D F1="141.9499" intensity="14.43" type="0"/>
    <Peak1D F1="116.4152" intensity="14.86" type="0"/>
    <Peak1D F1="106.0823" intensity="15.00" type="0"/>
    <Peak1D F1="77.3522" intensity="93.80" type="0"/>
    <Peak1D F1="77.0348" intensity="94.79" type="0"/>
    <Peak1D F1="76.7170" intensity="94.22" type="0"/>
    <Peak1D F1="19.0531" intensity="13.45" type="0"/>
  </PeakList1D>
</PeakList>
