<?xml version="1.0" encoding="UTF-8"?>
<PeakList modified="2020-02-08T09:47:51">
  <PeakList1D>
    <PeakList1DHeader creator="Dell" date="2020-02-08T09:47:50" expNo="2" name="SDT378C6D6" owner="" procNo="1" source="C:/Users/Dell/Desktop/NMR/Boronate EE analysis">
      <PeakPickDetails>F1=168.025467ppm, F2=165.712952ppm, MI=0.02cm, MAXI=0.28cm, PC=1.400
      </PeakPickDetails>
    </PeakList1DHeader>
  </PeakList1D>
  <PeakList1D>
    <PeakList1DHeader creator="Dell" date="2020-02-08T09:47:50" expNo="2" name="SDT378C6D6" owner="" procNo="1" source="C:/Users/Dell/Desktop/NMR/Boronate EE analysis">
      <PeakPickDetails>F1=165.712952ppm, F2=159.068802ppm, MI=0.06cm, MAXI=0.11cm, PC=1.400
      </PeakPickDetails>
    </PeakList1DHeader>
    <Peak1D F1="163.157959" intensity="0.06768106" type="0"/>
  </PeakList1D>
  <PeakList1D>
    <PeakList1DHeader creator="Dell" date="2020-02-08T09:47:50" expNo="2" name="SDT378C6D6" owner="" procNo="1" source="C:/Users/Dell/Desktop/NMR/Boronate EE analysis">
      <PeakPickDetails>F1=143.743423ppm, F2=143.171783ppm, MI=0.03cm, MAXI=0.21cm, PC=1.400
      </PeakPickDetails>
    </PeakList1DHeader>
    <Peak1D F1="143.563492" intensity="0.1142106" type="0"/>
  </PeakList1D>
  <PeakList1D>
    <PeakList1DHeader creator="Dell" date="2020-02-08T09:47:50" expNo="2" name="SDT378C6D6" owner="" procNo="1" source="C:/Users/Dell/Desktop/NMR/Boronate EE analysis">
      <PeakPickDetails>F1=130.456390ppm, F2=122.912994ppm, MI=7.24cm, MAXI=17.97cm, PC=1.400
      </PeakPickDetails>
    </PeakList1DHeader>
    <Peak1D F1="128.136276" intensity="14.37705" type="0"/>
    <Peak1D F1="127.999352" intensity="15.0" type="0"/>
    <Peak1D F1="127.861153" intensity="14.62686" type="0"/>
  </PeakList1D>
  <PeakList1D>
    <PeakList1DHeader creator="Dell" date="2020-02-08T09:47:50" expNo="2" name="SDT378C6D6" owner="" procNo="1" source="C:/Users/Dell/Desktop/NMR/Boronate EE analysis">
      <PeakPickDetails>F1=87.217827ppm, F2=85.695541ppm, MI=0.08cm, MAXI=0.38cm, PC=1.400
      </PeakPickDetails>
    </PeakList1DHeader>
    <Peak1D F1="86.466179" intensity="0.2315471" type="0"/>
  </PeakList1D>
  <PeakList1D>
    <PeakList1DHeader creator="Dell" date="2020-02-08T09:47:50" expNo="2" name="SDT378C6D6" owner="" procNo="1" source="C:/Users/Dell/Desktop/NMR/Boronate EE analysis">
      <PeakPickDetails>F1=64.689751ppm, F2=56.901016ppm, MI=0.05cm, MAXI=0.18cm, PC=1.400
      </PeakPickDetails>
    </PeakList1DHeader>
    <Peak1D F1="61.196369" intensity="0.1308701" type="0"/>
  </PeakList1D>
  <PeakList1D>
    <PeakList1DHeader creator="Dell" date="2020-02-08T09:47:50" expNo="2" name="SDT378C6D6" owner="" procNo="1" source="C:/Users/Dell/Desktop/NMR/Boronate EE analysis">
      <PeakPickDetails>F1=50.194050ppm, F2=45.217918ppm, MI=0.03cm, MAXI=0.15cm, PC=1.400
      </PeakPickDetails>
    </PeakList1DHeader>
    <Peak1D F1="48.120117" intensity="0.0568157" type="0"/>
    <Peak1D F1="47.027111" intensity="0.07462891" type="0"/>
  </PeakList1D>
  <PeakList1D>
    <PeakList1DHeader creator="Dell" date="2020-02-08T09:47:50" expNo="2" name="SDT378C6D6" owner="" procNo="1" source="C:/Users/Dell/Desktop/NMR/Boronate EE analysis">
      <PeakPickDetails>F1=37.429184ppm, F2=32.669403ppm, MI=0.05cm, MAXI=0.17cm, PC=1.400
      </PeakPickDetails>
    </PeakList1DHeader>
    <Peak1D F1="35.402866" intensity="0.1259682" type="0"/>
  </PeakList1D>
  <PeakList1D>
    <PeakList1DHeader creator="Dell" date="2020-02-08T09:47:50" expNo="2" name="SDT378C6D6" owner="" procNo="1" source="C:/Users/Dell/Desktop/NMR/Boronate EE analysis">
      <PeakPickDetails>F1=30.250071ppm, F2=30.027338ppm, MI=0.01cm, MAXI=0.03cm, PC=1.400
      </PeakPickDetails>
    </PeakList1DHeader>
    <Peak1D F1="30.170147" intensity="0.01223651" type="0"/>
  </PeakList1D>
  <PeakList1D>
    <PeakList1DHeader creator="Dell" date="2020-02-08T09:47:50" expNo="2" name="SDT378C6D6" owner="" procNo="1" source="C:/Users/Dell/Desktop/NMR/Boronate EE analysis">
      <PeakPickDetails>F1=28.558685ppm, F2=14.928403ppm, MI=0.05cm, MAXI=0.69cm, PC=1.400
      </PeakPickDetails>
    </PeakList1DHeader>
    <Peak1D F1="26.199543" intensity="0.5736868" type="0"/>
    <Peak1D F1="20.125914" intensity="0.1478891" type="0"/>
    <Peak1D F1="20.112537" intensity="0.1440089" type="0"/>
    <Peak1D F1="19.948999" intensity="0.1370215" type="0"/>
    <Peak1D F1="19.922476" intensity="0.1379934" type="0"/>
    <Peak1D F1="18.586954" intensity="0.1008707" type="0"/>
  </PeakList1D>
  <PeakList1D>
    <PeakList1DHeader creator="Dell" date="2020-02-08T09:47:50" expNo="2" name="SDT378C6D6" owner="" procNo="1" source="C:/Users/Dell/Desktop/NMR/Boronate EE analysis">
      <PeakPickDetails>F1=2.163537ppm, F2=-0.432707ppm, MI=0.01cm, MAXI=0.05cm, PC=1.400
      </PeakPickDetails>
    </PeakList1DHeader>
    <Peak1D F1="1.359536" intensity="0.02073849" type="0"/>
  </PeakList1D>
  <PeakList1D>
    <PeakList1DHeader creator="Dell" date="2020-02-08T09:47:50" expNo="2" name="SDT378C6D6" owner="" procNo="1" source="C:/Users/Dell/Desktop/NMR/Boronate EE analysis">
      <PeakPickDetails>F1=-2.812598ppm, F2=-8.005086ppm, MI=0.06cm, MAXI=0.23cm, PC=1.400
      </PeakPickDetails>
    </PeakList1DHeader>
    <Peak1D F1="-5.06231" intensity="0.152839" type="0"/>
    <Peak1D F1="-5.143278" intensity="0.1541048" type="0"/>
  </PeakList1D>
</PeakList>
