<?xml version="1.0" encoding="UTF-8"?>
<PeakList>
  <PeakList1D>
    <PeakList1DHeader creator="nightrun" date="2020-03-26T20:35:48.050+09:00" expNo="1" name="200326_KG16-31-P_1H" owner="" procNo="1" source="/opt/topspin3.5pl7/data/geon0202">
      <PeakPickDetails>F1=16.188021ppm, F2=-3.838023ppm, MI=0.00cm, MAXI=10000.00cm, PC=1.000
      </PeakPickDetails>
    </PeakList1DHeader>
    <Peak1D F1="7.976079" intensity="2.191828e-03" type="0"/>
    <Peak1D F1="7.894916" intensity="2.453115e-03" type="0"/>
    <Peak1D F1="7.817865" intensity="2.345788e-03" type="0"/>
    <Peak1D F1="7.806592" intensity="2.159564e-03" type="0"/>
    <Peak1D F1="7.750144" intensity="2.452203e-03" type="0"/>
    <Peak1D F1="7.732440" intensity="2.711896e-03" type="0"/>
    <Peak1D F1="7.709762" intensity="7.436217e-03" type="0"/>
    <Peak1D F1="7.703789" intensity="7.844064e-03" type="0"/>
    <Peak1D F1="7.692336" intensity="9.014220e-03" type="0"/>
    <Peak1D F1="7.686074" intensity="1.039840e-02" type="0"/>
    <Peak1D F1="7.630930" intensity="8.523962e-03" type="0"/>
    <Peak1D F1="7.613941" intensity="1.394434e-02" type="0"/>
    <Peak1D F1="7.609053" intensity="1.269769e-02" type="0"/>
    <Peak1D F1="7.591869" intensity="1.318414e-02" type="0"/>
    <Peak1D F1="7.569438" intensity="1.502173e-02" type="0"/>
    <Peak1D F1="7.550788" intensity="2.104980e-02" type="0"/>
    <Peak1D F1="7.543134" intensity="3.641991e-02" type="0"/>
    <Peak1D F1="7.533880" intensity="6.059022e-02" type="0"/>
    <Peak1D F1="7.529617" intensity="8.144496e-02" type="0"/>
    <Peak1D F1="7.511382" intensity="1.329794e+00" type="0"/>
    <Peak1D F1="7.506535" intensity="1.312058e+00" type="0"/>
    <Peak1D F1="7.491723" intensity="2.020746e+00" type="0"/>
    <Peak1D F1="7.487799" intensity="2.008598e+00" type="0"/>
    <Peak1D F1="7.481001" intensity="3.447149e-01" type="0"/>
    <Peak1D F1="7.467770" intensity="8.231618e-02" type="0"/>
    <Peak1D F1="7.457808" intensity="5.204458e-02" type="0"/>
    <Peak1D F1="7.438992" intensity="5.005111e-01" type="0"/>
    <Peak1D F1="7.435072" intensity="3.639422e-01" type="0"/>
    <Peak1D F1="7.430810" intensity="6.968244e-01" type="0"/>
    <Peak1D F1="7.426180" intensity="5.369143e-01" type="0"/>
    <Peak1D F1="7.424700" intensity="5.383836e-01" type="0"/>
    <Peak1D F1="7.416657" intensity="2.177276e+00" type="0"/>
    <Peak1D F1="7.412783" intensity="1.158444e+00" type="0"/>
    <Peak1D F1="7.403419" intensity="1.646127e+00" type="0"/>
    <Peak1D F1="7.399357" intensity="3.125804e+00" type="0"/>
    <Peak1D F1="7.395706" intensity="1.422374e+00" type="0"/>
    <Peak1D F1="7.386324" intensity="7.126674e-01" type="0"/>
    <Peak1D F1="7.383051" intensity="6.009441e-01" type="0"/>
    <Peak1D F1="7.370827" intensity="1.942924e-01" type="0"/>
    <Peak1D F1="7.366551" intensity="1.829153e-01" type="0"/>
    <Peak1D F1="7.362681" intensity="1.136972e-01" type="0"/>
    <Peak1D F1="7.342958" intensity="2.171474e-02" type="0"/>
    <Peak1D F1="7.327634" intensity="1.200016e-02" type="0"/>
    <Peak1D F1="7.302340" intensity="2.334751e-02" type="0"/>
    <Peak1D F1="7.284286" intensity="2.728906e+00" type="0"/>
    <Peak1D F1="7.253237" intensity="6.567185e-03" type="0"/>
    <Peak1D F1="7.230833" intensity="7.289918e-03" type="0"/>
    <Peak1D F1="7.210891" intensity="1.119812e-02" type="0"/>
    <Peak1D F1="7.197586" intensity="6.599451e-03" type="0"/>
    <Peak1D F1="7.187635" intensity="8.201441e-03" type="0"/>
    <Peak1D F1="7.169200" intensity="2.593172e-03" type="0"/>
    <Peak1D F1="7.061786" intensity="8.290323e-03" type="0"/>
    <Peak1D F1="7.039606" intensity="8.528417e-03" type="0"/>
    <Peak1D F1="7.020248" intensity="1.347922e-02" type="0"/>
    <Peak1D F1="6.997833" intensity="2.617030e-03" type="0"/>
    <Peak1D F1="6.981448" intensity="3.545886e-03" type="0"/>
    <Peak1D F1="6.761565" intensity="4.557450e-03" type="0"/>
    <Peak1D F1="6.754659" intensity="6.133890e-03" type="0"/>
    <Peak1D F1="6.738947" intensity="3.398313e-03" type="0"/>
    <Peak1D F1="6.732060" intensity="4.305467e-03" type="0"/>
    <Peak1D F1="6.702337" intensity="9.104942e-03" type="0"/>
    <Peak1D F1="6.695752" intensity="5.704464e-03" type="0"/>
    <Peak1D F1="6.546582" intensity="2.989010e-03" type="0"/>
    <Peak1D F1="6.527025" intensity="2.987210e-03" type="0"/>
    <Peak1D F1="6.520730" intensity="2.874070e-03" type="0"/>
    <Peak1D F1="6.515275" intensity="2.986234e-03" type="0"/>
    <Peak1D F1="6.509078" intensity="2.595210e-03" type="0"/>
    <Peak1D F1="6.405989" intensity="1.526006e-02" type="0"/>
    <Peak1D F1="6.399673" intensity="2.661490e-02" type="0"/>
    <Peak1D F1="6.393410" intensity="1.603042e-02" type="0"/>
    <Peak1D F1="6.379593" intensity="1.823982e-02" type="0"/>
    <Peak1D F1="6.373275" intensity="3.069499e-02" type="0"/>
    <Peak1D F1="6.366856" intensity="1.765090e-02" type="0"/>
    <Peak1D F1="6.306287" intensity="5.689098e-03" type="0"/>
    <Peak1D F1="6.280064" intensity="6.556832e-03" type="0"/>
    <Peak1D F1="6.211928" intensity="2.263830e-03" type="0"/>
    <Peak1D F1="6.204258" intensity="2.464454e-03" type="0"/>
    <Peak1D F1="6.170921" intensity="4.811280e-03" type="0"/>
    <Peak1D F1="6.166882" intensity="6.090841e-03" type="0"/>
    <Peak1D F1="6.145035" intensity="1.068351e-02" type="0"/>
    <Peak1D F1="6.140381" intensity="1.285651e-02" type="0"/>
    <Peak1D F1="6.128280" intensity="1.834593e-02" type="0"/>
    <Peak1D F1="6.122104" intensity="1.972666e-02" type="0"/>
    <Peak1D F1="6.107473" intensity="5.373617e-01" type="0"/>
    <Peak1D F1="6.101190" intensity="9.895758e-01" type="0"/>
    <Peak1D F1="6.094890" intensity="5.762533e-01" type="0"/>
    <Peak1D F1="6.081150" intensity="7.446589e-01" type="0"/>
    <Peak1D F1="6.074878" intensity="1.397481e+00" type="0"/>
    <Peak1D F1="6.068554" intensity="8.237038e-01" type="0"/>
    <Peak1D F1="6.035856" intensity="1.225994e-02" type="0"/>
    <Peak1D F1="6.028645" intensity="3.767742e-02" type="0"/>
    <Peak1D F1="6.023528" intensity="3.963368e-02" type="0"/>
    <Peak1D F1="6.012285" intensity="1.029162e-02" type="0"/>
    <Peak1D F1="6.002219" intensity="3.801702e-02" type="0"/>
    <Peak1D F1="5.997145" intensity="3.886936e-02" type="0"/>
    <Peak1D F1="5.971923" intensity="3.472228e-02" type="0"/>
    <Peak1D F1="5.960004" intensity="1.493030e+00" type="0"/>
    <Peak1D F1="5.954909" intensity="1.561967e+00" type="0"/>
    <Peak1D F1="5.933675" intensity="1.012655e+00" type="0"/>
    <Peak1D F1="5.928579" intensity="1.149153e+00" type="0"/>
    <Peak1D F1="5.892985" intensity="1.007441e-02" type="0"/>
    <Peak1D F1="5.886984" intensity="1.573810e-02" type="0"/>
    <Peak1D F1="5.880620" intensity="1.149028e-02" type="0"/>
    <Peak1D F1="5.830990" intensity="7.355579e-01" type="0"/>
    <Peak1D F1="5.825040" intensity="1.567364e+00" type="0"/>
    <Peak1D F1="5.819017" intensity="1.533179e+00" type="0"/>
    <Peak1D F1="5.813135" intensity="6.885097e-01" type="0"/>
    <Peak1D F1="5.797310" intensity="3.208070e-02" type="0"/>
    <Peak1D F1="5.791147" intensity="2.667530e-02" type="0"/>
    <Peak1D F1="5.748033" intensity="1.355069e-02" type="0"/>
    <Peak1D F1="5.743625" intensity="1.630072e-02" type="0"/>
    <Peak1D F1="5.722061" intensity="7.590652e-03" type="0"/>
    <Peak1D F1="5.716804" intensity="5.740720e-03" type="0"/>
    <Peak1D F1="5.638865" intensity="8.686978e-03" type="0"/>
    <Peak1D F1="5.633296" intensity="8.336108e-03" type="0"/>
    <Peak1D F1="5.376338" intensity="3.131720e-03" type="0"/>
    <Peak1D F1="5.365298" intensity="3.670380e-03" type="0"/>
    <Peak1D F1="5.318371" intensity="1.889784e-02" type="0"/>
    <Peak1D F1="5.290503" intensity="3.357148e-03" type="0"/>
    <Peak1D F1="5.262603" intensity="3.432608e-02" type="0"/>
    <Peak1D F1="5.258016" intensity="3.468015e-02" type="0"/>
    <Peak1D F1="5.245497" intensity="3.468980e-02" type="0"/>
    <Peak1D F1="5.240956" intensity="3.523682e-02" type="0"/>
    <Peak1D F1="5.215016" intensity="3.874310e-03" type="0"/>
    <Peak1D F1="5.200248" intensity="5.519454e-03" type="0"/>
    <Peak1D F1="5.174940" intensity="4.017470e-03" type="0"/>
    <Peak1D F1="5.163856" intensity="7.245440e-03" type="0"/>
    <Peak1D F1="5.145704" intensity="8.106191e-03" type="0"/>
    <Peak1D F1="5.135865" intensity="2.818082e-03" type="0"/>
    <Peak1D F1="5.120728" intensity="7.126783e-03" type="0"/>
    <Peak1D F1="5.110145" intensity="1.857834e-02" type="0"/>
    <Peak1D F1="5.092654" intensity="8.449052e-03" type="0"/>
    <Peak1D F1="5.076064" intensity="8.211144e-03" type="0"/>
    <Peak1D F1="5.067941" intensity="9.201546e-03" type="0"/>
    <Peak1D F1="5.058138" intensity="8.583411e-03" type="0"/>
    <Peak1D F1="5.029473" intensity="2.981950e-01" type="0"/>
    <Peak1D F1="5.026018" intensity="3.913052e-01" type="0"/>
    <Peak1D F1="5.022537" intensity="3.322970e-01" type="0"/>
    <Peak1D F1="5.018915" intensity="2.293783e-01" type="0"/>
    <Peak1D F1="5.012163" intensity="4.805249e-01" type="0"/>
    <Peak1D F1="5.008981" intensity="6.870255e-01" type="0"/>
    <Peak1D F1="5.005949" intensity="6.957985e-01" type="0"/>
    <Peak1D F1="5.002753" intensity="5.032210e-01" type="0"/>
    <Peak1D F1="4.996152" intensity="2.432072e-01" type="0"/>
    <Peak1D F1="4.992452" intensity="3.452581e-01" type="0"/>
    <Peak1D F1="4.988950" intensity="4.146786e-01" type="0"/>
    <Peak1D F1="4.985510" intensity="3.350352e-01" type="0"/>
    <Peak1D F1="4.961445" intensity="4.816125e-02" type="0"/>
    <Peak1D F1="4.957980" intensity="5.588072e-02" type="0"/>
    <Peak1D F1="4.951993" intensity="5.871792e-02" type="0"/>
    <Peak1D F1="4.928639" intensity="3.587182e+00" type="0"/>
    <Peak1D F1="4.911146" intensity="1.443895e-01" type="0"/>
    <Peak1D F1="4.868836" intensity="1.408634e-02" type="0"/>
    <Peak1D F1="4.852464" intensity="1.359568e-02" type="0"/>
    <Peak1D F1="4.829708" intensity="2.334174e-02" type="0"/>
    <Peak1D F1="4.801037" intensity="5.663806e-03" type="0"/>
    <Peak1D F1="4.756223" intensity="1.343637e-02" type="0"/>
    <Peak1D F1="4.743033" intensity="1.973783e-02" type="0"/>
    <Peak1D F1="4.676905" intensity="1.254375e-02" type="0"/>
    <Peak1D F1="4.444196" intensity="4.052444e-03" type="0"/>
    <Peak1D F1="4.428156" intensity="5.169105e-03" type="0"/>
    <Peak1D F1="4.372523" intensity="2.542918e-03" type="0"/>
    <Peak1D F1="4.354960" intensity="2.681788e-03" type="0"/>
    <Peak1D F1="4.348630" intensity="3.136162e-03" type="0"/>
    <Peak1D F1="4.329816" intensity="2.431267e-03" type="0"/>
    <Peak1D F1="4.173075" intensity="2.643700e-03" type="0"/>
    <Peak1D F1="4.003412" intensity="4.768466e-03" type="0"/>
    <Peak1D F1="3.995311" intensity="1.048318e-02" type="0"/>
    <Peak1D F1="3.988890" intensity="6.850452e-03" type="0"/>
    <Peak1D F1="3.799232" intensity="1.395907e-02" type="0"/>
    <Peak1D F1="3.792410" intensity="2.604630e-02" type="0"/>
    <Peak1D F1="3.770540" intensity="1.133192e+00" type="0"/>
    <Peak1D F1="3.763803" intensity="2.213541e+00" type="0"/>
    <Peak1D F1="3.757083" intensity="1.171783e+00" type="0"/>
    <Peak1D F1="3.744207" intensity="4.499215e-02" type="0"/>
    <Peak1D F1="3.687479" intensity="5.267022e-03" type="0"/>
    <Peak1D F1="3.673243" intensity="4.132855e-03" type="0"/>
    <Peak1D F1="3.648219" intensity="4.714004e-03" type="0"/>
    <Peak1D F1="3.634997" intensity="7.716089e-02" type="0"/>
    <Peak1D F1="3.605880" intensity="5.985603e-03" type="0"/>
    <Peak1D F1="3.592971" intensity="6.331013e-03" type="0"/>
    <Peak1D F1="3.577533" intensity="3.791040e-03" type="0"/>
    <Peak1D F1="3.553739" intensity="6.297164e-03" type="0"/>
    <Peak1D F1="3.537514" intensity="7.897582e-02" type="0"/>
    <Peak1D F1="3.532961" intensity="1.153764e-01" type="0"/>
    <Peak1D F1="3.526881" intensity="6.853846e-02" type="0"/>
    <Peak1D F1="3.523693" intensity="8.778738e-02" type="0"/>
    <Peak1D F1="3.512676" intensity="4.110179e-02" type="0"/>
    <Peak1D F1="3.501971" intensity="3.143505e-02" type="0"/>
    <Peak1D F1="3.489744" intensity="9.011366e-02" type="0"/>
    <Peak1D F1="3.481549" intensity="6.972372e-02" type="0"/>
    <Peak1D F1="3.472186" intensity="5.186101e-01" type="0"/>
    <Peak1D F1="3.465224" intensity="1.006070e+00" type="0"/>
    <Peak1D F1="3.459255" intensity="1.500000e+01" type="0"/>
    <Peak1D F1="3.436065" intensity="1.583929e-01" type="0"/>
    <Peak1D F1="3.429083" intensity="6.931948e-02" type="0"/>
    <Peak1D F1="3.420412" intensity="4.016420e-02" type="0"/>
    <Peak1D F1="3.409447" intensity="3.660761e-02" type="0"/>
    <Peak1D F1="3.399314" intensity="2.042997e-02" type="0"/>
    <Peak1D F1="3.384510" intensity="2.499873e-02" type="0"/>
    <Peak1D F1="3.349234" intensity="6.368985e-03" type="0"/>
    <Peak1D F1="3.307768" intensity="1.156704e-02" type="0"/>
    <Peak1D F1="3.291970" intensity="1.279719e-02" type="0"/>
    <Peak1D F1="3.288457" intensity="1.015492e-02" type="0"/>
    <Peak1D F1="3.278847" intensity="7.848024e-02" type="0"/>
    <Peak1D F1="3.220055" intensity="2.127354e-02" type="0"/>
    <Peak1D F1="3.197416" intensity="2.851172e-03" type="0"/>
    <Peak1D F1="3.143195" intensity="7.502627e-03" type="0"/>
    <Peak1D F1="3.109757" intensity="9.555369e-03" type="0"/>
    <Peak1D F1="3.048927" intensity="2.166989e-03" type="0"/>
    <Peak1D F1="3.028458" intensity="2.536081e-03" type="0"/>
    <Peak1D F1="3.014812" intensity="3.239481e-03" type="0"/>
    <Peak1D F1="3.003492" intensity="3.498377e-03" type="0"/>
    <Peak1D F1="2.969986" intensity="1.663239e-02" type="0"/>
    <Peak1D F1="2.960757" intensity="4.663644e-01" type="0"/>
    <Peak1D F1="2.910675" intensity="2.875875e-02" type="0"/>
    <Peak1D F1="2.898091" intensity="3.081901e-02" type="0"/>
    <Peak1D F1="2.883384" intensity="3.837986e-03" type="0"/>
    <Peak1D F1="2.868202" intensity="3.553657e-02" type="0"/>
    <Peak1D F1="2.855610" intensity="3.644745e-02" type="0"/>
    <Peak1D F1="2.834449" intensity="4.409593e-01" type="0"/>
    <Peak1D F1="2.814672" intensity="4.422461e-01" type="0"/>
    <Peak1D F1="2.795778" intensity="5.814534e-01" type="0"/>
    <Peak1D F1="2.775980" intensity="5.704599e-01" type="0"/>
    <Peak1D F1="2.729014" intensity="2.128385e-02" type="0"/>
    <Peak1D F1="2.707666" intensity="2.023760e-02" type="0"/>
    <Peak1D F1="2.689471" intensity="2.253342e-02" type="0"/>
    <Peak1D F1="2.669184" intensity="2.270433e-02" type="0"/>
    <Peak1D F1="2.633863" intensity="7.124418e-03" type="0"/>
    <Peak1D F1="2.614226" intensity="7.467943e-03" type="0"/>
    <Peak1D F1="2.545254" intensity="4.724236e-01" type="0"/>
    <Peak1D F1="2.528144" intensity="4.739521e-01" type="0"/>
    <Peak1D F1="2.506636" intensity="3.733949e-01" type="0"/>
    <Peak1D F1="2.489415" intensity="3.653473e-01" type="0"/>
    <Peak1D F1="2.458804" intensity="2.348506e-02" type="0"/>
    <Peak1D F1="2.436320" intensity="2.761612e-02" type="0"/>
    <Peak1D F1="2.418484" intensity="2.670866e-02" type="0"/>
    <Peak1D F1="2.396058" intensity="1.478702e-02" type="0"/>
    <Peak1D F1="2.380017" intensity="1.565958e-02" type="0"/>
    <Peak1D F1="2.365902" intensity="1.064314e-02" type="0"/>
    <Peak1D F1="2.352101" intensity="9.055290e-03" type="0"/>
    <Peak1D F1="2.323372" intensity="9.838597e-03" type="0"/>
    <Peak1D F1="2.301853" intensity="7.496130e-03" type="0"/>
    <Peak1D F1="2.293051" intensity="7.005660e-03" type="0"/>
    <Peak1D F1="2.278749" intensity="7.321746e-03" type="0"/>
    <Peak1D F1="2.260455" intensity="6.801383e-03" type="0"/>
    <Peak1D F1="2.244368" intensity="8.019735e-03" type="0"/>
    <Peak1D F1="2.224540" intensity="4.106294e-03" type="0"/>
    <Peak1D F1="2.210974" intensity="3.385778e-02" type="0"/>
    <Peak1D F1="2.190282" intensity="4.419211e-02" type="0"/>
    <Peak1D F1="2.168537" intensity="2.914537e-02" type="0"/>
    <Peak1D F1="2.147737" intensity="2.929036e-02" type="0"/>
    <Peak1D F1="2.135062" intensity="1.009873e-02" type="0"/>
    <Peak1D F1="2.114746" intensity="9.061984e-03" type="0"/>
    <Peak1D F1="2.098383" intensity="6.558698e-03" type="0"/>
    <Peak1D F1="2.064072" intensity="2.037489e-02" type="0"/>
    <Peak1D F1="2.039319" intensity="1.247674e-02" type="0"/>
    <Peak1D F1="1.972448" intensity="2.108843e-03" type="0"/>
    <Peak1D F1="1.882506" intensity="2.909254e-02" type="0"/>
    <Peak1D F1="1.843595" intensity="6.342833e-03" type="0"/>
    <Peak1D F1="1.825922" intensity="5.082048e-03" type="0"/>
    <Peak1D F1="1.811003" intensity="3.318332e-02" type="0"/>
    <Peak1D F1="1.792569" intensity="1.079535e-02" type="0"/>
    <Peak1D F1="1.786011" intensity="1.086149e-02" type="0"/>
    <Peak1D F1="1.752637" intensity="8.846696e-02" type="0"/>
    <Peak1D F1="1.726376" intensity="5.308143e+00" type="0"/>
    <Peak1D F1="1.689379" intensity="1.849372e-01" type="0"/>
    <Peak1D F1="1.656320" intensity="6.031031e+00" type="0"/>
    <Peak1D F1="1.625173" intensity="3.673445e-01" type="0"/>
    <Peak1D F1="1.608399" intensity="3.377862e-01" type="0"/>
    <Peak1D F1="1.569617" intensity="6.709628e-02" type="0"/>
    <Peak1D F1="1.533412" intensity="4.975719e-02" type="0"/>
    <Peak1D F1="1.497769" intensity="4.694728e-02" type="0"/>
    <Peak1D F1="1.475822" intensity="3.814452e-02" type="0"/>
    <Peak1D F1="1.444874" intensity="4.443263e-02" type="0"/>
    <Peak1D F1="1.408454" intensity="9.683254e-03" type="0"/>
    <Peak1D F1="1.333757" intensity="2.771682e-02" type="0"/>
    <Peak1D F1="1.321289" intensity="3.474805e-02" type="0"/>
    <Peak1D F1="1.313270" intensity="3.481907e-02" type="0"/>
    <Peak1D F1="1.275127" intensity="5.604196e-01" type="0"/>
    <Peak1D F1="1.253066" intensity="3.685128e-02" type="0"/>
    <Peak1D F1="1.221515" intensity="5.427356e-02" type="0"/>
    <Peak1D F1="1.211857" intensity="4.424158e-02" type="0"/>
    <Peak1D F1="1.187095" intensity="2.802815e-02" type="0"/>
    <Peak1D F1="1.170985" intensity="1.113144e-02" type="0"/>
    <Peak1D F1="1.139405" intensity="1.002658e-02" type="0"/>
    <Peak1D F1="1.030280" intensity="9.518070e-03" type="0"/>
    <Peak1D F1="1.020679" intensity="5.295414e-03" type="0"/>
    <Peak1D F1="1.007272" intensity="5.015394e-03" type="0"/>
    <Peak1D F1="0.988042" intensity="5.215248e-03" type="0"/>
    <Peak1D F1="0.969904" intensity="4.608587e-03" type="0"/>
    <Peak1D F1="0.950597" intensity="6.661154e-03" type="0"/>
    <Peak1D F1="0.933060" intensity="7.861295e-03" type="0"/>
    <Peak1D F1="0.916538" intensity="2.720318e-02" type="0"/>
    <Peak1D F1="0.900369" intensity="6.029506e-02" type="0"/>
    <Peak1D F1="0.889667" intensity="2.244767e-02" type="0"/>
    <Peak1D F1="0.882825" intensity="3.112791e-02" type="0"/>
    <Peak1D F1="0.873709" intensity="1.712068e-02" type="0"/>
    <Peak1D F1="0.865331" intensity="1.794808e-02" type="0"/>
    <Peak1D F1="0.848086" intensity="1.219645e-02" type="0"/>
    <Peak1D F1="0.826054" intensity="6.663625e-03" type="0"/>
    <Peak1D F1="0.788515" intensity="3.740264e-03" type="0"/>
    <Peak1D F1="0.758212" intensity="3.108198e-03" type="0"/>
    <Peak1D F1="0.743046" intensity="3.530467e-03" type="0"/>
    <Peak1D F1="0.720264" intensity="5.370198e-03" type="0"/>
    <Peak1D F1="0.709641" intensity="5.519782e-03" type="0"/>
    <Peak1D F1="0.701449" intensity="6.855474e-03" type="0"/>
    <Peak1D F1="0.671539" intensity="2.321315e-03" type="0"/>
    <Peak1D F1="0.642390" intensity="2.601913e-03" type="0"/>
    <Peak1D F1="0.565949" intensity="2.309068e-03" type="0"/>
    <Peak1D F1="0.101539" intensity="2.185510e-03" type="0"/>
    <Peak1D F1="0.091209" intensity="9.697137e-03" type="0"/>
    <Peak1D F1="-2.219636" intensity="2.218582e-03" type="0"/>
  </PeakList1D>
</PeakList>
