<?xml version="1.0" encoding="UTF-8"?>
<PeakList>
  <PeakList1D>
    <PeakList1DHeader creator="studnmr" date="2019-10-31T17:13:07.493+01:00" expNo="61" name="Oct31-2019" owner="" procNo="1" source="C:/Bruker/TopSpin3.0/data/AK_Koenig/nmr">
      <PeakPickDetails>F1=251.177ppm, F2=-31.184ppm, MI=0.00cm, MAXI=10000.00cm, PC=1.400
      </PeakPickDetails>
    </PeakList1DHeader>
    <Peak1D F1="171.6434" intensity="4.019624e+000" type="0"/>
    <Peak1D F1="171.3201" intensity="2.280888e+000" type="0"/>
    <Peak1D F1="157.7446" intensity="1.500000e+001" type="0"/>
    <Peak1D F1="137.2979" intensity="3.455429e+000" type="0"/>
    <Peak1D F1="127.5467" intensity="3.502816e+000" type="0"/>
    <Peak1D F1="123.6442" intensity="7.573104e+000" type="0"/>
    <Peak1D F1="121.4605" intensity="2.444500e+000" type="0"/>
    <Peak1D F1="120.1847" intensity="7.403196e+000" type="0"/>
    <Peak1D F1="119.5579" intensity="7.915366e+000" type="0"/>
    <Peak1D F1="117.7221" intensity="7.562385e+000" type="0"/>
    <Peak1D F1="115.3279" intensity="3.392202e+000" type="0"/>
    <Peak1D F1="111.2601" intensity="7.727365e+000" type="0"/>
    <Peak1D F1="77.3714" intensity="5.717700e+001" type="0"/>
    <Peak1D F1="77.2573" intensity="1.913653e+000" type="0"/>
    <Peak1D F1="77.0539" intensity="5.848850e+001" type="0"/>
    <Peak1D F1="76.7362" intensity="5.761289e+001" type="0"/>
    <Peak1D F1="52.0127" intensity="6.869445e+000" type="0"/>
    <Peak1D F1="30.9028" intensity="7.547815e+000" type="0"/>
    <Peak1D F1="23.8615" intensity="4.888379e-001" type="0"/>
    <Peak1D F1="1.0498" intensity="7.820538e-001" type="0"/>
  </PeakList1D>
</PeakList>
