<?xml version="1.0" encoding="UTF-8"?>
<PeakList modified="2020-02-01T12:05:08">
  <PeakList1D>
    <PeakList1DHeader creator="Dell" date="2020-02-01T12:04:06" expNo="3" name="SDT498A" owner="" procNo="1" source="C:/Users/Dell/Desktop/NMR/Z-synthesis">
      <PeakPickDetails>F1=132.192078ppm, F2=112.287537ppm, MI=1.45cm, MAXI=5.62cm, PC=1.400
      </PeakPickDetails>
    </PeakList1DHeader>
    <Peak1D F1="129.421646" intensity="4.113491" type="0"/>
    <Peak1D F1="127.064079" intensity="4.242863" type="0"/>
    <Peak1D F1="124.865051" intensity="4.338107" type="0"/>
    <Peak1D F1="119.71685" intensity="4.51551" type="0"/>
  </PeakList1D>
  <PeakList1D>
    <PeakList1DHeader creator="Dell" date="2020-02-01T12:04:06" expNo="3" name="SDT498A" owner="" procNo="1" source="C:/Users/Dell/Desktop/NMR/Z-synthesis">
      <PeakPickDetails>F1=28.125973ppm, F2=23.149839ppm, MI=4.20cm, MAXI=18.13cm, PC=1.400
      </PeakPickDetails>
    </PeakList1DHeader>
    <Peak1D F1="26.114325" intensity="15.0" type="0"/>
  </PeakList1D>
  <PeakList1D>
    <PeakList1DHeader creator="Dell" date="2020-02-01T12:04:06" expNo="3" name="SDT498A" owner="" procNo="1" source="C:/Users/Dell/Desktop/NMR/Z-synthesis">
      <PeakPickDetails>F1=-1.514475ppm, F2=-5.841548ppm, MI=2.43cm, MAXI=10.06cm, PC=1.400
      </PeakPickDetails>
    </PeakList1DHeader>
    <Peak1D F1="-5.071115" intensity="6.184215" type="0"/>
  </PeakList1D>
  <PeakList1D>
    <PeakList1DHeader creator="Dell@Dell-PC" date="2020-02-01T12:05:10" expNo="3" name="SDT498A" owner="Dell" procNo="1" source="C:/Users/Dell/Desktop/NMR/Z-synthesis">
      <PeakPickDetails>Manually picked peaks
</PeakPickDetails>
    </PeakList1DHeader>
    <Peak1D F1="69.06005633687886" intensity="-5.1896804236687055" type="1"/>
    <Peak1D F1="63.0862798998406" intensity="-5.20189734475995" type="1"/>
    <Peak1D F1="33.27449160751822" intensity="-4.573497690059546" type="1"/>
    <Peak1D F1="32.92465707339688" intensity="-4.573531121542459" type="1"/>
  </PeakList1D>
</PeakList>
