<?xml version="1.0" encoding="UTF-8"?>
<PeakList>
  <PeakList1D>
    <PeakList1DHeader creator="nmr600" date="2019-07-25T17:37:06.434+02:00" expNo="91" name="6Jul2519" owner="" procNo="1" source="/opt/topspin3.0/data/nmr600/nmr">
      <PeakPickDetails>F1=219.446198ppm, F2=-19.452496ppm, MI=0.00cm, MAXI=10000.00cm, PC=1.400
      </PeakPickDetails>
    </PeakList1DHeader>
    <Peak1D F1="168.949310" intensity="-4.999735e-02" type="0"/>
    <Peak1D F1="163.707993" intensity="-2.080143e+00" type="0"/>
    <Peak1D F1="163.685974" intensity="7.177163e-01" type="0"/>
    <Peak1D F1="158.978973" intensity="-6.724798e-02" type="0"/>
    <Peak1D F1="137.856155" intensity="-3.377224e+00" type="0"/>
    <Peak1D F1="137.787918" intensity="6.626900e-02" type="0"/>
    <Peak1D F1="137.010406" intensity="-4.145801e+00" type="0"/>
    <Peak1D F1="134.862411" intensity="8.971627e-02" type="0"/>
    <Peak1D F1="134.716812" intensity="1.122701e-01" type="0"/>
    <Peak1D F1="134.509079" intensity="1.152195e+01" type="0"/>
    <Peak1D F1="134.334534" intensity="-7.403991e-02" type="0"/>
    <Peak1D F1="133.815796" intensity="4.508743e-01" type="0"/>
    <Peak1D F1="133.574493" intensity="2.459591e-01" type="0"/>
    <Peak1D F1="133.420349" intensity="1.061267e-01" type="0"/>
    <Peak1D F1="133.152634" intensity="6.822317e-02" type="0"/>
    <Peak1D F1="132.944046" intensity="1.025447e+01" type="0"/>
    <Peak1D F1="132.097733" intensity="8.869124e-02" type="0"/>
    <Peak1D F1="131.898590" intensity="1.007289e+01" type="0"/>
    <Peak1D F1="131.721207" intensity="-6.680797e-02" type="0"/>
    <Peak1D F1="131.688446" intensity="7.412400e-02" type="0"/>
    <Peak1D F1="131.297729" intensity="2.948311e-01" type="0"/>
    <Peak1D F1="131.073441" intensity="1.223956e+01" type="0"/>
    <Peak1D F1="130.885590" intensity="-5.107808e-02" type="0"/>
    <Peak1D F1="130.755005" intensity="-5.023701e-02" type="0"/>
    <Peak1D F1="130.608643" intensity="2.312838e-01" type="0"/>
    <Peak1D F1="130.368408" intensity="-6.733486e-02" type="0"/>
    <Peak1D F1="130.261459" intensity="1.140270e+01" type="0"/>
    <Peak1D F1="130.189896" intensity="4.867440e-01" type="0"/>
    <Peak1D F1="129.990234" intensity="1.142351e+01" type="0"/>
    <Peak1D F1="129.746780" intensity="9.458837e-02" type="0"/>
    <Peak1D F1="129.268936" intensity="7.674352e-02" type="0"/>
    <Peak1D F1="128.988342" intensity="4.828990e-01" type="0"/>
    <Peak1D F1="128.941895" intensity="1.932026e-01" type="0"/>
    <Peak1D F1="128.912430" intensity="2.965607e-01" type="0"/>
    <Peak1D F1="128.883926" intensity="2.705537e-01" type="0"/>
    <Peak1D F1="128.811295" intensity="3.492007e-01" type="0"/>
    <Peak1D F1="128.700928" intensity="1.017580e+00" type="0"/>
    <Peak1D F1="128.363480" intensity="5.778017e-02" type="0"/>
    <Peak1D F1="128.314484" intensity="5.799517e-02" type="0"/>
    <Peak1D F1="128.201782" intensity="1.172053e+01" type="0"/>
    <Peak1D F1="128.033279" intensity="1.046530e+01" type="0"/>
    <Peak1D F1="127.957443" intensity="-2.769340e+00" type="0"/>
    <Peak1D F1="127.838615" intensity="2.664532e-01" type="0"/>
    <Peak1D F1="127.504089" intensity="8.430888e-02" type="0"/>
    <Peak1D F1="127.350426" intensity="1.114454e-01" type="0"/>
    <Peak1D F1="126.378014" intensity="9.978508e-01" type="0"/>
    <Peak1D F1="125.942734" intensity="5.429272e-02" type="0"/>
    <Peak1D F1="124.927437" intensity="-8.690900e-02" type="0"/>
    <Peak1D F1="124.124367" intensity="-1.288082e-01" type="0"/>
    <Peak1D F1="123.742935" intensity="-2.007209e-01" type="0"/>
    <Peak1D F1="123.363174" intensity="2.028065e-01" type="0"/>
    <Peak1D F1="121.725822" intensity="5.750973e-02" type="0"/>
    <Peak1D F1="121.624046" intensity="-6.441172e-01" type="0"/>
    <Peak1D F1="121.475365" intensity="-3.288639e+00" type="0"/>
    <Peak1D F1="119.504997" intensity="-6.148324e-01" type="0"/>
    <Peak1D F1="117.385513" intensity="-1.797273e-01" type="0"/>
    <Peak1D F1="108.847946" intensity="5.100754e-02" type="0"/>
    <Peak1D F1="84.740410" intensity="6.059777e-02" type="0"/>
    <Peak1D F1="83.809517" intensity="5.856624e-02" type="0"/>
    <Peak1D F1="83.151169" intensity="5.397462e-02" type="0"/>
    <Peak1D F1="82.453255" intensity="6.482519e-02" type="0"/>
    <Peak1D F1="81.545929" intensity="6.660477e-02" type="0"/>
    <Peak1D F1="80.740089" intensity="7.386857e-02" type="0"/>
    <Peak1D F1="80.562408" intensity="7.921046e-02" type="0"/>
    <Peak1D F1="80.234413" intensity="8.769780e-02" type="0"/>
    <Peak1D F1="78.416779" intensity="1.547012e-01" type="0"/>
    <Peak1D F1="77.291855" intensity="3.522075e+00" type="0"/>
    <Peak1D F1="77.272118" intensity="-2.443412e+00" type="0"/>
    <Peak1D F1="77.079720" intensity="3.527941e+00" type="0"/>
    <Peak1D F1="77.059113" intensity="-2.966976e+00" type="0"/>
    <Peak1D F1="76.867920" intensity="3.139847e+00" type="0"/>
    <Peak1D F1="76.847015" intensity="-3.408611e+00" type="0"/>
    <Peak1D F1="74.878166" intensity="-1.068311e-01" type="0"/>
    <Peak1D F1="73.864456" intensity="-7.120818e-02" type="0"/>
    <Peak1D F1="72.920082" intensity="-7.063518e-02" type="0"/>
    <Peak1D F1="72.105911" intensity="-5.445076e-02" type="0"/>
    <Peak1D F1="71.689674" intensity="-5.131661e-02" type="0"/>
    <Peak1D F1="67.985321" intensity="6.136931e-01" type="0"/>
    <Peak1D F1="67.972237" intensity="-3.187576e-01" type="0"/>
    <Peak1D F1="53.282642" intensity="-4.338586e-01" type="0"/>
    <Peak1D F1="53.136257" intensity="-1.003899e+01" type="0"/>
    <Peak1D F1="53.113518" intensity="1.887703e+00" type="0"/>
    <Peak1D F1="52.939827" intensity="3.620676e-01" type="0"/>
    <Peak1D F1="52.530468" intensity="3.045166e-01" type="0"/>
    <Peak1D F1="51.876522" intensity="2.797376e-01" type="0"/>
    <Peak1D F1="51.253159" intensity="4.693294e-01" type="0"/>
    <Peak1D F1="50.647072" intensity="1.225130e+01" type="0"/>
    <Peak1D F1="50.623520" intensity="-1.720241e+00" type="0"/>
    <Peak1D F1="50.566006" intensity="-6.878437e-01" type="0"/>
    <Peak1D F1="50.328419" intensity="9.031951e-02" type="0"/>
    <Peak1D F1="50.261936" intensity="-9.566920e-02" type="0"/>
    <Peak1D F1="49.778137" intensity="7.330974e-01" type="0"/>
    <Peak1D F1="49.641380" intensity="1.223757e+01" type="0"/>
    <Peak1D F1="49.617203" intensity="-1.663530e+00" type="0"/>
    <Peak1D F1="49.509495" intensity="-4.934552e-01" type="0"/>
    <Peak1D F1="47.581158" intensity="-6.106584e-02" type="0"/>
    <Peak1D F1="47.280064" intensity="8.912912e-02" type="0"/>
    <Peak1D F1="47.020493" intensity="-5.779188e-02" type="0"/>
    <Peak1D F1="39.513996" intensity="8.182686e-02" type="0"/>
    <Peak1D F1="38.829319" intensity="1.017527e+01" type="0"/>
    <Peak1D F1="38.775894" intensity="-4.266454e-01" type="0"/>
    <Peak1D F1="38.360641" intensity="-9.684200e-02" type="0"/>
    <Peak1D F1="38.159138" intensity="-8.388029e-02" type="0"/>
    <Peak1D F1="37.815311" intensity="-5.733364e-02" type="0"/>
    <Peak1D F1="36.044933" intensity="2.117049e-01" type="0"/>
    <Peak1D F1="35.381630" intensity="6.015394e-02" type="0"/>
    <Peak1D F1="34.518749" intensity="1.579476e-01" type="0"/>
    <Peak1D F1="32.241116" intensity="1.159766e+01" type="0"/>
    <Peak1D F1="32.162201" intensity="-1.129571e-01" type="0"/>
    <Peak1D F1="32.046036" intensity="-5.445842e-02" type="0"/>
    <Peak1D F1="30.941166" intensity="-3.713598e-01" type="0"/>
    <Peak1D F1="30.704576" intensity="-5.169678e-02" type="0"/>
    <Peak1D F1="29.702858" intensity="1.339282e-01" type="0"/>
    <Peak1D F1="25.616444" intensity="9.117249e-01" type="0"/>
    <Peak1D F1="25.401085" intensity="8.433107e-02" type="0"/>
    <Peak1D F1="25.288963" intensity="1.484071e+01" type="0"/>
    <Peak1D F1="25.198416" intensity="1.545279e-01" type="0"/>
    <Peak1D F1="25.161491" intensity="1.133296e-01" type="0"/>
    <Peak1D F1="25.044870" intensity="3.890772e-01" type="0"/>
    <Peak1D F1="24.897150" intensity="4.280344e-01" type="0"/>
    <Peak1D F1="24.793602" intensity="1.500000e+01" type="0"/>
    <Peak1D F1="24.711012" intensity="4.440252e-01" type="0"/>
    <Peak1D F1="24.665062" intensity="1.717794e-01" type="0"/>
    <Peak1D F1="24.468699" intensity="7.384387e-02" type="0"/>
    <Peak1D F1="24.151087" intensity="6.499690e-02" type="0"/>
    <Peak1D F1="22.653736" intensity="6.426464e-02" type="0"/>
    <Peak1D F1="14.127567" intensity="-7.309773e-02" type="0"/>
    <Peak1D F1="13.372676" intensity="-1.193232e-01" type="0"/>
  </PeakList1D>
</PeakList>
