<?xml version="1.0" encoding="UTF-8"?>
<PeakList modified="2020-02-02T12:10:35">
  <PeakList1D>
    <PeakList1DHeader creator="Dell" date="2020-02-02T12:10:35" expNo="1" name="SDT518" owner="" procNo="1" source="C:/Users/Dell/Desktop/NMR/Z-synthesis">
      <PeakPickDetails>F1=7.318847ppm, F2=7.154331ppm, MI=0.47cm, MAXI=2.77cm, PC=1.000
      </PeakPickDetails>
    </PeakList1DHeader>
    <Peak1D F1="7.259842" intensity="1.697597" type="0"/>
  </PeakList1D>
  <PeakList1D>
    <PeakList1DHeader creator="Dell" date="2020-02-02T12:10:35" expNo="1" name="SDT518" owner="" procNo="1" source="C:/Users/Dell/Desktop/NMR/Z-synthesis">
      <PeakPickDetails>F1=6.990385ppm, F2=6.892803ppm, MI=0.46cm, MAXI=4.42cm, PC=1.000
      </PeakPickDetails>
    </PeakList1DHeader>
    <Peak1D F1="6.942132" intensity="1.970404" type="0"/>
    <Peak1D F1="6.931234" intensity="2.426926" type="0"/>
  </PeakList1D>
  <PeakList1D>
    <PeakList1DHeader creator="Dell" date="2020-02-02T12:10:35" expNo="1" name="SDT518" owner="" procNo="1" source="C:/Users/Dell/Desktop/NMR/Z-synthesis">
      <PeakPickDetails>F1=6.892803ppm, F2=6.764173ppm, MI=0.23cm, MAXI=4.34cm, PC=1.000
      </PeakPickDetails>
    </PeakList1DHeader>
    <Peak1D F1="6.849559" intensity="0.9145812" type="0"/>
    <Peak1D F1="6.838129" intensity="2.423971" type="0"/>
    <Peak1D F1="6.827109" intensity="1.834049" type="0"/>
    <Peak1D F1="6.81802" intensity="3.24775" type="0"/>
    <Peak1D F1="6.806729" intensity="1.263938" type="0"/>
  </PeakList1D>
  <PeakList1D>
    <PeakList1DHeader creator="Dell" date="2020-02-02T12:10:35" expNo="1" name="SDT518" owner="" procNo="1" source="C:/Users/Dell/Desktop/NMR/Z-synthesis">
      <PeakPickDetails>F1=5.636072ppm, F2=5.168863ppm, MI=0.38cm, MAXI=3.33cm, PC=1.000
      </PeakPickDetails>
    </PeakList1DHeader>
    <Peak1D F1="5.401248" intensity="1.077863" type="0"/>
    <Peak1D F1="5.391438" intensity="2.167384" type="0"/>
    <Peak1D F1="5.381617" intensity="1.114512" type="0"/>
  </PeakList1D>
  <PeakList1D>
    <PeakList1DHeader creator="Dell" date="2020-02-02T12:10:35" expNo="1" name="SDT518" owner="" procNo="1" source="C:/Users/Dell/Desktop/NMR/Z-synthesis">
      <PeakPickDetails>F1=4.583374ppm, F2=4.193048ppm, MI=1.16cm, MAXI=4.92cm, PC=1.000
      </PeakPickDetails>
    </PeakList1DHeader>
    <Peak1D F1="4.433661" intensity="2.642409" type="0"/>
    <Peak1D F1="4.42599" intensity="4.213599" type="0"/>
    <Peak1D F1="4.418378" intensity="2.748174" type="0"/>
  </PeakList1D>
  <PeakList1D>
    <PeakList1DHeader creator="Dell" date="2020-02-02T12:10:35" expNo="1" name="SDT518" owner="" procNo="1" source="C:/Users/Dell/Desktop/NMR/Z-synthesis">
      <PeakPickDetails>F1=4.057025ppm, F2=3.773152ppm, MI=4.95cm, MAXI=17.74cm, PC=1.000
      </PeakPickDetails>
    </PeakList1DHeader>
    <Peak1D F1="3.878583" intensity="15.0" type="0"/>
  </PeakList1D>
  <PeakList1D>
    <PeakList1DHeader creator="Dell" date="2020-02-02T12:10:35" expNo="1" name="SDT518" owner="" procNo="1" source="C:/Users/Dell/Desktop/NMR/Z-synthesis">
      <PeakPickDetails>F1=3.773152ppm, F2=3.323686ppm, MI=0.50cm, MAXI=6.25cm, PC=1.000
      </PeakPickDetails>
    </PeakList1DHeader>
    <Peak1D F1="3.644063" intensity="2.423336" type="0"/>
    <Peak1D F1="3.634378" intensity="4.978562" type="0"/>
    <Peak1D F1="3.624656" intensity="2.595037" type="0"/>
  </PeakList1D>
  <PeakList1D>
    <PeakList1DHeader creator="Dell" date="2020-02-02T12:10:35" expNo="1" name="SDT518" owner="" procNo="1" source="C:/Users/Dell/Desktop/NMR/Z-synthesis">
      <PeakPickDetails>F1=2.989931ppm, F2=2.853129ppm, MI=0.26cm, MAXI=7.25cm, PC=1.000
      </PeakPickDetails>
    </PeakList1DHeader>
    <Peak1D F1="2.941022" intensity="1.185726" type="0"/>
    <Peak1D F1="2.931283" intensity="3.412153" type="0"/>
    <Peak1D F1="2.921527" intensity="3.354594" type="0"/>
    <Peak1D F1="2.911823" intensity="1.144138" type="0"/>
  </PeakList1D>
  <PeakList1D>
    <PeakList1DHeader creator="Dell" date="2020-02-02T12:10:35" expNo="1" name="SDT518" owner="" procNo="1" source="C:/Users/Dell/Desktop/NMR/Z-synthesis">
      <PeakPickDetails>F1=2.652239ppm, F2=2.405748ppm, MI=1.15cm, MAXI=5.04cm, PC=1.000
      </PeakPickDetails>
    </PeakList1DHeader>
    <Peak1D F1="2.594867" intensity="2.40736" type="0"/>
    <Peak1D F1="2.587219" intensity="3.669324" type="0"/>
    <Peak1D F1="2.579724" intensity="2.398609" type="0"/>
  </PeakList1D>
</PeakList>
