<?xml version="1.0" encoding="UTF-8"?>
<PeakList modified="2020-02-06T09:50:47">
  <PeakList1D>
    <PeakList1DHeader creator="Dell" date="2020-02-06T09:50:46" expNo="2" name="MEB-I-18" owner="" procNo="1" source="C:/Users/Dell/Desktop/NMR/Tetrahydroisoquinoline">
      <PeakPickDetails>F1=7.309930ppm, F2=7.193350ppm, MI=0.59cm, MAXI=4.23cm, PC=1.000
      </PeakPickDetails>
    </PeakList1DHeader>
    <Peak1D F1="7.259743" intensity="2.174538" type="0"/>
  </PeakList1D>
  <PeakList1D>
    <PeakList1DHeader creator="Dell" date="2020-02-06T09:50:46" expNo="2" name="MEB-I-18" owner="" procNo="1" source="C:/Users/Dell/Desktop/NMR/Tetrahydroisoquinoline">
      <PeakPickDetails>F1=6.630487ppm, F2=6.450153ppm, MI=1.26cm, MAXI=5.89cm, PC=1.000
      </PeakPickDetails>
    </PeakList1DHeader>
    <Peak1D F1="6.583271" intensity="3.446514" type="0"/>
    <Peak1D F1="6.515228" intensity="3.46771" type="0"/>
  </PeakList1D>
  <PeakList1D>
    <PeakList1DHeader creator="Dell" date="2020-02-06T09:50:46" expNo="2" name="MEB-I-18" owner="" procNo="1" source="C:/Users/Dell/Desktop/NMR/Tetrahydroisoquinoline">
      <PeakPickDetails>F1=4.390368ppm, F2=4.032241ppm, MI=1.11cm, MAXI=4.53cm, PC=1.000
      </PeakPickDetails>
    </PeakList1DHeader>
    <Peak1D F1="4.174494" intensity="1.807012" type="0"/>
    <Peak1D F1="4.165493" intensity="3.57908" type="0"/>
    <Peak1D F1="4.156442" intensity="1.818964" type="0"/>
  </PeakList1D>
  <PeakList1D>
    <PeakList1DHeader creator="Dell" date="2020-02-06T09:50:46" expNo="2" name="MEB-I-18" owner="" procNo="1" source="C:/Users/Dell/Desktop/NMR/Tetrahydroisoquinoline">
      <PeakPickDetails>F1=4.032241ppm, F2=3.753698ppm, MI=6.37cm, MAXI=14.00cm, PC=1.000
      </PeakPickDetails>
    </PeakList1DHeader>
    <Peak1D F1="3.834985" intensity="11.38652" type="0"/>
    <Peak1D F1="3.827252" intensity="11.2464" type="0"/>
  </PeakList1D>
  <PeakList1D>
    <PeakList1DHeader creator="Dell" date="2020-02-06T09:50:46" expNo="2" name="MEB-I-18" owner="" procNo="1" source="C:/Users/Dell/Desktop/NMR/Tetrahydroisoquinoline">
      <PeakPickDetails>F1=3.753698ppm, F2=3.315988ppm, MI=1.96cm, MAXI=6.72cm, PC=1.000
      </PeakPickDetails>
    </PeakList1DHeader>
    <Peak1D F1="3.562099" intensity="6.05282" type="0"/>
  </PeakList1D>
  <PeakList1D>
    <PeakList1DHeader creator="Dell" date="2020-02-06T09:50:46" expNo="2" name="MEB-I-18" owner="" procNo="1" source="C:/Users/Dell/Desktop/NMR/Tetrahydroisoquinoline">
      <PeakPickDetails>F1=3.050709ppm, F2=2.387511ppm, MI=1.05cm, MAXI=6.09cm, PC=1.000
      </PeakPickDetails>
    </PeakList1DHeader>
    <Peak1D F1="2.826998" intensity="1.354691" type="0"/>
    <Peak1D F1="2.819037" intensity="3.007032" type="0"/>
    <Peak1D F1="2.811033" intensity="1.882477" type="0"/>
    <Peak1D F1="2.72358" intensity="2.00019" type="0"/>
    <Peak1D F1="2.715518" intensity="3.256056" type="0"/>
    <Peak1D F1="2.707309" intensity="1.449243" type="0"/>
    <Peak1D F1="2.61923" intensity="1.63331" type="0"/>
    <Peak1D F1="2.608493" intensity="2.659133" type="0"/>
    <Peak1D F1="2.597945" intensity="1.724257" type="0"/>
  </PeakList1D>
  <PeakList1D>
    <PeakList1DHeader creator="Dell" date="2020-02-06T09:50:46" expNo="2" name="MEB-I-18" owner="" procNo="1" source="C:/Users/Dell/Desktop/NMR/Tetrahydroisoquinoline">
      <PeakPickDetails>F1=2.268136ppm, F2=1.790633ppm, MI=0.28cm, MAXI=4.62cm, PC=1.000
      </PeakPickDetails>
    </PeakList1DHeader>
    <Peak1D F1="1.973001" intensity="0.4487125" type="0"/>
    <Peak1D F1="1.963355" intensity="1.482069" type="0"/>
    <Peak1D F1="1.953171" intensity="2.058258" type="0"/>
    <Peak1D F1="1.943278" intensity="1.444824" type="0"/>
    <Peak1D F1="1.933823" intensity="0.4235835" type="0"/>
  </PeakList1D>
  <PeakList1D>
    <PeakList1DHeader creator="Dell" date="2020-02-06T09:50:46" expNo="2" name="MEB-I-18" owner="" procNo="1" source="C:/Users/Dell/Desktop/NMR/Tetrahydroisoquinoline">
      <PeakPickDetails>F1=1.405979ppm, F2=0.782573ppm, MI=3.78cm, MAXI=17.08cm, PC=1.000
      </PeakPickDetails>
    </PeakList1DHeader>
    <Peak1D F1="1.208046" intensity="15.0" type="0"/>
    <Peak1D F1="1.198677" intensity="14.67125" type="0"/>
  </PeakList1D>
</PeakList>
