<?xml version="1.0" encoding="UTF-8"?>
<PeakList modified="2020-02-03T10:36:30">
  <PeakList1D>
    <PeakList1DHeader creator="Dell" date="2020-02-03T10:35:20" expNo="3" name="SDT476" owner="" procNo="1" source="C:/Users/Dell/Desktop/NMR/E synthesis">
      <PeakPickDetails>F1=134.240585ppm, F2=113.943726ppm, MI=2.03cm, MAXI=6.76cm, PC=1.400
      </PeakPickDetails>
    </PeakList1DHeader>
    <Peak1D F1="128.868027" intensity="3.916117" type="0"/>
    <Peak1D F1="122.419258" intensity="4.553109" type="0"/>
    <Peak1D F1="120.782738" intensity="4.630629" type="0"/>
    <Peak1D F1="120.474762" intensity="4.530879" type="0"/>
  </PeakList1D>
  <PeakList1D>
    <PeakList1DHeader creator="Dell" date="2020-02-03T10:35:20" expNo="3" name="SDT476" owner="" procNo="1" source="C:/Users/Dell/Desktop/NMR/E synthesis">
      <PeakPickDetails>F1=29.139050ppm, F2=-10.449865ppm, MI=2.20cm, MAXI=20.78cm, PC=1.400
      </PeakPickDetails>
    </PeakList1DHeader>
    <Peak1D F1="26.113447" intensity="15.0" type="0"/>
    <Peak1D F1="-5.071141" intensity="6.735003" type="0"/>
  </PeakList1D>
  <PeakList1D>
    <PeakList1DHeader creator="Dell@Dell-PC" date="2020-02-03T10:36:32" expNo="3" name="SDT476" owner="Dell" procNo="1" source="C:/Users/Dell/Desktop/NMR/E synthesis">
      <PeakPickDetails>Manually picked peaks
</PeakPickDetails>
    </PeakList1DHeader>
    <Peak1D F1="67.1904421719785" intensity="-4.767552534782189" type="1"/>
    <Peak1D F1="62.71032489023008" intensity="-4.865000590665073" type="1"/>
    <Peak1D F1="31.735959251690222" intensity="-4.119459384397099" type="1"/>
    <Peak1D F1="25.794921417147826" intensity="-4.577586864377732" type="1"/>
  </PeakList1D>
</PeakList>
