<?xml version="1.0" encoding="UTF-8"?>
<PeakList>
  <PeakList1D>
    <PeakList1DHeader creator="Lijin_Xu" date="2017-12-22T15:30:00.161+08:00" expNo="2" name="zhq-499-2" owner="" procNo="1" source="D:">
      <PeakPickDetails>F1=235.494ppm, F2=-15.494ppm, MI=0.00cm, MAXI=10000.00cm, PC=1.400
      </PeakPickDetails>
    </PeakList1DHeader>
    <Peak1D F1="163.4977" intensity="4.01" type="0"/>
    <Peak1D F1="152.4224" intensity="5.54" type="0"/>
    <Peak1D F1="149.8464" intensity="13.82" type="0"/>
    <Peak1D F1="138.6542" intensity="7.63" type="0"/>
    <Peak1D F1="138.5047" intensity="12.91" type="0"/>
    <Peak1D F1="137.3459" intensity="7.08" type="0"/>
    <Peak1D F1="132.7649" intensity="13.91" type="0"/>
    <Peak1D F1="128.0412" intensity="13.56" type="0"/>
    <Peak1D F1="126.1595" intensity="14.74" type="0"/>
    <Peak1D F1="125.2895" intensity="14.03" type="0"/>
    <Peak1D F1="124.8546" intensity="5.93" type="0"/>
    <Peak1D F1="124.1659" intensity="15.00" type="0"/>
    <Peak1D F1="123.8046" intensity="14.36" type="0"/>
    <Peak1D F1="105.7810" intensity="14.41" type="0"/>
    <Peak1D F1="77.3583" intensity="110.24" type="0"/>
    <Peak1D F1="77.2447" intensity="14.22" type="0"/>
    <Peak1D F1="77.0407" intensity="110.92" type="0"/>
    <Peak1D F1="76.7231" intensity="109.40" type="0"/>
    <Peak1D F1="20.7102" intensity="14.33" type="0"/>
  </PeakList1D>
</PeakList>
