<?xml version="1.0" encoding="UTF-8"?>
<PeakList>
  <PeakList1D>
    <PeakList1DHeader creator="studnmr" date="2019-10-31T10:45:10.375+01:00" expNo="60" name="Oct31-2019" owner="" procNo="1" source="C:/Bruker/TopSpin3.0/data/AK_Koenig/nmr">
      <PeakPickDetails>F1=19.976ppm, F2=-10.063ppm, MI=0.00cm, MAXI=10000.00cm, PC=1.000
      </PeakPickDetails>
    </PeakList1DHeader>
    <Peak1D F1="9.6543" intensity="3.396844e-003" type="0"/>
    <Peak1D F1="9.5129" intensity="3.809258e-003" type="0"/>
    <Peak1D F1="9.4617" intensity="3.796299e-003" type="0"/>
    <Peak1D F1="9.4080" intensity="3.766452e-003" type="0"/>
    <Peak1D F1="9.3394" intensity="4.178061e-003" type="0"/>
    <Peak1D F1="9.3187" intensity="4.433436e-003" type="0"/>
    <Peak1D F1="9.2851" intensity="4.846435e-003" type="0"/>
    <Peak1D F1="9.2445" intensity="6.424505e-003" type="0"/>
    <Peak1D F1="9.1777" intensity="5.087876e-003" type="0"/>
    <Peak1D F1="9.1150" intensity="7.370686e-003" type="0"/>
    <Peak1D F1="9.0654" intensity="1.293531e-002" type="0"/>
    <Peak1D F1="8.9429" intensity="6.274719e-001" type="0"/>
    <Peak1D F1="8.8574" intensity="1.483767e-002" type="0"/>
    <Peak1D F1="8.8195" intensity="1.044120e-002" type="0"/>
    <Peak1D F1="8.8077" intensity="8.713882e-003" type="0"/>
    <Peak1D F1="8.7397" intensity="1.687989e-002" type="0"/>
    <Peak1D F1="8.7330" intensity="1.829044e-002" type="0"/>
    <Peak1D F1="8.7275" intensity="1.791146e-002" type="0"/>
    <Peak1D F1="8.7211" intensity="1.771779e-002" type="0"/>
    <Peak1D F1="8.7141" intensity="2.964914e-002" type="0"/>
    <Peak1D F1="8.7022" intensity="2.937678e-002" type="0"/>
    <Peak1D F1="8.6408" intensity="6.570557e-003" type="0"/>
    <Peak1D F1="8.6145" intensity="8.816144e-003" type="0"/>
    <Peak1D F1="8.5841" intensity="4.373416e-002" type="0"/>
    <Peak1D F1="8.5721" intensity="4.658208e-002" type="0"/>
    <Peak1D F1="8.5102" intensity="4.854857e+000" type="0"/>
    <Peak1D F1="8.4981" intensity="4.951456e+000" type="0"/>
    <Peak1D F1="8.4126" intensity="5.060507e-003" type="0"/>
    <Peak1D F1="8.4050" intensity="1.181130e-002" type="0"/>
    <Peak1D F1="8.3932" intensity="1.094247e-002" type="0"/>
    <Peak1D F1="8.2822" intensity="1.115166e-002" type="0"/>
    <Peak1D F1="8.2756" intensity="1.143292e-002" type="0"/>
    <Peak1D F1="8.2696" intensity="1.516664e-002" type="0"/>
    <Peak1D F1="8.2636" intensity="1.187297e-002" type="0"/>
    <Peak1D F1="7.9988" intensity="3.680969e-003" type="0"/>
    <Peak1D F1="7.9285" intensity="3.705569e-003" type="0"/>
    <Peak1D F1="7.9085" intensity="4.622930e-003" type="0"/>
    <Peak1D F1="7.8681" intensity="4.651438e-003" type="0"/>
    <Peak1D F1="7.8384" intensity="1.269980e-002" type="0"/>
    <Peak1D F1="7.8198" intensity="1.039792e-002" type="0"/>
    <Peak1D F1="7.7663" intensity="7.637427e-003" type="0"/>
    <Peak1D F1="7.6864" intensity="1.203034e-002" type="0"/>
    <Peak1D F1="7.6409" intensity="1.361842e+000" type="0"/>
    <Peak1D F1="7.6210" intensity="1.484344e+000" type="0"/>
    <Peak1D F1="7.5911" intensity="2.582112e-002" type="0"/>
    <Peak1D F1="7.5698" intensity="1.787254e-002" type="0"/>
    <Peak1D F1="7.5595" intensity="1.139460e-002" type="0"/>
    <Peak1D F1="7.5200" intensity="2.089086e-002" type="0"/>
    <Peak1D F1="7.4887" intensity="1.199240e-002" type="0"/>
    <Peak1D F1="7.4676" intensity="1.413686e-002" type="0"/>
    <Peak1D F1="7.4394" intensity="1.989923e-002" type="0"/>
    <Peak1D F1="7.4299" intensity="2.312579e-002" type="0"/>
    <Peak1D F1="7.4203" intensity="2.860962e-002" type="0"/>
    <Peak1D F1="7.3920" intensity="1.389182e+000" type="0"/>
    <Peak1D F1="7.3716" intensity="1.880690e+000" type="0"/>
    <Peak1D F1="7.3309" intensity="2.060339e-002" type="0"/>
    <Peak1D F1="7.3084" intensity="2.340100e-002" type="0"/>
    <Peak1D F1="7.2892" intensity="3.344319e-002" type="0"/>
    <Peak1D F1="7.2716" intensity="7.947885e-001" type="0"/>
    <Peak1D F1="7.2695" intensity="7.846264e-001" type="0"/>
    <Peak1D F1="7.2611" intensity="2.589722e+000" type="0"/>
    <Peak1D F1="7.2516" intensity="1.483920e+000" type="0"/>
    <Peak1D F1="7.2336" intensity="8.419735e-001" type="0"/>
    <Peak1D F1="7.2315" intensity="7.761394e-001" type="0"/>
    <Peak1D F1="7.2090" intensity="3.084606e-002" type="0"/>
    <Peak1D F1="7.1970" intensity="3.294465e-002" type="0"/>
    <Peak1D F1="7.1854" intensity="4.302350e-002" type="0"/>
    <Peak1D F1="7.1703" intensity="1.039749e+000" type="0"/>
    <Peak1D F1="7.1508" intensity="1.560311e+000" type="0"/>
    <Peak1D F1="7.1327" intensity="7.063017e-001" type="0"/>
    <Peak1D F1="7.0894" intensity="2.949094e-002" type="0"/>
    <Peak1D F1="7.0771" intensity="3.566256e-002" type="0"/>
    <Peak1D F1="7.0661" intensity="2.497525e-002" type="0"/>
    <Peak1D F1="7.0591" intensity="2.038905e-002" type="0"/>
    <Peak1D F1="7.0467" intensity="2.903264e-002" type="0"/>
    <Peak1D F1="7.0330" intensity="1.313509e+000" type="0"/>
    <Peak1D F1="7.0209" intensity="2.534318e+000" type="0"/>
    <Peak1D F1="7.0087" intensity="1.294021e+000" type="0"/>
    <Peak1D F1="6.9860" intensity="2.132051e-002" type="0"/>
    <Peak1D F1="6.9667" intensity="1.618742e-002" type="0"/>
    <Peak1D F1="6.9501" intensity="1.394345e-002" type="0"/>
    <Peak1D F1="6.9334" intensity="8.807832e-003" type="0"/>
    <Peak1D F1="6.9234" intensity="1.222603e-002" type="0"/>
    <Peak1D F1="6.8989" intensity="6.399940e-003" type="0"/>
    <Peak1D F1="6.8848" intensity="5.625290e-003" type="0"/>
    <Peak1D F1="6.8660" intensity="7.200788e-003" type="0"/>
    <Peak1D F1="6.8177" intensity="8.286346e-003" type="0"/>
    <Peak1D F1="6.8060" intensity="1.672400e-002" type="0"/>
    <Peak1D F1="6.7937" intensity="7.177719e-003" type="0"/>
    <Peak1D F1="5.9135" intensity="1.011836e-002" type="0"/>
    <Peak1D F1="5.5529" intensity="3.506790e-003" type="0"/>
    <Peak1D F1="5.4858" intensity="3.543806e-003" type="0"/>
    <Peak1D F1="4.9803" intensity="5.113937e-003" type="0"/>
    <Peak1D F1="4.2094" intensity="3.944043e-003" type="0"/>
    <Peak1D F1="4.1881" intensity="4.555986e-003" type="0"/>
    <Peak1D F1="4.0627" intensity="4.247133e-002" type="0"/>
    <Peak1D F1="4.0361" intensity="5.060869e-003" type="0"/>
    <Peak1D F1="4.0205" intensity="4.049580e-003" type="0"/>
    <Peak1D F1="4.0084" intensity="1.104282e-002" type="0"/>
    <Peak1D F1="3.9561" intensity="8.708612e-003" type="0"/>
    <Peak1D F1="3.9437" intensity="9.678644e-003" type="0"/>
    <Peak1D F1="3.9026" intensity="8.911707e+000" type="0"/>
    <Peak1D F1="3.8493" intensity="2.360958e-002" type="0"/>
    <Peak1D F1="3.8355" intensity="2.440351e-002" type="0"/>
    <Peak1D F1="3.8286" intensity="1.767943e-002" type="0"/>
    <Peak1D F1="3.8220" intensity="2.709582e-002" type="0"/>
    <Peak1D F1="3.8081" intensity="9.251109e-002" type="0"/>
    <Peak1D F1="3.7933" intensity="1.525696e-002" type="0"/>
    <Peak1D F1="3.7390" intensity="5.831579e-002" type="0"/>
    <Peak1D F1="3.7192" intensity="4.893435e-002" type="0"/>
    <Peak1D F1="3.7084" intensity="2.558850e-002" type="0"/>
    <Peak1D F1="3.6941" intensity="2.426161e-002" type="0"/>
    <Peak1D F1="3.6872" intensity="1.859182e-002" type="0"/>
    <Peak1D F1="3.6725" intensity="3.549115e-002" type="0"/>
    <Peak1D F1="3.6532" intensity="3.732095e-002" type="0"/>
    <Peak1D F1="3.6470" intensity="3.108731e-002" type="0"/>
    <Peak1D F1="3.6270" intensity="1.500000e+001" type="0"/>
    <Peak1D F1="3.5824" intensity="3.861032e-002" type="0"/>
    <Peak1D F1="3.5745" intensity="3.961866e-002" type="0"/>
    <Peak1D F1="3.5657" intensity="1.538991e-001" type="0"/>
    <Peak1D F1="3.5569" intensity="4.938325e-002" type="0"/>
    <Peak1D F1="3.5261" intensity="5.578521e-002" type="0"/>
    <Peak1D F1="3.5139" intensity="3.519967e-002" type="0"/>
    <Peak1D F1="3.5066" intensity="2.752320e-002" type="0"/>
    <Peak1D F1="3.4941" intensity="2.117999e-002" type="0"/>
    <Peak1D F1="3.4666" intensity="2.941639e-002" type="0"/>
    <Peak1D F1="3.4410" intensity="8.906548e-002" type="0"/>
    <Peak1D F1="3.4286" intensity="1.681943e-002" type="0"/>
    <Peak1D F1="3.4169" intensity="1.542625e-002" type="0"/>
    <Peak1D F1="3.4080" intensity="1.685978e-002" type="0"/>
    <Peak1D F1="3.3912" intensity="1.668288e-002" type="0"/>
    <Peak1D F1="3.3757" intensity="4.195470e-002" type="0"/>
    <Peak1D F1="3.3557" intensity="1.110989e-002" type="0"/>
    <Peak1D F1="3.3015" intensity="2.235117e-002" type="0"/>
    <Peak1D F1="3.2615" intensity="1.738875e-002" type="0"/>
    <Peak1D F1="3.2044" intensity="7.774857e-003" type="0"/>
    <Peak1D F1="3.1846" intensity="7.356699e-003" type="0"/>
    <Peak1D F1="3.0866" intensity="6.888946e-003" type="0"/>
    <Peak1D F1="3.0486" intensity="6.400848e-003" type="0"/>
    <Peak1D F1="3.0412" intensity="6.720379e-003" type="0"/>
    <Peak1D F1="2.9989" intensity="6.983957e-003" type="0"/>
    <Peak1D F1="2.9719" intensity="8.977960e-003" type="0"/>
    <Peak1D F1="2.9501" intensity="7.682498e-003" type="0"/>
    <Peak1D F1="2.9247" intensity="1.176059e-002" type="0"/>
    <Peak1D F1="2.8932" intensity="8.605233e-003" type="0"/>
    <Peak1D F1="2.8056" intensity="7.756493e-003" type="0"/>
    <Peak1D F1="2.7614" intensity="8.161979e-003" type="0"/>
    <Peak1D F1="2.6937" intensity="7.925627e-003" type="0"/>
    <Peak1D F1="2.6833" intensity="9.153524e-003" type="0"/>
    <Peak1D F1="2.6599" intensity="9.912494e-003" type="0"/>
    <Peak1D F1="2.6423" intensity="1.245505e-002" type="0"/>
    <Peak1D F1="2.6326" intensity="1.674879e-002" type="0"/>
    <Peak1D F1="2.6210" intensity="1.478707e-002" type="0"/>
    <Peak1D F1="2.6096" intensity="2.371307e-002" type="0"/>
    <Peak1D F1="2.5721" intensity="1.190054e-002" type="0"/>
    <Peak1D F1="2.5544" intensity="1.226367e-002" type="0"/>
    <Peak1D F1="2.5199" intensity="1.500493e-002" type="0"/>
    <Peak1D F1="2.5035" intensity="1.526379e-002" type="0"/>
    <Peak1D F1="2.4384" intensity="2.160220e-002" type="0"/>
    <Peak1D F1="2.3554" intensity="3.496122e-002" type="0"/>
    <Peak1D F1="2.3239" intensity="5.299421e-002" type="0"/>
    <Peak1D F1="2.3066" intensity="4.444097e-002" type="0"/>
    <Peak1D F1="2.2852" intensity="7.725495e-002" type="0"/>
    <Peak1D F1="2.2482" intensity="4.909961e-002" type="0"/>
    <Peak1D F1="2.2299" intensity="7.045047e-002" type="0"/>
    <Peak1D F1="2.2205" intensity="6.362120e-002" type="0"/>
    <Peak1D F1="2.2020" intensity="5.349747e-002" type="0"/>
    <Peak1D F1="2.1953" intensity="6.089740e-002" type="0"/>
    <Peak1D F1="2.1861" intensity="6.822622e-002" type="0"/>
    <Peak1D F1="2.1762" intensity="6.718149e-002" type="0"/>
    <Peak1D F1="2.1711" intensity="7.385590e-002" type="0"/>
    <Peak1D F1="2.1413" intensity="4.630697e-002" type="0"/>
    <Peak1D F1="2.1211" intensity="4.419124e-002" type="0"/>
    <Peak1D F1="2.0982" intensity="3.859684e-002" type="0"/>
    <Peak1D F1="2.0638" intensity="6.677992e-002" type="0"/>
    <Peak1D F1="2.0463" intensity="4.369387e-002" type="0"/>
    <Peak1D F1="2.0294" intensity="3.418007e-002" type="0"/>
    <Peak1D F1="2.0124" intensity="4.133046e-002" type="0"/>
    <Peak1D F1="1.9948" intensity="4.666109e-002" type="0"/>
    <Peak1D F1="1.9773" intensity="3.842546e-002" type="0"/>
    <Peak1D F1="1.9602" intensity="2.930147e-002" type="0"/>
    <Peak1D F1="1.8866" intensity="1.951869e-002" type="0"/>
    <Peak1D F1="1.8385" intensity="1.824455e-002" type="0"/>
    <Peak1D F1="1.8052" intensity="1.573680e-002" type="0"/>
    <Peak1D F1="1.7877" intensity="1.517467e-002" type="0"/>
    <Peak1D F1="1.7576" intensity="1.710043e-002" type="0"/>
    <Peak1D F1="1.7380" intensity="1.725720e-002" type="0"/>
    <Peak1D F1="1.6935" intensity="1.551694e-002" type="0"/>
    <Peak1D F1="1.6691" intensity="1.650669e-002" type="0"/>
    <Peak1D F1="1.6567" intensity="1.848214e-002" type="0"/>
    <Peak1D F1="1.6302" intensity="1.797817e-002" type="0"/>
    <Peak1D F1="1.5918" intensity="3.097835e-002" type="0"/>
    <Peak1D F1="1.5739" intensity="6.615239e-002" type="0"/>
    <Peak1D F1="1.5544" intensity="8.114428e-002" type="0"/>
    <Peak1D F1="1.5511" intensity="8.139201e-002" type="0"/>
    <Peak1D F1="1.5367" intensity="6.094531e-002" type="0"/>
    <Peak1D F1="1.5288" intensity="5.569933e-002" type="0"/>
    <Peak1D F1="1.5189" intensity="4.778578e-002" type="0"/>
    <Peak1D F1="1.5087" intensity="8.244957e-002" type="0"/>
    <Peak1D F1="1.4958" intensity="2.796150e-002" type="0"/>
    <Peak1D F1="1.4862" intensity="2.586103e-002" type="0"/>
    <Peak1D F1="1.4746" intensity="2.239227e-002" type="0"/>
    <Peak1D F1="1.4658" intensity="2.991882e-002" type="0"/>
    <Peak1D F1="1.4419" intensity="2.887339e-002" type="0"/>
    <Peak1D F1="1.4331" intensity="4.210031e-002" type="0"/>
    <Peak1D F1="1.4197" intensity="2.271209e-002" type="0"/>
    <Peak1D F1="1.3978" intensity="3.898944e-002" type="0"/>
    <Peak1D F1="1.3807" intensity="6.592491e-002" type="0"/>
    <Peak1D F1="1.3697" intensity="3.903312e-002" type="0"/>
    <Peak1D F1="1.3621" intensity="5.377368e-002" type="0"/>
    <Peak1D F1="1.3519" intensity="4.374087e-002" type="0"/>
    <Peak1D F1="1.3380" intensity="5.873827e-002" type="0"/>
    <Peak1D F1="1.3204" intensity="8.929204e-002" type="0"/>
    <Peak1D F1="1.3021" intensity="4.162064e-002" type="0"/>
    <Peak1D F1="1.2875" intensity="5.739239e-002" type="0"/>
    <Peak1D F1="1.2589" intensity="2.257376e-001" type="0"/>
    <Peak1D F1="1.2434" intensity="9.068799e-002" type="0"/>
    <Peak1D F1="1.2358" intensity="5.332364e-002" type="0"/>
    <Peak1D F1="1.2282" intensity="6.621166e-002" type="0"/>
    <Peak1D F1="1.2136" intensity="8.854605e-001" type="0"/>
    <Peak1D F1="1.1916" intensity="6.633788e-002" type="0"/>
    <Peak1D F1="1.1633" intensity="5.200690e-001" type="0"/>
    <Peak1D F1="1.1392" intensity="1.619124e-001" type="0"/>
    <Peak1D F1="1.1092" intensity="5.446408e-002" type="0"/>
    <Peak1D F1="1.1009" intensity="2.681909e-002" type="0"/>
    <Peak1D F1="1.0895" intensity="1.631773e-002" type="0"/>
    <Peak1D F1="1.0521" intensity="1.465485e-002" type="0"/>
    <Peak1D F1="1.0036" intensity="1.215625e-002" type="0"/>
    <Peak1D F1="0.9887" intensity="1.090237e-002" type="0"/>
    <Peak1D F1="0.9646" intensity="1.610183e-002" type="0"/>
    <Peak1D F1="0.9465" intensity="1.262778e-001" type="0"/>
    <Peak1D F1="0.9282" intensity="2.375867e-001" type="0"/>
    <Peak1D F1="0.9132" intensity="3.028431e-001" type="0"/>
    <Peak1D F1="0.9002" intensity="1.455739e-001" type="0"/>
    <Peak1D F1="0.8960" intensity="2.858537e-001" type="0"/>
    <Peak1D F1="0.8816" intensity="2.040585e-001" type="0"/>
    <Peak1D F1="0.8627" intensity="1.216573e-001" type="0"/>
    <Peak1D F1="0.8499" intensity="5.671777e-002" type="0"/>
    <Peak1D F1="0.8409" intensity="5.488073e-002" type="0"/>
    <Peak1D F1="0.7236" intensity="7.216696e-003" type="0"/>
    <Peak1D F1="0.5907" intensity="4.351169e-003" type="0"/>
    <Peak1D F1="0.5806" intensity="4.483734e-003" type="0"/>
    <Peak1D F1="0.5262" intensity="4.168259e-003" type="0"/>
    <Peak1D F1="0.4239" intensity="3.865350e-003" type="0"/>
    <Peak1D F1="0.2207" intensity="7.435663e-003" type="0"/>
    <Peak1D F1="0.0919" intensity="8.668333e-003" type="0"/>
    <Peak1D F1="0.0838" intensity="5.324834e-002" type="0"/>
    <Peak1D F1="0.0749" intensity="1.796740e+000" type="0"/>
    <Peak1D F1="0.0661" intensity="1.050033e-001" type="0"/>
    <Peak1D F1="0.0507" intensity="2.523285e-002" type="0"/>
    <Peak1D F1="0.0020" intensity="6.302422e-003" type="0"/>
    <Peak1D F1="-0.0262" intensity="6.375720e-003" type="0"/>
    <Peak1D F1="-0.0749" intensity="9.528204e-003" type="0"/>
    <Peak1D F1="-0.1673" intensity="3.850001e-003" type="0"/>
    <Peak1D F1="-0.2941" intensity="4.049725e-003" type="0"/>
    <Peak1D F1="-0.4513" intensity="3.749668e-003" type="0"/>
    <Peak1D F1="-0.7751" intensity="3.859583e-003" type="0"/>
    <Peak1D F1="-1.0885" intensity="3.442877e-003" type="0"/>
    <Peak1D F1="-2.2426" intensity="3.640559e-003" type="0"/>
    <Peak1D F1="-5.4493" intensity="3.622324e-003" type="0"/>
    <Peak1D F1="-8.4030" intensity="3.493533e-003" type="0"/>
  </PeakList1D>
</PeakList>
