<?xml version="1.0" encoding="UTF-8"?>
<PeakList>
  <PeakList1D>
    <PeakList1DHeader creator="nmrsu" date="2019-10-14T17:26:35.529+08:00" expNo="70" name="WZH-H01-CDCL3-H1-2019-10-14" owner="" procNo="1" source="E:/data/data/nmrsu/nmr">
      <PeakPickDetails>F1=16.160669ppm, F2=-3.864873ppm, MI=0.00cm, MAXI=10000.00cm, PC=1.000
      </PeakPickDetails>
    </PeakList1DHeader>
    <Peak1D F1="15.195083" intensity="5.706720e-004" type="0"/>
    <Peak1D F1="10.616616" intensity="5.124319e-004" type="0"/>
    <Peak1D F1="9.807756" intensity="5.189044e-004" type="0"/>
    <Peak1D F1="9.715759" intensity="5.707702e-004" type="0"/>
    <Peak1D F1="9.688310" intensity="5.246784e-004" type="0"/>
    <Peak1D F1="9.588341" intensity="5.600289e-004" type="0"/>
    <Peak1D F1="9.485950" intensity="6.002404e-004" type="0"/>
    <Peak1D F1="9.433558" intensity="6.201162e-004" type="0"/>
    <Peak1D F1="9.426062" intensity="5.733732e-004" type="0"/>
    <Peak1D F1="9.339748" intensity="5.923250e-004" type="0"/>
    <Peak1D F1="9.318596" intensity="7.790122e-004" type="0"/>
    <Peak1D F1="9.300302" intensity="7.517079e-004" type="0"/>
    <Peak1D F1="9.274465" intensity="5.935191e-004" type="0"/>
    <Peak1D F1="9.253239" intensity="5.847595e-004" type="0"/>
    <Peak1D F1="9.200725" intensity="6.665470e-004" type="0"/>
    <Peak1D F1="9.167913" intensity="6.963303e-004" type="0"/>
    <Peak1D F1="9.136734" intensity="7.281498e-004" type="0"/>
    <Peak1D F1="9.093974" intensity="8.557543e-004" type="0"/>
    <Peak1D F1="9.079363" intensity="8.309032e-004" type="0"/>
    <Peak1D F1="9.039945" intensity="7.732623e-004" type="0"/>
    <Peak1D F1="9.020413" intensity="7.777679e-004" type="0"/>
    <Peak1D F1="8.974050" intensity="6.829409e-004" type="0"/>
    <Peak1D F1="8.950974" intensity="6.990226e-004" type="0"/>
    <Peak1D F1="8.907782" intensity="7.920354e-004" type="0"/>
    <Peak1D F1="8.895442" intensity="8.024655e-004" type="0"/>
    <Peak1D F1="8.868079" intensity="8.298412e-004" type="0"/>
    <Peak1D F1="8.841969" intensity="8.027010e-004" type="0"/>
    <Peak1D F1="8.810371" intensity="8.923609e-004" type="0"/>
    <Peak1D F1="8.806098" intensity="9.208232e-004" type="0"/>
    <Peak1D F1="8.787178" intensity="9.397996e-004" type="0"/>
    <Peak1D F1="8.704425" intensity="9.971997e-004" type="0"/>
    <Peak1D F1="8.670322" intensity="1.035834e-003" type="0"/>
    <Peak1D F1="8.642097" intensity="1.017186e-003" type="0"/>
    <Peak1D F1="8.622364" intensity="1.010382e-003" type="0"/>
    <Peak1D F1="8.613788" intensity="1.102043e-003" type="0"/>
    <Peak1D F1="8.565070" intensity="1.199674e-003" type="0"/>
    <Peak1D F1="8.538928" intensity="1.150196e-003" type="0"/>
    <Peak1D F1="8.504990" intensity="1.214408e-003" type="0"/>
    <Peak1D F1="8.476278" intensity="1.182179e-003" type="0"/>
    <Peak1D F1="8.467833" intensity="1.264870e-003" type="0"/>
    <Peak1D F1="8.437680" intensity="1.309724e-003" type="0"/>
    <Peak1D F1="8.416251" intensity="1.307532e-003" type="0"/>
    <Peak1D F1="8.391620" intensity="1.303048e-003" type="0"/>
    <Peak1D F1="8.376002" intensity="1.351786e-003" type="0"/>
    <Peak1D F1="8.358415" intensity="1.575658e-003" type="0"/>
    <Peak1D F1="8.312400" intensity="1.573889e-003" type="0"/>
    <Peak1D F1="8.273970" intensity="1.592236e-003" type="0"/>
    <Peak1D F1="8.253664" intensity="1.598782e-003" type="0"/>
    <Peak1D F1="8.185436" intensity="1.908072e-003" type="0"/>
    <Peak1D F1="8.167623" intensity="1.964746e-003" type="0"/>
    <Peak1D F1="8.134913" intensity="2.108663e-003" type="0"/>
    <Peak1D F1="8.074458" intensity="4.964143e-003" type="0"/>
    <Peak1D F1="8.052750" intensity="5.478472e-003" type="0"/>
    <Peak1D F1="8.027816" intensity="2.895903e-003" type="0"/>
    <Peak1D F1="7.995452" intensity="4.132832e-003" type="0"/>
    <Peak1D F1="7.973221" intensity="6.702113e-003" type="0"/>
    <Peak1D F1="7.959406" intensity="5.733189e-003" type="0"/>
    <Peak1D F1="7.899736" intensity="1.209742e-002" type="0"/>
    <Peak1D F1="7.868231" intensity="6.173584e-001" type="0"/>
    <Peak1D F1="7.847786" intensity="6.896359e-001" type="0"/>
    <Peak1D F1="7.773376" intensity="2.671724e-001" type="0"/>
    <Peak1D F1="7.768505" intensity="2.765360e-001" type="0"/>
    <Peak1D F1="7.763786" intensity="4.167692e-001" type="0"/>
    <Peak1D F1="7.753237" intensity="5.295625e-001" type="0"/>
    <Peak1D F1="7.749919" intensity="5.014255e-001" type="0"/>
    <Peak1D F1="7.737499" intensity="7.489991e-002" type="0"/>
    <Peak1D F1="7.731718" intensity="6.472193e-002" type="0"/>
    <Peak1D F1="7.720875" intensity="1.539693e-001" type="0"/>
    <Peak1D F1="7.712634" intensity="2.071947e-001" type="0"/>
    <Peak1D F1="7.706598" intensity="2.978647e-001" type="0"/>
    <Peak1D F1="7.698794" intensity="8.543437e-001" type="0"/>
    <Peak1D F1="7.689800" intensity="1.866365e+000" type="0"/>
    <Peak1D F1="7.684975" intensity="2.305138e+000" type="0"/>
    <Peak1D F1="7.658270" intensity="9.556163e-002" type="0"/>
    <Peak1D F1="7.608260" intensity="2.107045e-002" type="0"/>
    <Peak1D F1="7.589685" intensity="1.922976e-002" type="0"/>
    <Peak1D F1="7.568344" intensity="1.640504e-002" type="0"/>
    <Peak1D F1="7.542351" intensity="1.471895e-002" type="0"/>
    <Peak1D F1="7.527937" intensity="2.033823e-002" type="0"/>
    <Peak1D F1="7.516333" intensity="1.555295e-002" type="0"/>
    <Peak1D F1="7.492935" intensity="1.515693e-002" type="0"/>
    <Peak1D F1="7.476945" intensity="1.334062e-002" type="0"/>
    <Peak1D F1="7.457633" intensity="9.190007e-003" type="0"/>
    <Peak1D F1="7.445326" intensity="8.161779e-003" type="0"/>
    <Peak1D F1="7.386539" intensity="4.369541e-002" type="0"/>
    <Peak1D F1="7.377229" intensity="2.159058e-001" type="0"/>
    <Peak1D F1="7.367585" intensity="2.916758e-001" type="0"/>
    <Peak1D F1="7.364611" intensity="2.885651e-001" type="0"/>
    <Peak1D F1="7.355402" intensity="4.043491e-001" type="0"/>
    <Peak1D F1="7.346045" intensity="3.321061e-001" type="0"/>
    <Peak1D F1="7.334078" intensity="2.620143e-001" type="0"/>
    <Peak1D F1="7.325112" intensity="6.783272e-002" type="0"/>
    <Peak1D F1="7.293429" intensity="2.833883e-002" type="0"/>
    <Peak1D F1="7.257713" intensity="6.097843e-001" type="0"/>
    <Peak1D F1="7.231661" intensity="2.866808e-002" type="0"/>
    <Peak1D F1="7.203827" intensity="1.029122e-001" type="0"/>
    <Peak1D F1="7.181824" intensity="1.165408e+000" type="0"/>
    <Peak1D F1="7.170312" intensity="1.691859e+000" type="0"/>
    <Peak1D F1="7.166414" intensity="1.482984e+000" type="0"/>
    <Peak1D F1="7.144563" intensity="1.343434e+000" type="0"/>
    <Peak1D F1="7.135889" intensity="1.198137e+000" type="0"/>
    <Peak1D F1="7.115173" intensity="1.556489e+000" type="0"/>
    <Peak1D F1="7.027897" intensity="1.303357e+000" type="0"/>
    <Peak1D F1="7.007594" intensity="9.311681e-001" type="0"/>
    <Peak1D F1="6.951171" intensity="2.681326e-002" type="0"/>
    <Peak1D F1="6.923651" intensity="2.258167e-002" type="0"/>
    <Peak1D F1="6.907199" intensity="1.702383e-002" type="0"/>
    <Peak1D F1="6.896142" intensity="1.474764e-002" type="0"/>
    <Peak1D F1="6.876152" intensity="1.384737e-002" type="0"/>
    <Peak1D F1="6.855473" intensity="1.152349e-002" type="0"/>
    <Peak1D F1="6.826009" intensity="1.484899e-002" type="0"/>
    <Peak1D F1="6.807755" intensity="1.074632e-002" type="0"/>
    <Peak1D F1="6.653297" intensity="7.492278e-001" type="0"/>
    <Peak1D F1="6.633818" intensity="7.144117e-001" type="0"/>
    <Peak1D F1="6.456905" intensity="7.287879e-003" type="0"/>
    <Peak1D F1="6.437770" intensity="6.367829e-003" type="0"/>
    <Peak1D F1="6.413628" intensity="2.941751e-003" type="0"/>
    <Peak1D F1="6.363966" intensity="1.521298e-003" type="0"/>
    <Peak1D F1="6.354135" intensity="1.340668e-003" type="0"/>
    <Peak1D F1="6.346805" intensity="1.368417e-003" type="0"/>
    <Peak1D F1="6.315310" intensity="9.093303e-004" type="0"/>
    <Peak1D F1="6.305649" intensity="9.090363e-004" type="0"/>
    <Peak1D F1="6.297820" intensity="7.298090e-004" type="0"/>
    <Peak1D F1="6.229023" intensity="8.997510e-004" type="0"/>
    <Peak1D F1="5.626524" intensity="6.114600e-004" type="0"/>
    <Peak1D F1="5.507286" intensity="2.001360e-002" type="0"/>
    <Peak1D F1="5.373355" intensity="2.997503e-003" type="0"/>
    <Peak1D F1="5.347709" intensity="5.932336e-003" type="0"/>
    <Peak1D F1="5.333641" intensity="6.574662e-003" type="0"/>
    <Peak1D F1="5.288303" intensity="3.662153e+000" type="0"/>
    <Peak1D F1="5.063742" intensity="2.243097e-002" type="0"/>
    <Peak1D F1="5.035592" intensity="6.621023e-003" type="0"/>
    <Peak1D F1="5.030241" intensity="6.508383e-003" type="0"/>
    <Peak1D F1="5.000344" intensity="3.340875e-003" type="0"/>
    <Peak1D F1="4.961319" intensity="5.721684e-003" type="0"/>
    <Peak1D F1="4.927518" intensity="6.933722e-003" type="0"/>
    <Peak1D F1="4.888133" intensity="4.046549e-003" type="0"/>
    <Peak1D F1="4.823603" intensity="3.898360e-001" type="0"/>
    <Peak1D F1="4.784752" intensity="1.035349e+000" type="0"/>
    <Peak1D F1="4.743982" intensity="1.041394e+000" type="0"/>
    <Peak1D F1="4.705107" intensity="4.078674e-001" type="0"/>
    <Peak1D F1="4.644918" intensity="8.984936e-003" type="0"/>
    <Peak1D F1="4.604938" intensity="9.292063e-003" type="0"/>
    <Peak1D F1="4.555182" intensity="6.551855e-003" type="0"/>
    <Peak1D F1="4.516208" intensity="4.058430e-003" type="0"/>
    <Peak1D F1="4.424120" intensity="1.136331e-003" type="0"/>
    <Peak1D F1="4.408090" intensity="1.031275e-003" type="0"/>
    <Peak1D F1="4.395525" intensity="1.105354e-003" type="0"/>
    <Peak1D F1="4.366512" intensity="1.114908e-003" type="0"/>
    <Peak1D F1="4.353093" intensity="1.058357e-003" type="0"/>
    <Peak1D F1="4.338667" intensity="8.723940e-004" type="0"/>
    <Peak1D F1="4.325096" intensity="8.879344e-004" type="0"/>
    <Peak1D F1="4.287210" intensity="8.618137e-004" type="0"/>
    <Peak1D F1="4.267192" intensity="8.778836e-004" type="0"/>
    <Peak1D F1="4.197311" intensity="8.322038e-004" type="0"/>
    <Peak1D F1="4.185006" intensity="8.503284e-004" type="0"/>
    <Peak1D F1="4.146782" intensity="9.441712e-004" type="0"/>
    <Peak1D F1="4.124904" intensity="9.046534e-004" type="0"/>
    <Peak1D F1="4.110168" intensity="1.043906e-003" type="0"/>
    <Peak1D F1="4.067745" intensity="8.872895e-004" type="0"/>
    <Peak1D F1="4.035169" intensity="6.808291e-003" type="0"/>
    <Peak1D F1="3.994685" intensity="1.099743e-003" type="0"/>
    <Peak1D F1="3.921933" intensity="2.040341e-003" type="0"/>
    <Peak1D F1="3.890829" intensity="2.846123e-003" type="0"/>
    <Peak1D F1="3.875930" intensity="5.127539e-003" type="0"/>
    <Peak1D F1="3.826630" intensity="1.377934e+000" type="0"/>
    <Peak1D F1="3.719113" intensity="5.527148e-003" type="0"/>
    <Peak1D F1="3.614679" intensity="8.540155e-003" type="0"/>
    <Peak1D F1="3.560299" intensity="2.520384e-003" type="0"/>
    <Peak1D F1="3.509071" intensity="2.003655e-003" type="0"/>
    <Peak1D F1="3.336936" intensity="1.177006e-003" type="0"/>
    <Peak1D F1="3.324589" intensity="1.201014e-003" type="0"/>
    <Peak1D F1="3.302566" intensity="1.361692e-003" type="0"/>
    <Peak1D F1="3.284527" intensity="1.373207e-003" type="0"/>
    <Peak1D F1="3.261503" intensity="1.253591e-003" type="0"/>
    <Peak1D F1="3.244386" intensity="6.902017e-003" type="0"/>
    <Peak1D F1="3.227644" intensity="1.589988e-003" type="0"/>
    <Peak1D F1="3.211176" intensity="1.580508e-003" type="0"/>
    <Peak1D F1="3.186494" intensity="1.223218e-003" type="0"/>
    <Peak1D F1="3.161403" intensity="6.095440e-003" type="0"/>
    <Peak1D F1="3.155082" intensity="6.334548e-003" type="0"/>
    <Peak1D F1="3.127809" intensity="1.212360e-003" type="0"/>
    <Peak1D F1="3.048067" intensity="1.179978e-003" type="0"/>
    <Peak1D F1="3.016243" intensity="1.091994e-003" type="0"/>
    <Peak1D F1="2.992116" intensity="1.158547e-003" type="0"/>
    <Peak1D F1="2.953011" intensity="1.071813e-003" type="0"/>
    <Peak1D F1="2.930124" intensity="1.455746e-003" type="0"/>
    <Peak1D F1="2.919494" intensity="1.537262e-003" type="0"/>
    <Peak1D F1="2.900584" intensity="1.189596e-003" type="0"/>
    <Peak1D F1="2.868082" intensity="1.560404e-003" type="0"/>
    <Peak1D F1="2.854707" intensity="1.406344e-003" type="0"/>
    <Peak1D F1="2.811594" intensity="1.571866e-003" type="0"/>
    <Peak1D F1="2.794546" intensity="1.483435e-003" type="0"/>
    <Peak1D F1="2.775945" intensity="1.534893e-003" type="0"/>
    <Peak1D F1="2.760952" intensity="1.624833e-003" type="0"/>
    <Peak1D F1="2.721481" intensity="1.813246e-003" type="0"/>
    <Peak1D F1="2.712487" intensity="1.722521e-003" type="0"/>
    <Peak1D F1="2.693263" intensity="1.899491e-003" type="0"/>
    <Peak1D F1="2.640507" intensity="2.202388e-003" type="0"/>
    <Peak1D F1="2.624177" intensity="2.289550e-003" type="0"/>
    <Peak1D F1="2.581028" intensity="2.273817e-002" type="0"/>
    <Peak1D F1="2.561094" intensity="3.660299e-003" type="0"/>
    <Peak1D F1="2.538035" intensity="3.966301e-003" type="0"/>
    <Peak1D F1="2.524992" intensity="4.610806e-003" type="0"/>
    <Peak1D F1="2.423984" intensity="3.890220e+000" type="0"/>
    <Peak1D F1="2.263478" intensity="2.804314e-002" type="0"/>
    <Peak1D F1="2.226191" intensity="7.765269e-003" type="0"/>
    <Peak1D F1="2.207810" intensity="7.734009e-003" type="0"/>
    <Peak1D F1="2.187682" intensity="6.299723e-003" type="0"/>
    <Peak1D F1="2.102334" intensity="2.853587e-003" type="0"/>
    <Peak1D F1="2.064067" intensity="3.672105e-003" type="0"/>
    <Peak1D F1="2.038847" intensity="4.437343e-003" type="0"/>
    <Peak1D F1="2.021491" intensity="5.141888e-003" type="0"/>
    <Peak1D F1="2.006206" intensity="5.089249e-003" type="0"/>
    <Peak1D F1="1.974030" intensity="4.934662e-003" type="0"/>
    <Peak1D F1="1.921060" intensity="6.554521e-003" type="0"/>
    <Peak1D F1="1.903758" intensity="5.769066e-003" type="0"/>
    <Peak1D F1="1.880729" intensity="3.992169e-003" type="0"/>
    <Peak1D F1="1.864901" intensity="3.507170e-003" type="0"/>
    <Peak1D F1="1.844430" intensity="2.827945e-003" type="0"/>
    <Peak1D F1="1.809704" intensity="2.615981e-003" type="0"/>
    <Peak1D F1="1.794701" intensity="2.649988e-003" type="0"/>
    <Peak1D F1="1.736495" intensity="5.006269e-003" type="0"/>
    <Peak1D F1="1.711732" intensity="3.939260e-003" type="0"/>
    <Peak1D F1="1.679475" intensity="5.557740e-003" type="0"/>
    <Peak1D F1="1.643607" intensity="5.556549e-003" type="0"/>
    <Peak1D F1="1.629397" intensity="6.728050e-003" type="0"/>
    <Peak1D F1="1.573151" intensity="7.865857e-001" type="0"/>
    <Peak1D F1="1.539213" intensity="1.473051e-002" type="0"/>
    <Peak1D F1="1.522363" intensity="1.227617e-002" type="0"/>
    <Peak1D F1="1.490084" intensity="7.203925e-002" type="0"/>
    <Peak1D F1="1.463193" intensity="1.100527e-002" type="0"/>
    <Peak1D F1="1.424182" intensity="3.865475e-002" type="0"/>
    <Peak1D F1="1.400907" intensity="2.204203e-002" type="0"/>
    <Peak1D F1="1.390775" intensity="2.433517e-002" type="0"/>
    <Peak1D F1="1.334690" intensity="1.500000e+001" type="0"/>
    <Peak1D F1="1.279488" intensity="1.836374e-001" type="0"/>
    <Peak1D F1="1.263618" intensity="1.084486e-001" type="0"/>
    <Peak1D F1="1.258050" intensity="1.064062e-001" type="0"/>
    <Peak1D F1="1.175929" intensity="8.638100e-002" type="0"/>
    <Peak1D F1="1.156254" intensity="2.373737e-002" type="0"/>
    <Peak1D F1="1.138033" intensity="1.945712e-002" type="0"/>
    <Peak1D F1="1.105283" intensity="1.358880e-002" type="0"/>
    <Peak1D F1="1.087337" intensity="1.103993e-002" type="0"/>
    <Peak1D F1="1.042069" intensity="7.176975e-003" type="0"/>
    <Peak1D F1="1.022828" intensity="6.299276e-003" type="0"/>
    <Peak1D F1="1.006632" intensity="5.468999e-003" type="0"/>
    <Peak1D F1="0.972469" intensity="1.081401e-002" type="0"/>
    <Peak1D F1="0.955982" intensity="1.869350e-002" type="0"/>
    <Peak1D F1="0.939038" intensity="1.299369e-002" type="0"/>
    <Peak1D F1="0.892905" intensity="2.457252e-002" type="0"/>
    <Peak1D F1="0.881772" intensity="4.773661e-002" type="0"/>
    <Peak1D F1="0.870417" intensity="5.482387e-002" type="0"/>
    <Peak1D F1="0.864473" intensity="3.135072e-002" type="0"/>
    <Peak1D F1="0.854785" intensity="6.821977e-002" type="0"/>
    <Peak1D F1="0.841593" intensity="1.585665e-002" type="0"/>
    <Peak1D F1="0.833192" intensity="2.130086e-002" type="0"/>
    <Peak1D F1="0.736895" intensity="1.738086e-003" type="0"/>
    <Peak1D F1="0.682009" intensity="9.672855e-004" type="0"/>
    <Peak1D F1="0.666640" intensity="9.461870e-004" type="0"/>
    <Peak1D F1="0.656020" intensity="8.134233e-004" type="0"/>
    <Peak1D F1="0.643525" intensity="8.188219e-004" type="0"/>
    <Peak1D F1="0.611205" intensity="7.195774e-004" type="0"/>
    <Peak1D F1="0.600219" intensity="6.642827e-004" type="0"/>
    <Peak1D F1="0.145926" intensity="3.002548e-003" type="0"/>
    <Peak1D F1="0.137085" intensity="9.044607e-004" type="0"/>
    <Peak1D F1="-0.000152" intensity="6.520166e-001" type="0"/>
    <Peak1D F1="-0.126003" intensity="1.174255e-003" type="0"/>
    <Peak1D F1="-0.149242" intensity="3.865913e-003" type="0"/>
    <Peak1D F1="-0.212198" intensity="6.906823e-004" type="0"/>
  </PeakList1D>
</PeakList>
