<?xml version="1.0" encoding="UTF-8"?>
<PeakList>
  <PeakList1D>
    <PeakList1DHeader creator="nmrsu" date="2020-01-23T06:24:08.509-02:00" expNo="1" name="2B203_MS368" owner="" procNo="1" source="C:/NMRData/data/marcio_marilia/nmr">
      <PeakPickDetails>F1=15.913990ppm, F2=-1.125073ppm, MI=0.00cm, MAXI=10000.00cm, PC=1.000
      </PeakPickDetails>
    </PeakList1DHeader>
    <Peak1D F1="15.426886" intensity="1.277930e-002" type="0"/>
    <Peak1D F1="14.519798" intensity="1.231161e-002" type="0"/>
    <Peak1D F1="14.241035" intensity="1.360706e-002" type="0"/>
    <Peak1D F1="12.501424" intensity="1.309394e-002" type="0"/>
    <Peak1D F1="10.823381" intensity="1.258571e-002" type="0"/>
    <Peak1D F1="9.627949" intensity="1.240873e-002" type="0"/>
    <Peak1D F1="8.242183" intensity="1.598705e-002" type="0"/>
    <Peak1D F1="8.222724" intensity="1.596961e-002" type="0"/>
    <Peak1D F1="8.216710" intensity="1.250105e-002" type="0"/>
    <Peak1D F1="8.190981" intensity="1.374295e-002" type="0"/>
    <Peak1D F1="8.189649" intensity="1.357075e-002" type="0"/>
    <Peak1D F1="8.181011" intensity="1.291609e-002" type="0"/>
    <Peak1D F1="8.179543" intensity="1.306344e-002" type="0"/>
    <Peak1D F1="8.169413" intensity="1.330061e-002" type="0"/>
    <Peak1D F1="8.165463" intensity="1.326828e-002" type="0"/>
    <Peak1D F1="8.157107" intensity="1.340885e-002" type="0"/>
    <Peak1D F1="8.151135" intensity="1.425115e-002" type="0"/>
    <Peak1D F1="8.146724" intensity="1.650257e-002" type="0"/>
    <Peak1D F1="8.134756" intensity="2.771743e-002" type="0"/>
    <Peak1D F1="8.122032" intensity="2.235211e-002" type="0"/>
    <Peak1D F1="8.111646" intensity="2.583183e-002" type="0"/>
    <Peak1D F1="8.087966" intensity="3.235603e-002" type="0"/>
    <Peak1D F1="8.081225" intensity="3.659296e-002" type="0"/>
    <Peak1D F1="8.064363" intensity="9.682063e-002" type="0"/>
    <Peak1D F1="8.011878" intensity="1.130686e+000" type="0"/>
    <Peak1D F1="7.934561" intensity="2.311283e-002" type="0"/>
    <Peak1D F1="7.925266" intensity="1.872335e-002" type="0"/>
    <Peak1D F1="7.903654" intensity="1.696036e-002" type="0"/>
    <Peak1D F1="7.896378" intensity="1.910538e-002" type="0"/>
    <Peak1D F1="7.890153" intensity="2.835444e-002" type="0"/>
    <Peak1D F1="7.887069" intensity="2.228035e-002" type="0"/>
    <Peak1D F1="7.872969" intensity="1.470656e-002" type="0"/>
    <Peak1D F1="7.859455" intensity="2.179690e-002" type="0"/>
    <Peak1D F1="7.847403" intensity="1.537103e-002" type="0"/>
    <Peak1D F1="7.843104" intensity="1.725998e-002" type="0"/>
    <Peak1D F1="7.836872" intensity="1.360724e-002" type="0"/>
    <Peak1D F1="7.818169" intensity="2.177824e-002" type="0"/>
    <Peak1D F1="7.801954" intensity="2.179140e-002" type="0"/>
    <Peak1D F1="7.783244" intensity="1.247288e-002" type="0"/>
    <Peak1D F1="7.762270" intensity="1.745073e-002" type="0"/>
    <Peak1D F1="7.758265" intensity="1.874422e-002" type="0"/>
    <Peak1D F1="7.739007" intensity="2.479137e-002" type="0"/>
    <Peak1D F1="7.718485" intensity="1.777810e-002" type="0"/>
    <Peak1D F1="7.706304" intensity="1.547296e-002" type="0"/>
    <Peak1D F1="7.695143" intensity="1.515714e-002" type="0"/>
    <Peak1D F1="7.685243" intensity="1.506554e-002" type="0"/>
    <Peak1D F1="7.673336" intensity="1.478965e-002" type="0"/>
    <Peak1D F1="7.660278" intensity="1.399273e-002" type="0"/>
    <Peak1D F1="7.635175" intensity="2.035602e-002" type="0"/>
    <Peak1D F1="7.629586" intensity="2.011113e-002" type="0"/>
    <Peak1D F1="7.602874" intensity="1.618593e-002" type="0"/>
    <Peak1D F1="7.593034" intensity="1.701818e-002" type="0"/>
    <Peak1D F1="7.560306" intensity="1.862122e+000" type="0"/>
    <Peak1D F1="7.540308" intensity="2.040839e+000" type="0"/>
    <Peak1D F1="7.520204" intensity="2.062143e-002" type="0"/>
    <Peak1D F1="7.498110" intensity="1.375153e-002" type="0"/>
    <Peak1D F1="7.459367" intensity="1.765665e-002" type="0"/>
    <Peak1D F1="7.438541" intensity="3.620747e-002" type="0"/>
    <Peak1D F1="7.418416" intensity="3.066058e-002" type="0"/>
    <Peak1D F1="7.413584" intensity="2.582902e-002" type="0"/>
    <Peak1D F1="7.398523" intensity="4.004992e-002" type="0"/>
    <Peak1D F1="7.390935" intensity="2.544388e-002" type="0"/>
    <Peak1D F1="7.368852" intensity="2.616194e-002" type="0"/>
    <Peak1D F1="7.367508" intensity="2.869746e-002" type="0"/>
    <Peak1D F1="7.356960" intensity="2.676660e-002" type="0"/>
    <Peak1D F1="7.350837" intensity="2.511471e-002" type="0"/>
    <Peak1D F1="7.339700" intensity="2.744552e-002" type="0"/>
    <Peak1D F1="7.322807" intensity="2.786935e-002" type="0"/>
    <Peak1D F1="7.307654" intensity="2.746729e-002" type="0"/>
    <Peak1D F1="7.305979" intensity="3.053737e-002" type="0"/>
    <Peak1D F1="7.290359" intensity="4.429713e-002" type="0"/>
    <Peak1D F1="7.281466" intensity="3.121346e-002" type="0"/>
    <Peak1D F1="7.271647" intensity="4.069900e-002" type="0"/>
    <Peak1D F1="7.268238" intensity="4.028094e-002" type="0"/>
    <Peak1D F1="7.241401" intensity="1.431780e+000" type="0"/>
    <Peak1D F1="7.221141" intensity="2.771022e+000" type="0"/>
    <Peak1D F1="7.200622" intensity="1.110840e-001" type="0"/>
    <Peak1D F1="7.187893" intensity="1.377843e+000" type="0"/>
    <Peak1D F1="7.178319" intensity="2.029999e+000" type="0"/>
    <Peak1D F1="7.170489" intensity="2.074263e+000" type="0"/>
    <Peak1D F1="7.150344" intensity="1.096602e+000" type="0"/>
    <Peak1D F1="7.108784" intensity="1.492985e+000" type="0"/>
    <Peak1D F1="7.089642" intensity="2.018020e+000" type="0"/>
    <Peak1D F1="7.078960" intensity="1.631009e-001" type="0"/>
    <Peak1D F1="7.071501" intensity="9.146574e-001" type="0"/>
    <Peak1D F1="7.060706" intensity="7.053111e-002" type="0"/>
    <Peak1D F1="7.039762" intensity="7.129446e-002" type="0"/>
    <Peak1D F1="7.016006" intensity="7.588428e-002" type="0"/>
    <Peak1D F1="6.982509" intensity="1.896204e+000" type="0"/>
    <Peak1D F1="6.963357" intensity="2.459476e+000" type="0"/>
    <Peak1D F1="6.940342" intensity="7.930291e-002" type="0"/>
    <Peak1D F1="6.920331" intensity="9.084429e-002" type="0"/>
    <Peak1D F1="6.908923" intensity="5.499336e-002" type="0"/>
    <Peak1D F1="6.898238" intensity="3.630528e-002" type="0"/>
    <Peak1D F1="6.889493" intensity="5.342869e-002" type="0"/>
    <Peak1D F1="6.858107" intensity="8.113817e-002" type="0"/>
    <Peak1D F1="6.839976" intensity="6.620276e-002" type="0"/>
    <Peak1D F1="6.834217" intensity="6.615455e-002" type="0"/>
    <Peak1D F1="6.818184" intensity="1.830506e+000" type="0"/>
    <Peak1D F1="6.798762" intensity="1.470137e+000" type="0"/>
    <Peak1D F1="6.767992" intensity="2.064536e-002" type="0"/>
    <Peak1D F1="6.749291" intensity="1.388041e-002" type="0"/>
    <Peak1D F1="6.742454" intensity="1.468666e-002" type="0"/>
    <Peak1D F1="6.735577" intensity="1.517595e-002" type="0"/>
    <Peak1D F1="6.727973" intensity="1.372738e-002" type="0"/>
    <Peak1D F1="6.719942" intensity="1.476146e-002" type="0"/>
    <Peak1D F1="6.703784" intensity="1.568848e-002" type="0"/>
    <Peak1D F1="6.697778" intensity="1.411650e-002" type="0"/>
    <Peak1D F1="6.693407" intensity="1.990155e-002" type="0"/>
    <Peak1D F1="6.689533" intensity="1.903788e-002" type="0"/>
    <Peak1D F1="6.675163" intensity="1.803130e-002" type="0"/>
    <Peak1D F1="6.665284" intensity="1.924305e-002" type="0"/>
    <Peak1D F1="6.656475" intensity="2.244548e-002" type="0"/>
    <Peak1D F1="6.631838" intensity="3.603187e-002" type="0"/>
    <Peak1D F1="6.617166" intensity="2.570890e-002" type="0"/>
    <Peak1D F1="6.613819" intensity="2.154025e-002" type="0"/>
    <Peak1D F1="6.587598" intensity="3.178866e+000" type="0"/>
    <Peak1D F1="6.559727" intensity="1.625037e-002" type="0"/>
    <Peak1D F1="6.556314" intensity="1.416709e-002" type="0"/>
    <Peak1D F1="6.542024" intensity="7.804774e-002" type="0"/>
    <Peak1D F1="6.530097" intensity="2.107070e-002" type="0"/>
    <Peak1D F1="6.519125" intensity="2.451305e-002" type="0"/>
    <Peak1D F1="6.517093" intensity="2.373656e-002" type="0"/>
    <Peak1D F1="6.491343" intensity="1.296092e-002" type="0"/>
    <Peak1D F1="6.483023" intensity="1.288718e-002" type="0"/>
    <Peak1D F1="6.445353" intensity="1.248250e-002" type="0"/>
    <Peak1D F1="6.387078" intensity="2.773426e-002" type="0"/>
    <Peak1D F1="5.966662" intensity="1.341845e-002" type="0"/>
    <Peak1D F1="5.958649" intensity="1.700165e-002" type="0"/>
    <Peak1D F1="5.956294" intensity="1.800642e-002" type="0"/>
    <Peak1D F1="5.615485" intensity="1.577732e-002" type="0"/>
    <Peak1D F1="5.611293" intensity="1.868846e-002" type="0"/>
    <Peak1D F1="5.560036" intensity="1.859050e-002" type="0"/>
    <Peak1D F1="5.536366" intensity="1.333897e-002" type="0"/>
    <Peak1D F1="5.421776" intensity="1.014242e-001" type="0"/>
    <Peak1D F1="5.217344" intensity="1.883653e-001" type="0"/>
    <Peak1D F1="4.069518" intensity="1.908114e-002" type="0"/>
    <Peak1D F1="4.054311" intensity="5.872026e-002" type="0"/>
    <Peak1D F1="4.036989" intensity="6.432285e-002" type="0"/>
    <Peak1D F1="4.018607" intensity="2.288580e-002" type="0"/>
    <Peak1D F1="3.992273" intensity="4.845954e-002" type="0"/>
    <Peak1D F1="3.958731" intensity="2.190381e-002" type="0"/>
    <Peak1D F1="3.856586" intensity="1.676449e-002" type="0"/>
    <Peak1D F1="3.832444" intensity="9.202514e+000" type="0"/>
    <Peak1D F1="3.794943" intensity="2.967781e-002" type="0"/>
    <Peak1D F1="3.783033" intensity="3.377495e-002" type="0"/>
    <Peak1D F1="3.771811" intensity="2.893631e-002" type="0"/>
    <Peak1D F1="3.748187" intensity="1.407921e-002" type="0"/>
    <Peak1D F1="3.727675" intensity="9.079153e-002" type="0"/>
    <Peak1D F1="3.689951" intensity="1.347160e-002" type="0"/>
    <Peak1D F1="3.678743" intensity="1.360478e-002" type="0"/>
    <Peak1D F1="3.669349" intensity="6.219553e-002" type="0"/>
    <Peak1D F1="3.650230" intensity="5.956395e-002" type="0"/>
    <Peak1D F1="3.636097" intensity="2.057195e-002" type="0"/>
    <Peak1D F1="3.626983" intensity="1.947608e-002" type="0"/>
    <Peak1D F1="3.602019" intensity="1.318617e-002" type="0"/>
    <Peak1D F1="3.578942" intensity="1.223633e-001" type="0"/>
    <Peak1D F1="3.546207" intensity="1.500000e+001" type="0"/>
    <Peak1D F1="3.519072" intensity="8.162136e-002" type="0"/>
    <Peak1D F1="3.508433" intensity="7.331789e-002" type="0"/>
    <Peak1D F1="3.492043" intensity="1.430716e-001" type="0"/>
    <Peak1D F1="3.476518" intensity="6.359438e-002" type="0"/>
    <Peak1D F1="3.465383" intensity="1.402529e-001" type="0"/>
    <Peak1D F1="3.444999" intensity="2.484256e-002" type="0"/>
    <Peak1D F1="3.434845" intensity="2.439566e-002" type="0"/>
    <Peak1D F1="3.423463" intensity="2.631910e-002" type="0"/>
    <Peak1D F1="3.418771" intensity="3.502359e-002" type="0"/>
    <Peak1D F1="3.410905" intensity="4.419928e-002" type="0"/>
    <Peak1D F1="3.399749" intensity="1.960819e-002" type="0"/>
    <Peak1D F1="3.378102" intensity="4.548958e-002" type="0"/>
    <Peak1D F1="3.360801" intensity="1.522997e-001" type="0"/>
    <Peak1D F1="3.346160" intensity="7.444288e-002" type="0"/>
    <Peak1D F1="3.312623" intensity="1.898577e-002" type="0"/>
    <Peak1D F1="3.297637" intensity="1.494544e-002" type="0"/>
    <Peak1D F1="3.287405" intensity="1.486332e-002" type="0"/>
    <Peak1D F1="3.280676" intensity="1.881914e-002" type="0"/>
    <Peak1D F1="3.256207" intensity="3.038264e-002" type="0"/>
    <Peak1D F1="3.244391" intensity="2.479589e-002" type="0"/>
    <Peak1D F1="3.239785" intensity="2.910424e-002" type="0"/>
    <Peak1D F1="3.233087" intensity="2.102189e-002" type="0"/>
    <Peak1D F1="3.229428" intensity="1.473450e-002" type="0"/>
    <Peak1D F1="3.217237" intensity="2.291802e-002" type="0"/>
    <Peak1D F1="3.190420" intensity="1.369047e-002" type="0"/>
    <Peak1D F1="3.154404" intensity="1.333990e-002" type="0"/>
    <Peak1D F1="3.151237" intensity="1.324929e-002" type="0"/>
    <Peak1D F1="3.128636" intensity="1.665253e-002" type="0"/>
    <Peak1D F1="3.113754" intensity="1.326344e-002" type="0"/>
    <Peak1D F1="3.098716" intensity="1.291410e-002" type="0"/>
    <Peak1D F1="3.075218" intensity="2.065702e-002" type="0"/>
    <Peak1D F1="3.071880" intensity="2.211039e-002" type="0"/>
    <Peak1D F1="2.974405" intensity="1.483826e-002" type="0"/>
    <Peak1D F1="2.535992" intensity="2.081673e-002" type="0"/>
    <Peak1D F1="2.462220" intensity="6.862082e-002" type="0"/>
    <Peak1D F1="2.426023" intensity="2.314451e-002" type="0"/>
    <Peak1D F1="2.416462" intensity="1.530437e-002" type="0"/>
    <Peak1D F1="2.389441" intensity="1.335445e-002" type="0"/>
    <Peak1D F1="2.383381" intensity="1.678327e-002" type="0"/>
    <Peak1D F1="2.349926" intensity="9.770720e-002" type="0"/>
    <Peak1D F1="2.340131" intensity="7.291375e-002" type="0"/>
    <Peak1D F1="2.303948" intensity="1.249379e+001" type="0"/>
    <Peak1D F1="2.275956" intensity="3.828760e-001" type="0"/>
    <Peak1D F1="2.244820" intensity="1.979938e-001" type="0"/>
    <Peak1D F1="2.239128" intensity="2.082089e-001" type="0"/>
    <Peak1D F1="2.219620" intensity="1.581268e-001" type="0"/>
    <Peak1D F1="2.217335" intensity="1.666318e-001" type="0"/>
    <Peak1D F1="2.204753" intensity="4.430449e-001" type="0"/>
    <Peak1D F1="2.189264" intensity="9.617148e-002" type="0"/>
    <Peak1D F1="2.182487" intensity="1.422147e-001" type="0"/>
    <Peak1D F1="2.144444" intensity="1.355076e-001" type="0"/>
    <Peak1D F1="2.123493" intensity="7.148880e-002" type="0"/>
    <Peak1D F1="2.115363" intensity="6.391421e-002" type="0"/>
    <Peak1D F1="2.093261" intensity="3.501758e-001" type="0"/>
    <Peak1D F1="2.061574" intensity="1.220314e+001" type="0"/>
    <Peak1D F1="2.041482" intensity="1.780342e-001" type="0"/>
    <Peak1D F1="2.032198" intensity="4.111645e-001" type="0"/>
    <Peak1D F1="2.019800" intensity="8.563918e-002" type="0"/>
    <Peak1D F1="2.005391" intensity="6.657274e-002" type="0"/>
    <Peak1D F1="1.985961" intensity="1.033735e-001" type="0"/>
    <Peak1D F1="1.979420" intensity="7.021488e-002" type="0"/>
    <Peak1D F1="1.968278" intensity="3.062208e-001" type="0"/>
    <Peak1D F1="1.935570" intensity="5.531792e-002" type="0"/>
    <Peak1D F1="1.931318" intensity="4.401157e-002" type="0"/>
    <Peak1D F1="1.920664" intensity="3.854221e-002" type="0"/>
    <Peak1D F1="1.900886" intensity="9.746820e-002" type="0"/>
    <Peak1D F1="1.887427" intensity="4.913276e-002" type="0"/>
    <Peak1D F1="1.865808" intensity="3.900778e-002" type="0"/>
    <Peak1D F1="1.861670" intensity="3.549697e-002" type="0"/>
    <Peak1D F1="1.832197" intensity="3.579833e-002" type="0"/>
    <Peak1D F1="1.820801" intensity="3.690645e-002" type="0"/>
    <Peak1D F1="1.809646" intensity="3.635446e-002" type="0"/>
    <Peak1D F1="1.800802" intensity="5.496284e-002" type="0"/>
    <Peak1D F1="1.785173" intensity="6.152740e-002" type="0"/>
    <Peak1D F1="1.764139" intensity="6.384602e-002" type="0"/>
    <Peak1D F1="1.747020" intensity="5.144572e-002" type="0"/>
    <Peak1D F1="1.732128" intensity="4.873805e-002" type="0"/>
    <Peak1D F1="1.722251" intensity="4.817539e-002" type="0"/>
    <Peak1D F1="1.718713" intensity="4.597846e-002" type="0"/>
    <Peak1D F1="1.717627" intensity="5.185274e-002" type="0"/>
    <Peak1D F1="1.703836" intensity="5.750394e-002" type="0"/>
    <Peak1D F1="1.703045" intensity="5.732259e-002" type="0"/>
    <Peak1D F1="1.693291" intensity="6.367466e-002" type="0"/>
    <Peak1D F1="1.688686" intensity="6.403871e-002" type="0"/>
    <Peak1D F1="1.655432" intensity="1.207264e-001" type="0"/>
    <Peak1D F1="1.650847" intensity="1.237414e-001" type="0"/>
    <Peak1D F1="1.630766" intensity="1.608492e-001" type="0"/>
    <Peak1D F1="1.577020" intensity="3.470195e-001" type="0"/>
    <Peak1D F1="1.562098" intensity="3.772483e-001" type="0"/>
    <Peak1D F1="1.556738" intensity="3.817130e-001" type="0"/>
    <Peak1D F1="1.549354" intensity="3.721089e-001" type="0"/>
    <Peak1D F1="1.547331" intensity="3.716483e-001" type="0"/>
    <Peak1D F1="1.520568" intensity="2.302191e-001" type="0"/>
    <Peak1D F1="1.509035" intensity="2.030927e-001" type="0"/>
    <Peak1D F1="1.488643" intensity="1.650501e-001" type="0"/>
    <Peak1D F1="1.471375" intensity="1.267577e-001" type="0"/>
    <Peak1D F1="1.469236" intensity="1.278279e-001" type="0"/>
    <Peak1D F1="1.455520" intensity="9.637568e-002" type="0"/>
    <Peak1D F1="1.449217" intensity="8.686013e-002" type="0"/>
    <Peak1D F1="1.415204" intensity="9.840513e-002" type="0"/>
    <Peak1D F1="1.399342" intensity="6.329838e-002" type="0"/>
    <Peak1D F1="1.382395" intensity="6.334743e-002" type="0"/>
    <Peak1D F1="1.367898" intensity="8.386709e-002" type="0"/>
    <Peak1D F1="1.349904" intensity="7.136738e-002" type="0"/>
    <Peak1D F1="1.337486" intensity="5.905314e-002" type="0"/>
    <Peak1D F1="1.328376" intensity="5.919527e-002" type="0"/>
    <Peak1D F1="1.320872" intensity="5.912079e-002" type="0"/>
    <Peak1D F1="1.317151" intensity="6.059589e-002" type="0"/>
    <Peak1D F1="1.314322" intensity="6.082138e-002" type="0"/>
    <Peak1D F1="1.288581" intensity="6.787573e-002" type="0"/>
    <Peak1D F1="1.283653" intensity="7.090029e-002" type="0"/>
    <Peak1D F1="1.261036" intensity="9.096060e-002" type="0"/>
    <Peak1D F1="1.229926" intensity="1.405864e-001" type="0"/>
    <Peak1D F1="1.199842" intensity="2.826291e-001" type="0"/>
    <Peak1D F1="1.182420" intensity="3.303858e+000" type="0"/>
    <Peak1D F1="1.167475" intensity="1.914578e-001" type="0"/>
    <Peak1D F1="1.134690" intensity="5.998860e-002" type="0"/>
    <Peak1D F1="1.131306" intensity="6.155517e-002" type="0"/>
    <Peak1D F1="1.122748" intensity="5.149907e-002" type="0"/>
    <Peak1D F1="1.112840" intensity="4.660513e-002" type="0"/>
    <Peak1D F1="1.100699" intensity="4.231414e-002" type="0"/>
    <Peak1D F1="1.097607" intensity="4.098585e-002" type="0"/>
    <Peak1D F1="1.085567" intensity="4.709702e-002" type="0"/>
    <Peak1D F1="1.062909" intensity="4.473037e-002" type="0"/>
    <Peak1D F1="1.057729" intensity="3.708019e-002" type="0"/>
    <Peak1D F1="1.053600" intensity="3.615259e-002" type="0"/>
    <Peak1D F1="1.036615" intensity="3.645059e-002" type="0"/>
    <Peak1D F1="1.026536" intensity="3.846620e-002" type="0"/>
    <Peak1D F1="0.998454" intensity="3.989951e-002" type="0"/>
    <Peak1D F1="0.976347" intensity="2.893194e-002" type="0"/>
    <Peak1D F1="0.964452" intensity="3.226677e-002" type="0"/>
    <Peak1D F1="0.953743" intensity="3.037000e-002" type="0"/>
    <Peak1D F1="0.935070" intensity="4.279172e-002" type="0"/>
    <Peak1D F1="0.921226" intensity="5.386713e-002" type="0"/>
    <Peak1D F1="0.905932" intensity="4.083218e-002" type="0"/>
    <Peak1D F1="0.889458" intensity="6.852727e-002" type="0"/>
    <Peak1D F1="0.874938" intensity="4.908209e-002" type="0"/>
    <Peak1D F1="0.867131" intensity="5.436234e-002" type="0"/>
    <Peak1D F1="0.848655" intensity="5.940166e-002" type="0"/>
    <Peak1D F1="0.822764" intensity="1.176917e-001" type="0"/>
    <Peak1D F1="0.820650" intensity="1.141167e-001" type="0"/>
    <Peak1D F1="0.807759" intensity="1.992207e-001" type="0"/>
    <Peak1D F1="0.795903" intensity="9.567488e-002" type="0"/>
    <Peak1D F1="0.790255" intensity="1.392981e-001" type="0"/>
    <Peak1D F1="0.762875" intensity="7.638649e-002" type="0"/>
    <Peak1D F1="0.731710" intensity="7.092495e-002" type="0"/>
    <Peak1D F1="0.729366" intensity="6.482514e-002" type="0"/>
    <Peak1D F1="0.717316" intensity="4.975660e-002" type="0"/>
    <Peak1D F1="0.703323" intensity="2.767540e-002" type="0"/>
    <Peak1D F1="0.686359" intensity="2.216731e-002" type="0"/>
    <Peak1D F1="0.680410" intensity="2.013512e-002" type="0"/>
    <Peak1D F1="0.669734" intensity="1.764185e-002" type="0"/>
    <Peak1D F1="0.660730" intensity="1.910412e-002" type="0"/>
    <Peak1D F1="0.644170" intensity="1.841637e-002" type="0"/>
    <Peak1D F1="0.637891" intensity="1.980879e-002" type="0"/>
    <Peak1D F1="0.628754" intensity="1.673810e-002" type="0"/>
    <Peak1D F1="0.606928" intensity="1.527172e-002" type="0"/>
    <Peak1D F1="0.578787" intensity="1.432364e-002" type="0"/>
    <Peak1D F1="0.566105" intensity="1.356195e-002" type="0"/>
    <Peak1D F1="0.561209" intensity="1.411560e-002" type="0"/>
    <Peak1D F1="0.537182" intensity="1.583643e-002" type="0"/>
    <Peak1D F1="0.479997" intensity="1.380301e-002" type="0"/>
    <Peak1D F1="0.474550" intensity="1.471662e-002" type="0"/>
    <Peak1D F1="0.452464" intensity="1.372256e-002" type="0"/>
    <Peak1D F1="0.125150" intensity="1.350563e-002" type="0"/>
    <Peak1D F1="0.015682" intensity="1.559935e-002" type="0"/>
    <Peak1D F1="-0.000125" intensity="2.132196e-001" type="0"/>
  </PeakList1D>
</PeakList>
