<?xml version="1.0" encoding="UTF-8"?>
<PeakList modified="2020-02-02T12:19:46">
  <PeakList1D>
    <PeakList1DHeader creator="Dell" date="2020-02-02T12:18:44" expNo="3" name="SDT518" owner="" procNo="1" source="C:/Users/Dell/Desktop/NMR/Z-synthesis">
      <PeakPickDetails>F1=129.168350ppm, F2=104.144287ppm, MI=5.00cm, MAXI=20.74cm, PC=1.400
      </PeakPickDetails>
    </PeakList1DHeader>
    <Peak1D F1="122.572899" intensity="10.27231" type="0"/>
    <Peak1D F1="120.236649" intensity="11.03305" type="0"/>
    <Peak1D F1="119.226273" intensity="10.91639" type="0"/>
    <Peak1D F1="110.956062" intensity="10.50479" type="0"/>
  </PeakList1D>
  <PeakList1D>
    <PeakList1DHeader creator="Dell" date="2020-02-02T12:18:44" expNo="3" name="SDT518" owner="" procNo="1" source="C:/Users/Dell/Desktop/NMR/Z-synthesis">
      <PeakPickDetails>F1=62.744171ppm, F2=50.048138ppm, MI=8.30cm, MAXI=20.74cm, PC=1.400
      </PeakPickDetails>
    </PeakList1DHeader>
    <Peak1D F1="56.085625" intensity="15.0" type="0"/>
  </PeakList1D>
  <PeakList1D>
    <PeakList1DHeader creator="Dell@Dell-PC" date="2020-02-02T12:19:48" expNo="3" name="SDT518" owner="Dell" procNo="1" source="C:/Users/Dell/Desktop/NMR/Z-synthesis">
      <PeakPickDetails>Manually picked peaks
</PeakPickDetails>
    </PeakList1DHeader>
    <Peak1D F1="68.63058618765214" intensity="-12.959860021471462" type="1"/>
    <Peak1D F1="44.59567133258381" intensity="-10.852857348066227" type="1"/>
    <Peak1D F1="33.34197946889924" intensity="-11.793486106954461" type="1"/>
    <Peak1D F1="32.570683114635585" intensity="-12.646687842227168" type="1"/>
  </PeakList1D>
</PeakList>
