<?xml version="1.0" encoding="UTF-8"?>
<PeakList>
  <PeakList1D>
    <PeakList1DHeader creator="nmr600" date="2019-07-25T18:13:18.880+02:00" expNo="100" name="6Jul2519" owner="" procNo="1" source="/opt/topspin3.0/data/nmr600/nmr">
      <PeakPickDetails>F1=16.359989ppm, F2=-4.190657ppm, MI=0.00cm, MAXI=10000.00cm, PC=1.000
      </PeakPickDetails>
    </PeakList1DHeader>
    <Peak1D F1="14.911999" intensity="5.000647e-03" type="0"/>
    <Peak1D F1="9.949127" intensity="8.068683e-03" type="0"/>
    <Peak1D F1="9.657581" intensity="1.226760e-02" type="0"/>
    <Peak1D F1="9.039912" intensity="7.156659e-03" type="0"/>
    <Peak1D F1="8.898979" intensity="3.675893e+00" type="0"/>
    <Peak1D F1="8.757407" intensity="1.457173e-02" type="0"/>
    <Peak1D F1="8.739328" intensity="1.236392e-02" type="0"/>
    <Peak1D F1="8.734275" intensity="1.254144e-02" type="0"/>
    <Peak1D F1="8.716376" intensity="9.903774e-03" type="0"/>
    <Peak1D F1="8.694844" intensity="7.686763e-03" type="0"/>
    <Peak1D F1="8.630357" intensity="5.152507e-03" type="0"/>
    <Peak1D F1="8.584309" intensity="4.926607e-03" type="0"/>
    <Peak1D F1="8.565288" intensity="4.747260e-03" type="0"/>
    <Peak1D F1="8.535129" intensity="4.472611e-03" type="0"/>
    <Peak1D F1="8.441854" intensity="5.020560e-03" type="0"/>
    <Peak1D F1="8.189556" intensity="2.669838e-02" type="0"/>
    <Peak1D F1="8.175331" intensity="2.869181e-02" type="0"/>
    <Peak1D F1="8.146269" intensity="8.242760e-03" type="0"/>
    <Peak1D F1="8.128734" intensity="9.249522e-03" type="0"/>
    <Peak1D F1="8.114351" intensity="6.952157e-03" type="0"/>
    <Peak1D F1="8.094620" intensity="2.832433e-02" type="0"/>
    <Peak1D F1="8.080415" intensity="2.787519e-02" type="0"/>
    <Peak1D F1="8.040662" intensity="3.032615e-02" type="0"/>
    <Peak1D F1="8.026647" intensity="3.965081e-02" type="0"/>
    <Peak1D F1="8.022900" intensity="3.176493e-02" type="0"/>
    <Peak1D F1="8.007646" intensity="3.793638e-02" type="0"/>
    <Peak1D F1="7.991964" intensity="9.035270e-03" type="0"/>
    <Peak1D F1="7.978135" intensity="2.415424e-02" type="0"/>
    <Peak1D F1="7.961907" intensity="4.808700e-02" type="0"/>
    <Peak1D F1="7.948078" intensity="4.364882e-02" type="0"/>
    <Peak1D F1="7.937509" intensity="2.193041e-02" type="0"/>
    <Peak1D F1="7.922618" intensity="2.311636e-02" type="0"/>
    <Peak1D F1="7.912453" intensity="1.492930e-02" type="0"/>
    <Peak1D F1="7.901902" intensity="1.834417e-02" type="0"/>
    <Peak1D F1="7.884720" intensity="1.536474e-02" type="0"/>
    <Peak1D F1="7.876639" intensity="6.518465e-02" type="0"/>
    <Peak1D F1="7.871895" intensity="4.549477e-02" type="0"/>
    <Peak1D F1="7.855511" intensity="3.841438e-02" type="0"/>
    <Peak1D F1="7.841669" intensity="4.414082e-02" type="0"/>
    <Peak1D F1="7.819010" intensity="1.352951e-02" type="0"/>
    <Peak1D F1="7.805411" intensity="1.139679e-02" type="0"/>
    <Peak1D F1="7.776258" intensity="7.395395e-03" type="0"/>
    <Peak1D F1="7.749838" intensity="1.718595e-02" type="0"/>
    <Peak1D F1="7.739865" intensity="2.396519e-02" type="0"/>
    <Peak1D F1="7.723972" intensity="1.836448e-02" type="0"/>
    <Peak1D F1="7.701838" intensity="2.230075e-02" type="0"/>
    <Peak1D F1="7.689404" intensity="2.050850e-02" type="0"/>
    <Peak1D F1="7.655739" intensity="3.029533e-02" type="0"/>
    <Peak1D F1="7.644113" intensity="5.089438e-02" type="0"/>
    <Peak1D F1="7.635645" intensity="5.059056e-02" type="0"/>
    <Peak1D F1="7.632217" intensity="4.737477e-02" type="0"/>
    <Peak1D F1="7.623153" intensity="3.852735e-02" type="0"/>
    <Peak1D F1="7.599784" intensity="7.276768e-02" type="0"/>
    <Peak1D F1="7.587947" intensity="1.010794e-01" type="0"/>
    <Peak1D F1="7.564702" intensity="9.814344e-02" type="0"/>
    <Peak1D F1="7.552221" intensity="1.206527e-01" type="0"/>
    <Peak1D F1="7.540041" intensity="7.664950e-02" type="0"/>
    <Peak1D F1="7.528232" intensity="9.175892e-02" type="0"/>
    <Peak1D F1="7.515167" intensity="8.850205e-02" type="0"/>
    <Peak1D F1="7.501431" intensity="6.904771e-02" type="0"/>
    <Peak1D F1="7.491594" intensity="1.279134e-01" type="0"/>
    <Peak1D F1="7.480521" intensity="8.796296e-02" type="0"/>
    <Peak1D F1="7.466745" intensity="1.128606e-01" type="0"/>
    <Peak1D F1="7.458010" intensity="2.362421e-01" type="0"/>
    <Peak1D F1="7.447848" intensity="1.948347e-01" type="0"/>
    <Peak1D F1="7.437815" intensity="1.660936e-01" type="0"/>
    <Peak1D F1="7.425334" intensity="1.700595e-01" type="0"/>
    <Peak1D F1="7.411871" intensity="1.172302e-01" type="0"/>
    <Peak1D F1="7.403453" intensity="9.840717e-02" type="0"/>
    <Peak1D F1="7.391940" intensity="1.260439e-01" type="0"/>
    <Peak1D F1="7.380826" intensity="1.695743e-01" type="0"/>
    <Peak1D F1="7.365942" intensity="2.191440e-01" type="0"/>
    <Peak1D F1="7.357460" intensity="2.840166e-01" type="0"/>
    <Peak1D F1="7.327922" intensity="3.703939e+00" type="0"/>
    <Peak1D F1="7.315361" intensity="8.715099e+00" type="0"/>
    <Peak1D F1="7.304762" intensity="1.015793e+01" type="0"/>
    <Peak1D F1="7.293846" intensity="1.599995e+01" type="0"/>
    <Peak1D F1="7.280928" intensity="1.214306e+01" type="0"/>
    <Peak1D F1="7.258939" intensity="1.052237e+01" type="0"/>
    <Peak1D F1="7.246856" intensity="1.365611e+01" type="0"/>
    <Peak1D F1="7.234066" intensity="5.949674e+00" type="0"/>
    <Peak1D F1="7.194211" intensity="6.547289e+00" type="0"/>
    <Peak1D F1="7.167495" intensity="8.534390e+00" type="0"/>
    <Peak1D F1="7.154855" intensity="7.368012e+00" type="0"/>
    <Peak1D F1="7.122619" intensity="8.767686e+00" type="0"/>
    <Peak1D F1="7.110153" intensity="7.394442e+00" type="0"/>
    <Peak1D F1="7.057953" intensity="1.821413e-01" type="0"/>
    <Peak1D F1="7.044262" intensity="1.433778e-01" type="0"/>
    <Peak1D F1="7.033579" intensity="1.201199e-01" type="0"/>
    <Peak1D F1="7.017389" intensity="1.418045e-01" type="0"/>
    <Peak1D F1="7.008801" intensity="1.806951e-01" type="0"/>
    <Peak1D F1="6.996491" intensity="1.697874e-01" type="0"/>
    <Peak1D F1="6.976077" intensity="1.207096e-01" type="0"/>
    <Peak1D F1="6.962390" intensity="8.179009e-02" type="0"/>
    <Peak1D F1="6.937822" intensity="7.067131e-02" type="0"/>
    <Peak1D F1="6.924870" intensity="9.767707e-02" type="0"/>
    <Peak1D F1="6.910769" intensity="1.380697e-01" type="0"/>
    <Peak1D F1="6.878489" intensity="1.437933e+01" type="0"/>
    <Peak1D F1="6.865365" intensity="1.405519e+01" type="0"/>
    <Peak1D F1="6.812221" intensity="7.222442e-02" type="0"/>
    <Peak1D F1="6.768082" intensity="2.308849e-02" type="0"/>
    <Peak1D F1="6.745433" intensity="7.866304e-02" type="0"/>
    <Peak1D F1="6.732664" intensity="8.167733e-02" type="0"/>
    <Peak1D F1="6.647229" intensity="2.440377e-02" type="0"/>
    <Peak1D F1="6.634382" intensity="2.044310e-02" type="0"/>
    <Peak1D F1="6.597017" intensity="7.359741e-03" type="0"/>
    <Peak1D F1="6.581955" intensity="6.495567e-03" type="0"/>
    <Peak1D F1="6.556990" intensity="3.691501e-02" type="0"/>
    <Peak1D F1="6.506873" intensity="7.683142e-03" type="0"/>
    <Peak1D F1="6.440995" intensity="1.487277e-02" type="0"/>
    <Peak1D F1="6.396585" intensity="6.720898e-03" type="0"/>
    <Peak1D F1="6.074088" intensity="4.712217e-03" type="0"/>
    <Peak1D F1="5.746579" intensity="6.561188e-03" type="0"/>
    <Peak1D F1="5.731108" intensity="4.844260e-03" type="0"/>
    <Peak1D F1="5.676472" intensity="6.665122e-03" type="0"/>
    <Peak1D F1="5.568463" intensity="4.248746e-03" type="0"/>
    <Peak1D F1="5.510840" intensity="5.094307e-03" type="0"/>
    <Peak1D F1="5.418752" intensity="4.655845e-03" type="0"/>
    <Peak1D F1="5.391360" intensity="4.893677e-03" type="0"/>
    <Peak1D F1="5.369261" intensity="7.891647e-03" type="0"/>
    <Peak1D F1="5.302881" intensity="5.244100e-03" type="0"/>
    <Peak1D F1="5.292975" intensity="5.057349e-03" type="0"/>
    <Peak1D F1="5.264359" intensity="9.762396e-03" type="0"/>
    <Peak1D F1="5.224543" intensity="4.231221e-01" type="0"/>
    <Peak1D F1="5.207725" intensity="2.179871e-02" type="0"/>
    <Peak1D F1="5.193236" intensity="1.152048e-02" type="0"/>
    <Peak1D F1="5.163895" intensity="8.968369e-03" type="0"/>
    <Peak1D F1="5.087615" intensity="9.304531e-03" type="0"/>
    <Peak1D F1="5.073523" intensity="1.029119e-02" type="0"/>
    <Peak1D F1="5.067890" intensity="1.070310e-02" type="0"/>
    <Peak1D F1="5.049936" intensity="1.153408e-02" type="0"/>
    <Peak1D F1="5.029684" intensity="1.940224e-02" type="0"/>
    <Peak1D F1="4.995878" intensity="1.838715e-02" type="0"/>
    <Peak1D F1="4.968990" intensity="8.182097e-02" type="0"/>
    <Peak1D F1="4.863880" intensity="1.189458e+01" type="0"/>
    <Peak1D F1="4.803820" intensity="2.614979e-02" type="0"/>
    <Peak1D F1="4.789773" intensity="2.649961e-02" type="0"/>
    <Peak1D F1="4.778875" intensity="2.455759e-02" type="0"/>
    <Peak1D F1="4.755240" intensity="8.641559e-02" type="0"/>
    <Peak1D F1="4.724212" intensity="2.412744e-02" type="0"/>
    <Peak1D F1="4.695115" intensity="2.792924e-02" type="0"/>
    <Peak1D F1="4.671354" intensity="5.424557e-02" type="0"/>
    <Peak1D F1="4.659649" intensity="9.557371e-02" type="0"/>
    <Peak1D F1="4.647879" intensity="8.417138e-02" type="0"/>
    <Peak1D F1="4.633551" intensity="9.495265e-02" type="0"/>
    <Peak1D F1="4.620724" intensity="1.561331e-01" type="0"/>
    <Peak1D F1="4.608749" intensity="1.646766e-01" type="0"/>
    <Peak1D F1="4.598141" intensity="1.116089e-01" type="0"/>
    <Peak1D F1="4.552166" intensity="1.637575e+00" type="0"/>
    <Peak1D F1="4.534016" intensity="3.506853e+00" type="0"/>
    <Peak1D F1="4.522501" intensity="4.114021e+00" type="0"/>
    <Peak1D F1="4.511909" intensity="8.910633e+00" type="0"/>
    <Peak1D F1="4.498904" intensity="1.500000e+01" type="0"/>
    <Peak1D F1="4.485856" intensity="7.939737e+00" type="0"/>
    <Peak1D F1="4.456109" intensity="2.183484e+00" type="0"/>
    <Peak1D F1="4.439318" intensity="3.521231e+00" type="0"/>
    <Peak1D F1="4.428325" intensity="3.334916e+00" type="0"/>
    <Peak1D F1="4.410352" intensity="1.559788e+00" type="0"/>
    <Peak1D F1="4.384989" intensity="9.030558e-02" type="0"/>
    <Peak1D F1="4.371645" intensity="1.011730e-01" type="0"/>
    <Peak1D F1="4.358800" intensity="5.610021e-02" type="0"/>
    <Peak1D F1="4.311305" intensity="3.573385e-02" type="0"/>
    <Peak1D F1="4.298782" intensity="3.190880e-02" type="0"/>
    <Peak1D F1="4.282060" intensity="1.898190e-02" type="0"/>
    <Peak1D F1="4.275669" intensity="1.884613e-02" type="0"/>
    <Peak1D F1="4.262924" intensity="2.732358e-02" type="0"/>
    <Peak1D F1="4.250690" intensity="2.008247e-02" type="0"/>
    <Peak1D F1="4.240284" intensity="2.099736e-02" type="0"/>
    <Peak1D F1="4.229246" intensity="3.442330e-02" type="0"/>
    <Peak1D F1="4.212839" intensity="4.947181e-02" type="0"/>
    <Peak1D F1="4.199773" intensity="6.735292e-02" type="0"/>
    <Peak1D F1="4.186922" intensity="5.257580e-02" type="0"/>
    <Peak1D F1="4.167653" intensity="1.641437e-02" type="0"/>
    <Peak1D F1="4.151234" intensity="2.176347e-02" type="0"/>
    <Peak1D F1="4.137678" intensity="3.354688e-02" type="0"/>
    <Peak1D F1="4.126062" intensity="3.042676e-02" type="0"/>
    <Peak1D F1="4.112925" intensity="2.069165e-02" type="0"/>
    <Peak1D F1="4.100726" intensity="1.651775e-02" type="0"/>
    <Peak1D F1="4.092350" intensity="1.245279e-02" type="0"/>
    <Peak1D F1="4.063454" intensity="4.323654e-02" type="0"/>
    <Peak1D F1="4.051308" intensity="8.655468e-02" type="0"/>
    <Peak1D F1="4.039263" intensity="8.452975e-02" type="0"/>
    <Peak1D F1="4.027083" intensity="4.369115e-02" type="0"/>
    <Peak1D F1="4.016187" intensity="2.835670e-02" type="0"/>
    <Peak1D F1="4.010435" intensity="2.645183e-02" type="0"/>
    <Peak1D F1="3.994126" intensity="1.897248e-02" type="0"/>
    <Peak1D F1="3.976785" intensity="1.964645e-02" type="0"/>
    <Peak1D F1="3.960728" intensity="2.941414e-02" type="0"/>
    <Peak1D F1="3.948579" intensity="4.328276e-02" type="0"/>
    <Peak1D F1="3.938742" intensity="8.251591e-02" type="0"/>
    <Peak1D F1="3.926589" intensity="1.276588e-01" type="0"/>
    <Peak1D F1="3.914002" intensity="8.383309e-02" type="0"/>
    <Peak1D F1="3.874305" intensity="3.415379e-02" type="0"/>
    <Peak1D F1="3.859402" intensity="1.002526e-01" type="0"/>
    <Peak1D F1="3.846927" intensity="1.530499e-01" type="0"/>
    <Peak1D F1="3.834741" intensity="9.177860e-02" type="0"/>
    <Peak1D F1="3.816003" intensity="3.539887e-02" type="0"/>
    <Peak1D F1="3.802467" intensity="3.504054e-02" type="0"/>
    <Peak1D F1="3.788059" intensity="4.071362e-02" type="0"/>
    <Peak1D F1="3.758883" intensity="3.414216e-02" type="0"/>
    <Peak1D F1="3.737184" intensity="8.446170e-02" type="0"/>
    <Peak1D F1="3.724518" intensity="1.136179e-01" type="0"/>
    <Peak1D F1="3.711392" intensity="9.056059e-02" type="0"/>
    <Peak1D F1="3.679523" intensity="8.465868e-01" type="0"/>
    <Peak1D F1="3.668993" intensity="1.958140e+00" type="0"/>
    <Peak1D F1="3.658408" intensity="9.767953e-01" type="0"/>
    <Peak1D F1="3.637380" intensity="6.945917e-02" type="0"/>
    <Peak1D F1="3.616532" intensity="5.159693e-02" type="0"/>
    <Peak1D F1="3.607272" intensity="4.555152e-02" type="0"/>
    <Peak1D F1="3.589585" intensity="4.293582e-02" type="0"/>
    <Peak1D F1="3.580769" intensity="4.957111e-02" type="0"/>
    <Peak1D F1="3.568252" intensity="4.433470e-02" type="0"/>
    <Peak1D F1="3.556131" intensity="4.405761e-02" type="0"/>
    <Peak1D F1="3.544649" intensity="4.866069e-02" type="0"/>
    <Peak1D F1="3.534150" intensity="4.549493e-02" type="0"/>
    <Peak1D F1="3.510655" intensity="5.791175e-02" type="0"/>
    <Peak1D F1="3.503991" intensity="6.134741e-02" type="0"/>
    <Peak1D F1="3.480037" intensity="7.615980e-02" type="0"/>
    <Peak1D F1="3.471219" intensity="7.943304e-02" type="0"/>
    <Peak1D F1="3.450425" intensity="1.152154e-01" type="0"/>
    <Peak1D F1="3.426844" intensity="7.831552e-01" type="0"/>
    <Peak1D F1="3.420380" intensity="1.219959e+00" type="0"/>
    <Peak1D F1="3.412589" intensity="1.172862e+00" type="0"/>
    <Peak1D F1="3.409825" intensity="1.187213e+00" type="0"/>
    <Peak1D F1="3.402235" intensity="2.890788e+00" type="0"/>
    <Peak1D F1="3.395647" intensity="3.541334e+00" type="0"/>
    <Peak1D F1="3.385328" intensity="2.828634e+00" type="0"/>
    <Peak1D F1="3.377458" intensity="3.556381e+00" type="0"/>
    <Peak1D F1="3.371585" intensity="3.699542e+00" type="0"/>
    <Peak1D F1="3.363591" intensity="4.820701e+00" type="0"/>
    <Peak1D F1="3.354934" intensity="4.986630e+00" type="0"/>
    <Peak1D F1="3.346736" intensity="2.692599e+00" type="0"/>
    <Peak1D F1="3.338927" intensity="2.014569e+00" type="0"/>
    <Peak1D F1="3.330178" intensity="1.785144e+00" type="0"/>
    <Peak1D F1="3.321914" intensity="7.237570e-01" type="0"/>
    <Peak1D F1="3.281574" intensity="2.946867e-02" type="0"/>
    <Peak1D F1="3.274013" intensity="3.269168e-02" type="0"/>
    <Peak1D F1="3.245935" intensity="5.484275e-02" type="0"/>
    <Peak1D F1="3.233480" intensity="8.719491e-02" type="0"/>
    <Peak1D F1="3.220972" intensity="5.522954e-02" type="0"/>
    <Peak1D F1="3.208655" intensity="3.479881e-02" type="0"/>
    <Peak1D F1="3.184206" intensity="5.393841e-02" type="0"/>
    <Peak1D F1="3.173140" intensity="9.278092e-02" type="0"/>
    <Peak1D F1="3.162099" intensity="5.615629e-02" type="0"/>
    <Peak1D F1="3.124642" intensity="3.958749e-02" type="0"/>
    <Peak1D F1="3.114558" intensity="4.192151e-02" type="0"/>
    <Peak1D F1="3.104687" intensity="5.202074e-02" type="0"/>
    <Peak1D F1="3.095830" intensity="4.745661e-02" type="0"/>
    <Peak1D F1="3.085353" intensity="4.775738e-02" type="0"/>
    <Peak1D F1="3.078969" intensity="4.886653e-02" type="0"/>
    <Peak1D F1="3.026577" intensity="1.797659e+00" type="0"/>
    <Peak1D F1="3.018916" intensity="1.971525e+00" type="0"/>
    <Peak1D F1="3.008927" intensity="1.820956e+00" type="0"/>
    <Peak1D F1="2.998034" intensity="3.379765e+00" type="0"/>
    <Peak1D F1="2.989746" intensity="3.091581e+00" type="0"/>
    <Peak1D F1="2.979999" intensity="2.857391e+00" type="0"/>
    <Peak1D F1="2.972252" intensity="2.587082e+00" type="0"/>
    <Peak1D F1="2.903439" intensity="3.158763e+00" type="0"/>
    <Peak1D F1="2.895652" intensity="4.273263e+00" type="0"/>
    <Peak1D F1="2.889024" intensity="3.149268e+00" type="0"/>
    <Peak1D F1="2.874413" intensity="2.074527e+00" type="0"/>
    <Peak1D F1="2.866095" intensity="2.562512e+00" type="0"/>
    <Peak1D F1="2.859994" intensity="1.828732e+00" type="0"/>
    <Peak1D F1="2.820204" intensity="9.298176e-03" type="0"/>
    <Peak1D F1="2.795706" intensity="2.635450e-02" type="0"/>
    <Peak1D F1="2.789017" intensity="2.790793e-02" type="0"/>
    <Peak1D F1="2.780615" intensity="2.155132e-02" type="0"/>
    <Peak1D F1="2.757840" intensity="2.282959e-02" type="0"/>
    <Peak1D F1="2.751452" intensity="1.933901e-02" type="0"/>
    <Peak1D F1="2.728931" intensity="1.711733e-02" type="0"/>
    <Peak1D F1="2.707984" intensity="1.401036e-02" type="0"/>
    <Peak1D F1="2.696036" intensity="1.435376e-02" type="0"/>
    <Peak1D F1="2.685732" intensity="1.646689e-02" type="0"/>
    <Peak1D F1="2.668652" intensity="2.218296e-02" type="0"/>
    <Peak1D F1="2.647891" intensity="2.849910e-02" type="0"/>
    <Peak1D F1="2.640584" intensity="3.258250e-02" type="0"/>
    <Peak1D F1="2.622304" intensity="3.806142e-02" type="0"/>
    <Peak1D F1="2.610429" intensity="4.828087e-02" type="0"/>
    <Peak1D F1="2.599458" intensity="5.383024e-02" type="0"/>
    <Peak1D F1="2.566465" intensity="6.140237e-01" type="0"/>
    <Peak1D F1="2.553570" intensity="1.538409e+00" type="0"/>
    <Peak1D F1="2.546478" intensity="1.478627e+00" type="0"/>
    <Peak1D F1="2.536404" intensity="2.746999e+00" type="0"/>
    <Peak1D F1="2.530836" intensity="2.357262e+00" type="0"/>
    <Peak1D F1="2.522843" intensity="2.999842e+00" type="0"/>
    <Peak1D F1="2.506647" intensity="1.970947e+00" type="0"/>
    <Peak1D F1="2.494009" intensity="7.966842e-01" type="0"/>
    <Peak1D F1="2.472477" intensity="8.199885e-01" type="0"/>
    <Peak1D F1="2.459682" intensity="2.002256e+00" type="0"/>
    <Peak1D F1="2.443572" intensity="2.971088e+00" type="0"/>
    <Peak1D F1="2.429940" intensity="2.698690e+00" type="0"/>
    <Peak1D F1="2.420088" intensity="1.375522e+00" type="0"/>
    <Peak1D F1="2.412973" intensity="1.407571e+00" type="0"/>
    <Peak1D F1="2.399950" intensity="5.046842e-01" type="0"/>
    <Peak1D F1="2.354406" intensity="8.643818e-03" type="0"/>
    <Peak1D F1="2.325994" intensity="2.336990e-02" type="0"/>
    <Peak1D F1="2.313421" intensity="3.052128e-02" type="0"/>
    <Peak1D F1="2.303076" intensity="3.264794e-02" type="0"/>
    <Peak1D F1="2.286977" intensity="3.664000e-02" type="0"/>
    <Peak1D F1="2.278650" intensity="3.290629e-02" type="0"/>
    <Peak1D F1="2.262227" intensity="2.099653e-02" type="0"/>
    <Peak1D F1="2.244534" intensity="2.382287e-02" type="0"/>
    <Peak1D F1="2.231924" intensity="3.525327e-02" type="0"/>
    <Peak1D F1="2.219390" intensity="3.275944e-02" type="0"/>
    <Peak1D F1="2.213649" intensity="4.289442e-02" type="0"/>
    <Peak1D F1="2.199687" intensity="6.488294e-02" type="0"/>
    <Peak1D F1="2.188368" intensity="4.031075e-02" type="0"/>
    <Peak1D F1="2.167925" intensity="5.765258e-02" type="0"/>
    <Peak1D F1="2.155630" intensity="6.914063e-02" type="0"/>
    <Peak1D F1="2.143218" intensity="5.689648e-02" type="0"/>
    <Peak1D F1="2.094339" intensity="6.128505e+00" type="0"/>
    <Peak1D F1="2.069533" intensity="5.356978e-02" type="0"/>
    <Peak1D F1="2.056583" intensity="5.361767e-02" type="0"/>
    <Peak1D F1="2.044267" intensity="3.213337e-02" type="0"/>
    <Peak1D F1="2.031109" intensity="1.079080e-02" type="0"/>
    <Peak1D F1="2.016023" intensity="5.577234e-03" type="0"/>
    <Peak1D F1="1.987138" intensity="3.812800e-02" type="0"/>
    <Peak1D F1="1.968093" intensity="3.529134e-02" type="0"/>
    <Peak1D F1="1.928852" intensity="3.746768e-02" type="0"/>
    <Peak1D F1="1.898814" intensity="2.398595e-02" type="0"/>
    <Peak1D F1="1.887647" intensity="2.940015e-02" type="0"/>
    <Peak1D F1="1.873906" intensity="3.131609e-02" type="0"/>
    <Peak1D F1="1.859112" intensity="4.181031e-02" type="0"/>
    <Peak1D F1="1.800419" intensity="2.576479e-01" type="0"/>
    <Peak1D F1="1.789343" intensity="1.087885e+00" type="0"/>
    <Peak1D F1="1.783614" intensity="1.444107e+00" type="0"/>
    <Peak1D F1="1.778614" intensity="2.654339e+00" type="0"/>
    <Peak1D F1="1.772985" intensity="1.815205e+00" type="0"/>
    <Peak1D F1="1.767758" intensity="1.755444e+00" type="0"/>
    <Peak1D F1="1.756716" intensity="1.241813e+00" type="0"/>
    <Peak1D F1="1.685008" intensity="2.909523e-02" type="0"/>
    <Peak1D F1="1.678924" intensity="2.582461e-02" type="0"/>
    <Peak1D F1="1.666094" intensity="2.539501e-02" type="0"/>
    <Peak1D F1="1.653769" intensity="4.306112e-02" type="0"/>
    <Peak1D F1="1.643912" intensity="3.280457e-02" type="0"/>
    <Peak1D F1="1.606649" intensity="2.593209e-02" type="0"/>
    <Peak1D F1="1.594706" intensity="2.450977e-02" type="0"/>
    <Peak1D F1="1.588698" intensity="2.684726e-02" type="0"/>
    <Peak1D F1="1.577740" intensity="2.127724e-02" type="0"/>
    <Peak1D F1="1.528801" intensity="4.889544e-02" type="0"/>
    <Peak1D F1="1.518638" intensity="7.482870e-02" type="0"/>
    <Peak1D F1="1.505899" intensity="4.814447e-02" type="0"/>
    <Peak1D F1="1.459106" intensity="1.650932e-02" type="0"/>
    <Peak1D F1="1.452621" intensity="1.559509e-02" type="0"/>
    <Peak1D F1="1.434185" intensity="2.429121e-02" type="0"/>
    <Peak1D F1="1.419403" intensity="2.726735e-02" type="0"/>
    <Peak1D F1="1.375003" intensity="2.968187e-02" type="0"/>
    <Peak1D F1="1.353949" intensity="7.618203e-02" type="0"/>
    <Peak1D F1="1.350179" intensity="6.295895e-02" type="0"/>
    <Peak1D F1="1.336113" intensity="3.934467e-02" type="0"/>
    <Peak1D F1="1.321843" intensity="1.264490e-01" type="0"/>
    <Peak1D F1="1.313257" intensity="6.356660e-02" type="0"/>
    <Peak1D F1="1.303125" intensity="5.863660e-02" type="0"/>
    <Peak1D F1="1.297737" intensity="6.151524e-02" type="0"/>
    <Peak1D F1="1.283117" intensity="7.847342e-02" type="0"/>
    <Peak1D F1="1.272663" intensity="8.616011e-02" type="0"/>
    <Peak1D F1="1.261027" intensity="1.753486e-01" type="0"/>
    <Peak1D F1="1.254458" intensity="1.531034e-01" type="0"/>
    <Peak1D F1="1.242172" intensity="2.344884e-01" type="0"/>
    <Peak1D F1="1.229594" intensity="2.393200e-01" type="0"/>
    <Peak1D F1="1.224714" intensity="2.305404e-01" type="0"/>
    <Peak1D F1="1.211275" intensity="4.841465e-01" type="0"/>
    <Peak1D F1="1.183171" intensity="1.306002e+00" type="0"/>
    <Peak1D F1="1.145421" intensity="1.174327e-01" type="0"/>
    <Peak1D F1="1.133979" intensity="1.002729e-01" type="0"/>
    <Peak1D F1="1.122757" intensity="7.896025e-02" type="0"/>
    <Peak1D F1="1.114321" intensity="7.218037e-02" type="0"/>
    <Peak1D F1="1.103027" intensity="6.420399e-02" type="0"/>
    <Peak1D F1="1.073408" intensity="3.848894e-02" type="0"/>
    <Peak1D F1="1.060907" intensity="3.127182e-02" type="0"/>
    <Peak1D F1="1.048733" intensity="2.709125e-02" type="0"/>
    <Peak1D F1="1.039236" intensity="3.358770e-02" type="0"/>
    <Peak1D F1="1.025878" intensity="3.124050e-02" type="0"/>
    <Peak1D F1="1.006011" intensity="3.710976e-02" type="0"/>
    <Peak1D F1="0.995646" intensity="3.912170e-02" type="0"/>
    <Peak1D F1="0.985481" intensity="3.434828e-02" type="0"/>
    <Peak1D F1="0.973606" intensity="3.310095e-02" type="0"/>
    <Peak1D F1="0.960743" intensity="3.725435e-02" type="0"/>
    <Peak1D F1="0.948765" intensity="4.999710e-02" type="0"/>
    <Peak1D F1="0.937321" intensity="3.674489e-02" type="0"/>
    <Peak1D F1="0.921117" intensity="2.723614e-02" type="0"/>
    <Peak1D F1="0.909906" intensity="2.747460e-02" type="0"/>
    <Peak1D F1="0.897698" intensity="4.691796e-02" type="0"/>
    <Peak1D F1="0.886653" intensity="6.037929e-02" type="0"/>
    <Peak1D F1="0.875466" intensity="3.422666e-02" type="0"/>
    <Peak1D F1="0.871807" intensity="2.892606e-02" type="0"/>
    <Peak1D F1="0.859020" intensity="3.674423e-02" type="0"/>
    <Peak1D F1="0.846557" intensity="3.404872e-02" type="0"/>
    <Peak1D F1="0.820410" intensity="2.406702e-01" type="0"/>
    <Peak1D F1="0.809417" intensity="4.695966e-01" type="0"/>
    <Peak1D F1="0.797355" intensity="3.206736e-01" type="0"/>
    <Peak1D F1="0.782702" intensity="2.478436e-01" type="0"/>
    <Peak1D F1="0.770588" intensity="3.018100e-01" type="0"/>
    <Peak1D F1="0.763051" intensity="2.489995e-01" type="0"/>
    <Peak1D F1="0.739585" intensity="1.008454e-01" type="0"/>
    <Peak1D F1="0.727107" intensity="6.919972e-02" type="0"/>
    <Peak1D F1="0.719813" intensity="4.366521e-02" type="0"/>
    <Peak1D F1="0.708117" intensity="1.230658e-02" type="0"/>
    <Peak1D F1="0.072204" intensity="1.125154e-02" type="0"/>
    <Peak1D F1="-0.000154" intensity="2.087609e-01" type="0"/>
    <Peak1D F1="-0.073286" intensity="1.621643e-02" type="0"/>
    <Peak1D F1="-1.574250" intensity="4.947604e-03" type="0"/>
    <Peak1D F1="-2.039024" intensity="4.457832e-03" type="0"/>
    <Peak1D F1="-2.565179" intensity="4.464161e-03" type="0"/>
    <Peak1D F1="-2.723680" intensity="4.302751e-03" type="0"/>
  </PeakList1D>
</PeakList>
