<?xml version="1.0" encoding="UTF-8"?>
<PeakList>
  <PeakList1D>
    <PeakList1DHeader creator="nmr600" date="2019-07-25T18:07:59.111+02:00" expNo="95" name="6Jul2519" owner="" procNo="1" source="/opt/topspin3.0/data/nmr600/nmr">
      <PeakPickDetails>F1=-44.820339ppm, F2=-105.179672ppm, MI=0.00cm, MAXI=10000.00cm, PC=1.000
      </PeakPickDetails>
    </PeakList1DHeader>
    <Peak1D F1="-50.877350" intensity="4.493520e-04" type="0"/>
    <Peak1D F1="-53.508678" intensity="3.992076e-04" type="0"/>
    <Peak1D F1="-60.208206" intensity="3.995651e-04" type="0"/>
    <Peak1D F1="-72.386703" intensity="4.591968e-04" type="0"/>
    <Peak1D F1="-72.413460" intensity="4.883120e-04" type="0"/>
    <Peak1D F1="-72.510208" intensity="1.461765e-03" type="0"/>
    <Peak1D F1="-72.780273" intensity="1.151905e-03" type="0"/>
    <Peak1D F1="-72.814186" intensity="1.039861e-03" type="0"/>
    <Peak1D F1="-73.539711" intensity="5.061392e-04" type="0"/>
    <Peak1D F1="-73.614334" intensity="4.529768e-04" type="0"/>
    <Peak1D F1="-75.185135" intensity="1.051073e-03" type="0"/>
    <Peak1D F1="-75.429001" intensity="5.193140e-04" type="0"/>
    <Peak1D F1="-75.860542" intensity="4.291799e-04" type="0"/>
    <Peak1D F1="-76.075974" intensity="4.175561e-04" type="0"/>
    <Peak1D F1="-76.109360" intensity="4.304447e-04" type="0"/>
    <Peak1D F1="-76.116554" intensity="4.717819e-04" type="0"/>
    <Peak1D F1="-76.150581" intensity="4.610528e-04" type="0"/>
    <Peak1D F1="-76.212509" intensity="5.087279e-04" type="0"/>
    <Peak1D F1="-76.384605" intensity="4.534134e-04" type="0"/>
    <Peak1D F1="-76.425468" intensity="5.671615e-04" type="0"/>
    <Peak1D F1="-76.542450" intensity="4.376606e-04" type="0"/>
    <Peak1D F1="-76.610374" intensity="5.262894e-04" type="0"/>
    <Peak1D F1="-76.625999" intensity="4.715286e-04" type="0"/>
    <Peak1D F1="-76.633499" intensity="4.711222e-04" type="0"/>
    <Peak1D F1="-76.659225" intensity="5.417002e-04" type="0"/>
    <Peak1D F1="-76.705139" intensity="5.509112e-04" type="0"/>
    <Peak1D F1="-76.789078" intensity="5.012535e-04" type="0"/>
    <Peak1D F1="-76.830414" intensity="5.474493e-04" type="0"/>
    <Peak1D F1="-76.845390" intensity="4.905695e-04" type="0"/>
    <Peak1D F1="-76.909195" intensity="5.840673e-04" type="0"/>
    <Peak1D F1="-76.976097" intensity="5.911075e-04" type="0"/>
    <Peak1D F1="-76.992958" intensity="6.017793e-04" type="0"/>
    <Peak1D F1="-77.060051" intensity="6.419015e-04" type="0"/>
    <Peak1D F1="-77.117874" intensity="5.832266e-04" type="0"/>
    <Peak1D F1="-77.127136" intensity="6.686296e-04" type="0"/>
    <Peak1D F1="-77.160088" intensity="6.156451e-04" type="0"/>
    <Peak1D F1="-77.164696" intensity="6.757217e-04" type="0"/>
    <Peak1D F1="-77.218246" intensity="5.750141e-04" type="0"/>
    <Peak1D F1="-77.272789" intensity="6.353233e-04" type="0"/>
    <Peak1D F1="-77.347481" intensity="7.427183e-04" type="0"/>
    <Peak1D F1="-77.351059" intensity="7.019332e-04" type="0"/>
    <Peak1D F1="-77.368668" intensity="8.112124e-04" type="0"/>
    <Peak1D F1="-77.393997" intensity="7.718058e-04" type="0"/>
    <Peak1D F1="-77.422760" intensity="7.622436e-04" type="0"/>
    <Peak1D F1="-77.447632" intensity="7.046471e-04" type="0"/>
    <Peak1D F1="-77.464287" intensity="8.201252e-04" type="0"/>
    <Peak1D F1="-77.485069" intensity="8.093148e-04" type="0"/>
    <Peak1D F1="-77.513763" intensity="7.700998e-04" type="0"/>
    <Peak1D F1="-77.560806" intensity="8.208447e-04" type="0"/>
    <Peak1D F1="-77.593323" intensity="8.739892e-04" type="0"/>
    <Peak1D F1="-77.610367" intensity="9.602672e-04" type="0"/>
    <Peak1D F1="-77.627136" intensity="1.156761e-03" type="0"/>
    <Peak1D F1="-77.643639" intensity="1.028280e-03" type="0"/>
    <Peak1D F1="-77.652527" intensity="1.008227e-03" type="0"/>
    <Peak1D F1="-77.677567" intensity="1.001741e-03" type="0"/>
    <Peak1D F1="-77.706436" intensity="1.011471e-03" type="0"/>
    <Peak1D F1="-77.718605" intensity="1.107007e-03" type="0"/>
    <Peak1D F1="-77.756203" intensity="1.239837e-03" type="0"/>
    <Peak1D F1="-77.765182" intensity="1.154869e-03" type="0"/>
    <Peak1D F1="-77.777237" intensity="1.235492e-03" type="0"/>
    <Peak1D F1="-77.789391" intensity="1.218652e-03" type="0"/>
    <Peak1D F1="-77.797874" intensity="1.271790e-03" type="0"/>
    <Peak1D F1="-77.802216" intensity="1.366862e-03" type="0"/>
    <Peak1D F1="-77.815750" intensity="1.424701e-03" type="0"/>
    <Peak1D F1="-77.823578" intensity="1.387541e-03" type="0"/>
    <Peak1D F1="-77.827301" intensity="1.418292e-03" type="0"/>
    <Peak1D F1="-77.835358" intensity="1.425227e-03" type="0"/>
    <Peak1D F1="-77.847504" intensity="1.459260e-03" type="0"/>
    <Peak1D F1="-77.852745" intensity="1.509697e-03" type="0"/>
    <Peak1D F1="-77.856606" intensity="1.442470e-03" type="0"/>
    <Peak1D F1="-77.864555" intensity="1.729736e-03" type="0"/>
    <Peak1D F1="-77.869217" intensity="1.557162e-03" type="0"/>
    <Peak1D F1="-77.873688" intensity="1.663740e-03" type="0"/>
    <Peak1D F1="-77.877602" intensity="1.659530e-03" type="0"/>
    <Peak1D F1="-77.885887" intensity="1.844291e-03" type="0"/>
    <Peak1D F1="-77.889793" intensity="1.756100e-03" type="0"/>
    <Peak1D F1="-77.898338" intensity="1.913986e-03" type="0"/>
    <Peak1D F1="-77.902939" intensity="1.820137e-03" type="0"/>
    <Peak1D F1="-77.910805" intensity="1.724540e-03" type="0"/>
    <Peak1D F1="-77.918877" intensity="1.901473e-03" type="0"/>
    <Peak1D F1="-77.923584" intensity="1.971414e-03" type="0"/>
    <Peak1D F1="-77.931892" intensity="2.079143e-03" type="0"/>
    <Peak1D F1="-77.935844" intensity="2.135348e-03" type="0"/>
    <Peak1D F1="-77.940208" intensity="2.018576e-03" type="0"/>
    <Peak1D F1="-77.944206" intensity="2.182028e-03" type="0"/>
    <Peak1D F1="-77.948021" intensity="2.317920e-03" type="0"/>
    <Peak1D F1="-77.952347" intensity="2.216300e-03" type="0"/>
    <Peak1D F1="-77.956589" intensity="2.152562e-03" type="0"/>
    <Peak1D F1="-77.965042" intensity="2.249287e-03" type="0"/>
    <Peak1D F1="-77.969193" intensity="2.423362e-03" type="0"/>
    <Peak1D F1="-77.973480" intensity="2.681417e-03" type="0"/>
    <Peak1D F1="-77.977417" intensity="2.562855e-03" type="0"/>
    <Peak1D F1="-77.981606" intensity="2.697122e-03" type="0"/>
    <Peak1D F1="-77.985809" intensity="2.619871e-03" type="0"/>
    <Peak1D F1="-77.990089" intensity="2.555248e-03" type="0"/>
    <Peak1D F1="-77.994110" intensity="2.665976e-03" type="0"/>
    <Peak1D F1="-77.998405" intensity="2.978276e-03" type="0"/>
    <Peak1D F1="-78.002686" intensity="2.805778e-03" type="0"/>
    <Peak1D F1="-78.006683" intensity="2.900677e-03" type="0"/>
    <Peak1D F1="-78.011078" intensity="3.268462e-03" type="0"/>
    <Peak1D F1="-78.015450" intensity="3.245068e-03" type="0"/>
    <Peak1D F1="-78.019287" intensity="3.321179e-03" type="0"/>
    <Peak1D F1="-78.023346" intensity="3.489869e-03" type="0"/>
    <Peak1D F1="-78.027756" intensity="3.420406e-03" type="0"/>
    <Peak1D F1="-78.031746" intensity="3.667900e-03" type="0"/>
    <Peak1D F1="-78.036224" intensity="3.856593e-03" type="0"/>
    <Peak1D F1="-78.040642" intensity="4.642814e-03" type="0"/>
    <Peak1D F1="-78.056297" intensity="8.685355e-02" type="0"/>
    <Peak1D F1="-78.061577" intensity="9.758241e-03" type="0"/>
    <Peak1D F1="-78.069336" intensity="5.108569e-03" type="0"/>
    <Peak1D F1="-78.073578" intensity="5.077681e-03" type="0"/>
    <Peak1D F1="-78.077705" intensity="5.334421e-03" type="0"/>
    <Peak1D F1="-78.081512" intensity="5.534146e-03" type="0"/>
    <Peak1D F1="-78.085869" intensity="5.601396e-03" type="0"/>
    <Peak1D F1="-78.090248" intensity="5.869281e-03" type="0"/>
    <Peak1D F1="-78.094688" intensity="6.295570e-03" type="0"/>
    <Peak1D F1="-78.098526" intensity="6.651174e-03" type="0"/>
    <Peak1D F1="-78.102722" intensity="7.020882e-03" type="0"/>
    <Peak1D F1="-78.106674" intensity="7.271023e-03" type="0"/>
    <Peak1D F1="-78.111038" intensity="7.770151e-03" type="0"/>
    <Peak1D F1="-78.115318" intensity="8.091675e-03" type="0"/>
    <Peak1D F1="-78.119461" intensity="8.701523e-03" type="0"/>
    <Peak1D F1="-78.123451" intensity="8.338330e-03" type="0"/>
    <Peak1D F1="-78.127876" intensity="1.014564e-02" type="0"/>
    <Peak1D F1="-78.132050" intensity="1.149760e-02" type="0"/>
    <Peak1D F1="-78.136589" intensity="1.299604e-02" type="0"/>
    <Peak1D F1="-78.140892" intensity="2.633577e-02" type="0"/>
    <Peak1D F1="-78.144119" intensity="1.582636e-02" type="0"/>
    <Peak1D F1="-78.148750" intensity="1.676870e-02" type="0"/>
    <Peak1D F1="-78.153015" intensity="1.888870e-02" type="0"/>
    <Peak1D F1="-78.157059" intensity="2.035082e-02" type="0"/>
    <Peak1D F1="-78.161766" intensity="2.343307e-02" type="0"/>
    <Peak1D F1="-78.165878" intensity="2.965700e-02" type="0"/>
    <Peak1D F1="-78.176323" intensity="5.586867e-02" type="0"/>
    <Peak1D F1="-78.211655" intensity="1.500000e+01" type="0"/>
    <Peak1D F1="-78.217018" intensity="1.109104e+00" type="0"/>
    <Peak1D F1="-78.237846" intensity="3.508521e-02" type="0"/>
    <Peak1D F1="-78.241707" intensity="2.563165e-02" type="0"/>
    <Peak1D F1="-78.246582" intensity="3.071101e-02" type="0"/>
    <Peak1D F1="-78.258965" intensity="8.262363e-03" type="0"/>
    <Peak1D F1="-78.263000" intensity="8.280231e-03" type="0"/>
    <Peak1D F1="-78.267242" intensity="5.302184e-03" type="0"/>
    <Peak1D F1="-78.271347" intensity="3.973258e-03" type="0"/>
    <Peak1D F1="-78.275673" intensity="2.402123e-03" type="0"/>
    <Peak1D F1="-78.280159" intensity="2.120277e-03" type="0"/>
    <Peak1D F1="-78.622536" intensity="8.565054e-02" type="0"/>
    <Peak1D F1="-92.444359" intensity="3.947709e-04" type="0"/>
    <Peak1D F1="-101.721764" intensity="4.067511e-04" type="0"/>
  </PeakList1D>
</PeakList>
