<?xml version="1.0" encoding="UTF-8"?>
<PeakList>
  <PeakList1D>
    <PeakList1DHeader creator="nmrsu" date="2019-03-01T11:05:44.794-03:00" expNo="1" name="2B208_MS305f1" owner="" procNo="1" source="C:/NMRData/data/marcio_marilia/nmr">
      <PeakPickDetails>F1=15.992320ppm, F2=-1.046744ppm, MI=0.00cm, MAXI=10000.00cm, PC=1.000
      </PeakPickDetails>
    </PeakList1DHeader>
    <Peak1D F1="15.587382" intensity="1.686796e-002" type="0"/>
    <Peak1D F1="12.216041" intensity="1.670430e-002" type="0"/>
    <Peak1D F1="8.556067" intensity="2.514484e-002" type="0"/>
    <Peak1D F1="8.538656" intensity="2.842968e-002" type="0"/>
    <Peak1D F1="8.535728" intensity="2.773518e-002" type="0"/>
    <Peak1D F1="8.402636" intensity="2.781263e-002" type="0"/>
    <Peak1D F1="8.397513" intensity="2.719099e-002" type="0"/>
    <Peak1D F1="8.368079" intensity="1.675154e-002" type="0"/>
    <Peak1D F1="8.361873" intensity="2.263567e-002" type="0"/>
    <Peak1D F1="8.356533" intensity="1.772608e-002" type="0"/>
    <Peak1D F1="8.354674" intensity="1.870235e-002" type="0"/>
    <Peak1D F1="8.341502" intensity="1.767944e-002" type="0"/>
    <Peak1D F1="8.339780" intensity="2.113650e-002" type="0"/>
    <Peak1D F1="8.326189" intensity="3.165109e-002" type="0"/>
    <Peak1D F1="8.315825" intensity="3.190979e-002" type="0"/>
    <Peak1D F1="8.295566" intensity="5.016202e-002" type="0"/>
    <Peak1D F1="8.236248" intensity="1.245817e+000" type="0"/>
    <Peak1D F1="8.190473" intensity="1.091035e-001" type="0"/>
    <Peak1D F1="8.164551" intensity="6.330780e-002" type="0"/>
    <Peak1D F1="8.157057" intensity="4.938101e-002" type="0"/>
    <Peak1D F1="8.156416" intensity="5.055176e-002" type="0"/>
    <Peak1D F1="8.141217" intensity="3.650394e-002" type="0"/>
    <Peak1D F1="8.138481" intensity="3.716708e-002" type="0"/>
    <Peak1D F1="8.137453" intensity="3.755553e-002" type="0"/>
    <Peak1D F1="8.127625" intensity="3.410296e-002" type="0"/>
    <Peak1D F1="8.106241" intensity="7.183189e-002" type="0"/>
    <Peak1D F1="8.090227" intensity="2.564850e-002" type="0"/>
    <Peak1D F1="8.087068" intensity="2.637758e-002" type="0"/>
    <Peak1D F1="8.085980" intensity="2.666753e-002" type="0"/>
    <Peak1D F1="8.082047" intensity="2.334629e-002" type="0"/>
    <Peak1D F1="8.078146" intensity="2.502701e-002" type="0"/>
    <Peak1D F1="8.074341" intensity="2.106230e-002" type="0"/>
    <Peak1D F1="8.053829" intensity="1.843165e-002" type="0"/>
    <Peak1D F1="8.010365" intensity="2.532074e-002" type="0"/>
    <Peak1D F1="7.990252" intensity="2.474354e-002" type="0"/>
    <Peak1D F1="7.988816" intensity="1.965073e-002" type="0"/>
    <Peak1D F1="7.833084" intensity="3.370733e-002" type="0"/>
    <Peak1D F1="7.811871" intensity="2.122285e+000" type="0"/>
    <Peak1D F1="7.792348" intensity="2.280614e+000" type="0"/>
    <Peak1D F1="7.755037" intensity="5.097499e-002" type="0"/>
    <Peak1D F1="7.740928" intensity="4.352656e-002" type="0"/>
    <Peak1D F1="7.736066" intensity="4.348709e-002" type="0"/>
    <Peak1D F1="7.710082" intensity="5.888406e-002" type="0"/>
    <Peak1D F1="7.690794" intensity="7.036006e-002" type="0"/>
    <Peak1D F1="7.668623" intensity="3.689229e-002" type="0"/>
    <Peak1D F1="7.657717" intensity="2.915142e-002" type="0"/>
    <Peak1D F1="7.656417" intensity="3.240395e-002" type="0"/>
    <Peak1D F1="7.647429" intensity="3.654357e-002" type="0"/>
    <Peak1D F1="7.643772" intensity="3.560907e-002" type="0"/>
    <Peak1D F1="7.639817" intensity="3.595993e-002" type="0"/>
    <Peak1D F1="7.638522" intensity="3.447821e-002" type="0"/>
    <Peak1D F1="7.632014" intensity="3.072512e-002" type="0"/>
    <Peak1D F1="7.630754" intensity="3.274034e-002" type="0"/>
    <Peak1D F1="7.629736" intensity="3.104398e-002" type="0"/>
    <Peak1D F1="7.625233" intensity="3.553006e-002" type="0"/>
    <Peak1D F1="7.618008" intensity="3.553426e-002" type="0"/>
    <Peak1D F1="7.612369" intensity="4.063884e-002" type="0"/>
    <Peak1D F1="7.608920" intensity="4.327978e-002" type="0"/>
    <Peak1D F1="7.600052" intensity="4.092335e-002" type="0"/>
    <Peak1D F1="7.599158" intensity="4.262212e-002" type="0"/>
    <Peak1D F1="7.595440" intensity="4.073866e-002" type="0"/>
    <Peak1D F1="7.585336" intensity="4.594843e-002" type="0"/>
    <Peak1D F1="7.581140" intensity="4.592983e-002" type="0"/>
    <Peak1D F1="7.558869" intensity="4.838388e-002" type="0"/>
    <Peak1D F1="7.556831" intensity="4.362532e-002" type="0"/>
    <Peak1D F1="7.550605" intensity="3.608119e-002" type="0"/>
    <Peak1D F1="7.516078" intensity="5.201687e-002" type="0"/>
    <Peak1D F1="7.506462" intensity="3.911130e-002" type="0"/>
    <Peak1D F1="7.503369" intensity="3.855700e-002" type="0"/>
    <Peak1D F1="7.489790" intensity="4.360659e-002" type="0"/>
    <Peak1D F1="7.485119" intensity="5.944478e-002" type="0"/>
    <Peak1D F1="7.478887" intensity="4.720983e-002" type="0"/>
    <Peak1D F1="7.467453" intensity="3.435051e-002" type="0"/>
    <Peak1D F1="7.462801" intensity="3.633368e-002" type="0"/>
    <Peak1D F1="7.451576" intensity="3.590479e-002" type="0"/>
    <Peak1D F1="7.443291" intensity="3.758585e-002" type="0"/>
    <Peak1D F1="7.428241" intensity="4.922779e-002" type="0"/>
    <Peak1D F1="7.408473" intensity="7.134886e-002" type="0"/>
    <Peak1D F1="7.397830" intensity="5.555294e-002" type="0"/>
    <Peak1D F1="7.388155" intensity="6.035386e-002" type="0"/>
    <Peak1D F1="7.378829" intensity="6.517087e-002" type="0"/>
    <Peak1D F1="7.373306" intensity="6.313539e-002" type="0"/>
    <Peak1D F1="7.349378" intensity="8.452323e-002" type="0"/>
    <Peak1D F1="7.342388" intensity="7.791214e-002" type="0"/>
    <Peak1D F1="7.334653" intensity="9.360617e-002" type="0"/>
    <Peak1D F1="7.329406" intensity="1.023655e-001" type="0"/>
    <Peak1D F1="7.303271" intensity="1.380814e+000" type="0"/>
    <Peak1D F1="7.283116" intensity="2.563499e+000" type="0"/>
    <Peak1D F1="7.256927" intensity="6.457484e+000" type="0"/>
    <Peak1D F1="7.230701" intensity="3.473268e+000" type="0"/>
    <Peak1D F1="7.210619" intensity="5.338948e+000" type="0"/>
    <Peak1D F1="7.191670" intensity="3.691419e+000" type="0"/>
    <Peak1D F1="7.156648" intensity="1.723709e+000" type="0"/>
    <Peak1D F1="7.139091" intensity="2.892363e+000" type="0"/>
    <Peak1D F1="7.127854" intensity="2.822506e+000" type="0"/>
    <Peak1D F1="7.109843" intensity="1.057067e+000" type="0"/>
    <Peak1D F1="7.077824" intensity="5.106409e+000" type="0"/>
    <Peak1D F1="7.058427" intensity="4.112941e+000" type="0"/>
    <Peak1D F1="7.028522" intensity="1.612739e-001" type="0"/>
    <Peak1D F1="7.010899" intensity="1.457491e-001" type="0"/>
    <Peak1D F1="6.991215" intensity="1.230172e-001" type="0"/>
    <Peak1D F1="6.975546" intensity="6.973108e-002" type="0"/>
    <Peak1D F1="6.971088" intensity="6.672767e-002" type="0"/>
    <Peak1D F1="6.963005" intensity="7.372452e-002" type="0"/>
    <Peak1D F1="6.942047" intensity="6.791315e-002" type="0"/>
    <Peak1D F1="6.918554" intensity="5.621711e-002" type="0"/>
    <Peak1D F1="6.905110" intensity="4.799717e-002" type="0"/>
    <Peak1D F1="6.875462" intensity="5.394932e-002" type="0"/>
    <Peak1D F1="6.859827" intensity="4.087042e-002" type="0"/>
    <Peak1D F1="6.858342" intensity="4.741432e-002" type="0"/>
    <Peak1D F1="6.854944" intensity="5.653248e-002" type="0"/>
    <Peak1D F1="6.837306" intensity="3.716478e-002" type="0"/>
    <Peak1D F1="6.825732" intensity="6.050515e-002" type="0"/>
    <Peak1D F1="6.808846" intensity="6.025678e-002" type="0"/>
    <Peak1D F1="6.806833" intensity="6.185743e-002" type="0"/>
    <Peak1D F1="6.800260" intensity="3.235161e-002" type="0"/>
    <Peak1D F1="6.774970" intensity="2.853971e-002" type="0"/>
    <Peak1D F1="6.764920" intensity="2.788163e-002" type="0"/>
    <Peak1D F1="6.752738" intensity="3.590376e-002" type="0"/>
    <Peak1D F1="6.734014" intensity="2.390334e-002" type="0"/>
    <Peak1D F1="6.727724" intensity="2.406473e-002" type="0"/>
    <Peak1D F1="6.707761" intensity="2.565024e-002" type="0"/>
    <Peak1D F1="6.701212" intensity="2.576206e-002" type="0"/>
    <Peak1D F1="6.696557" intensity="2.042731e-002" type="0"/>
    <Peak1D F1="6.687219" intensity="2.035225e-002" type="0"/>
    <Peak1D F1="6.677082" intensity="2.331329e-002" type="0"/>
    <Peak1D F1="6.671042" intensity="1.832003e-002" type="0"/>
    <Peak1D F1="6.664361" intensity="2.179540e-002" type="0"/>
    <Peak1D F1="6.645157" intensity="2.482138e-002" type="0"/>
    <Peak1D F1="6.634695" intensity="1.874235e-002" type="0"/>
    <Peak1D F1="6.631880" intensity="1.715299e-002" type="0"/>
    <Peak1D F1="6.616976" intensity="1.905552e-002" type="0"/>
    <Peak1D F1="6.614425" intensity="1.834127e-002" type="0"/>
    <Peak1D F1="6.604771" intensity="1.742137e-002" type="0"/>
    <Peak1D F1="6.591762" intensity="1.719193e-002" type="0"/>
    <Peak1D F1="6.534565" intensity="1.690626e-002" type="0"/>
    <Peak1D F1="6.529159" intensity="1.910623e-002" type="0"/>
    <Peak1D F1="6.502613" intensity="1.664927e-002" type="0"/>
    <Peak1D F1="5.861014" intensity="8.714306e-002" type="0"/>
    <Peak1D F1="5.768239" intensity="2.427619e-002" type="0"/>
    <Peak1D F1="5.716717" intensity="4.250528e-002" type="0"/>
    <Peak1D F1="5.711194" intensity="3.192244e-002" type="0"/>
    <Peak1D F1="5.705816" intensity="1.906295e-002" type="0"/>
    <Peak1D F1="5.287361" intensity="2.000794e-002" type="0"/>
    <Peak1D F1="5.140034" intensity="1.862413e-002" type="0"/>
    <Peak1D F1="5.127351" intensity="3.320573e-002" type="0"/>
    <Peak1D F1="5.106392" intensity="2.178622e-002" type="0"/>
    <Peak1D F1="4.895592" intensity="1.697050e-002" type="0"/>
    <Peak1D F1="4.217295" intensity="1.819689e-002" type="0"/>
    <Peak1D F1="4.210260" intensity="2.144948e-002" type="0"/>
    <Peak1D F1="4.203727" intensity="2.304442e-002" type="0"/>
    <Peak1D F1="4.190753" intensity="2.324473e-002" type="0"/>
    <Peak1D F1="4.181126" intensity="2.495894e-002" type="0"/>
    <Peak1D F1="4.145217" intensity="3.946487e-002" type="0"/>
    <Peak1D F1="4.136954" intensity="2.226375e-002" type="0"/>
    <Peak1D F1="4.128063" intensity="9.514888e-002" type="0"/>
    <Peak1D F1="4.110425" intensity="9.401917e-002" type="0"/>
    <Peak1D F1="4.094307" intensity="8.120481e-002" type="0"/>
    <Peak1D F1="4.080240" intensity="2.273341e-002" type="0"/>
    <Peak1D F1="4.071927" intensity="2.543618e-002" type="0"/>
    <Peak1D F1="4.051967" intensity="3.908768e-002" type="0"/>
    <Peak1D F1="4.051122" intensity="3.364643e-002" type="0"/>
    <Peak1D F1="4.033940" intensity="2.823808e-002" type="0"/>
    <Peak1D F1="4.029008" intensity="2.430471e-002" type="0"/>
    <Peak1D F1="4.023530" intensity="2.941751e-002" type="0"/>
    <Peak1D F1="4.018344" intensity="3.245931e-002" type="0"/>
    <Peak1D F1="4.000931" intensity="4.021557e-002" type="0"/>
    <Peak1D F1="3.998571" intensity="4.421657e-002" type="0"/>
    <Peak1D F1="3.990062" intensity="5.317191e-002" type="0"/>
    <Peak1D F1="3.962726" intensity="1.536709e-001" type="0"/>
    <Peak1D F1="3.937357" intensity="1.032084e+001" type="0"/>
    <Peak1D F1="3.911762" intensity="4.659199e-002" type="0"/>
    <Peak1D F1="3.855597" intensity="2.327625e-002" type="0"/>
    <Peak1D F1="3.776054" intensity="6.161648e-002" type="0"/>
    <Peak1D F1="3.747701" intensity="5.827772e-002" type="0"/>
    <Peak1D F1="3.739619" intensity="3.496124e-002" type="0"/>
    <Peak1D F1="3.715932" intensity="2.893183e-002" type="0"/>
    <Peak1D F1="3.695140" intensity="2.753068e-002" type="0"/>
    <Peak1D F1="3.689942" intensity="3.271170e-002" type="0"/>
    <Peak1D F1="3.685041" intensity="2.920757e-002" type="0"/>
    <Peak1D F1="3.682461" intensity="2.790244e-002" type="0"/>
    <Peak1D F1="3.679588" intensity="2.596007e-002" type="0"/>
    <Peak1D F1="3.666629" intensity="3.127244e-002" type="0"/>
    <Peak1D F1="3.648630" intensity="2.733538e-002" type="0"/>
    <Peak1D F1="3.620553" intensity="2.319903e-002" type="0"/>
    <Peak1D F1="3.605799" intensity="2.842114e-002" type="0"/>
    <Peak1D F1="3.599353" intensity="2.931048e-002" type="0"/>
    <Peak1D F1="3.581333" intensity="3.224909e-002" type="0"/>
    <Peak1D F1="3.579427" intensity="2.967712e-002" type="0"/>
    <Peak1D F1="3.569842" intensity="2.243233e-002" type="0"/>
    <Peak1D F1="3.562084" intensity="2.372480e-002" type="0"/>
    <Peak1D F1="3.549132" intensity="2.951956e-002" type="0"/>
    <Peak1D F1="3.536304" intensity="4.508179e-002" type="0"/>
    <Peak1D F1="3.534032" intensity="4.598438e-002" type="0"/>
    <Peak1D F1="3.532422" intensity="4.270611e-002" type="0"/>
    <Peak1D F1="3.514920" intensity="1.791242e-001" type="0"/>
    <Peak1D F1="3.478596" intensity="6.510622e-002" type="0"/>
    <Peak1D F1="3.473149" intensity="4.189488e-002" type="0"/>
    <Peak1D F1="3.462524" intensity="3.072867e-002" type="0"/>
    <Peak1D F1="3.452866" intensity="3.193640e-002" type="0"/>
    <Peak1D F1="3.435955" intensity="5.128023e-002" type="0"/>
    <Peak1D F1="3.396685" intensity="2.276458e-002" type="0"/>
    <Peak1D F1="3.387333" intensity="2.107186e-002" type="0"/>
    <Peak1D F1="3.381312" intensity="1.982286e-002" type="0"/>
    <Peak1D F1="3.377397" intensity="2.068565e-002" type="0"/>
    <Peak1D F1="3.372276" intensity="1.993716e-002" type="0"/>
    <Peak1D F1="3.357197" intensity="2.503119e-002" type="0"/>
    <Peak1D F1="3.335137" intensity="2.529143e-002" type="0"/>
    <Peak1D F1="3.327053" intensity="3.335731e-002" type="0"/>
    <Peak1D F1="3.323595" intensity="3.550938e-002" type="0"/>
    <Peak1D F1="3.317369" intensity="3.486243e-002" type="0"/>
    <Peak1D F1="3.285462" intensity="3.117622e-002" type="0"/>
    <Peak1D F1="3.273213" intensity="2.758203e-002" type="0"/>
    <Peak1D F1="3.266189" intensity="2.771839e-002" type="0"/>
    <Peak1D F1="3.258631" intensity="2.572584e-002" type="0"/>
    <Peak1D F1="3.251138" intensity="3.121488e-002" type="0"/>
    <Peak1D F1="3.243866" intensity="2.929574e-002" type="0"/>
    <Peak1D F1="3.239342" intensity="2.771614e-002" type="0"/>
    <Peak1D F1="3.230561" intensity="3.004463e-002" type="0"/>
    <Peak1D F1="3.225380" intensity="2.472164e-002" type="0"/>
    <Peak1D F1="3.221004" intensity="2.923715e-002" type="0"/>
    <Peak1D F1="3.218640" intensity="3.352296e-002" type="0"/>
    <Peak1D F1="3.207092" intensity="2.960787e-002" type="0"/>
    <Peak1D F1="3.183575" intensity="3.482409e-002" type="0"/>
    <Peak1D F1="3.161824" intensity="1.184397e-001" type="0"/>
    <Peak1D F1="3.132511" intensity="4.808785e-002" type="0"/>
    <Peak1D F1="3.123840" intensity="5.088914e-002" type="0"/>
    <Peak1D F1="3.096445" intensity="6.254385e-002" type="0"/>
    <Peak1D F1="3.081601" intensity="8.459986e-002" type="0"/>
    <Peak1D F1="3.067077" intensity="1.545967e-001" type="0"/>
    <Peak1D F1="2.992560" intensity="1.500000e+001" type="0"/>
    <Peak1D F1="2.954470" intensity="9.606133e-002" type="0"/>
    <Peak1D F1="2.950073" intensity="1.143124e-001" type="0"/>
    <Peak1D F1="2.948728" intensity="1.110102e-001" type="0"/>
    <Peak1D F1="2.897248" intensity="1.422613e+001" type="0"/>
    <Peak1D F1="2.820025" intensity="6.108719e-002" type="0"/>
    <Peak1D F1="2.723343" intensity="6.512777e-002" type="0"/>
    <Peak1D F1="2.708425" intensity="2.126003e-001" type="0"/>
    <Peak1D F1="2.687673" intensity="3.712580e-002" type="0"/>
    <Peak1D F1="2.654960" intensity="2.611693e-001" type="0"/>
    <Peak1D F1="2.616223" intensity="3.360543e-002" type="0"/>
    <Peak1D F1="2.604550" intensity="2.519022e-002" type="0"/>
    <Peak1D F1="2.524801" intensity="2.461813e-001" type="0"/>
    <Peak1D F1="2.404588" intensity="1.844663e-002" type="0"/>
    <Peak1D F1="2.373412" intensity="2.135698e-002" type="0"/>
    <Peak1D F1="2.362419" intensity="1.652370e-002" type="0"/>
    <Peak1D F1="2.353553" intensity="1.833801e-002" type="0"/>
    <Peak1D F1="2.336803" intensity="6.529877e-002" type="0"/>
    <Peak1D F1="2.335456" intensity="6.576615e-002" type="0"/>
    <Peak1D F1="2.312750" intensity="7.733569e-002" type="0"/>
    <Peak1D F1="2.304713" intensity="5.581387e-002" type="0"/>
    <Peak1D F1="2.287092" intensity="2.536449e-002" type="0"/>
    <Peak1D F1="2.280096" intensity="2.339242e-002" type="0"/>
    <Peak1D F1="2.257829" intensity="2.142567e-002" type="0"/>
    <Peak1D F1="2.243405" intensity="3.584582e-002" type="0"/>
    <Peak1D F1="2.208528" intensity="2.846791e-002" type="0"/>
    <Peak1D F1="2.206939" intensity="3.209829e-002" type="0"/>
    <Peak1D F1="2.204340" intensity="3.115288e-002" type="0"/>
    <Peak1D F1="2.187630" intensity="2.263960e-002" type="0"/>
    <Peak1D F1="2.168572" intensity="6.589193e-002" type="0"/>
    <Peak1D F1="2.153679" intensity="2.283986e-002" type="0"/>
    <Peak1D F1="2.130783" intensity="6.659217e-002" type="0"/>
    <Peak1D F1="2.111320" intensity="2.600048e-002" type="0"/>
    <Peak1D F1="2.101118" intensity="2.621396e-002" type="0"/>
    <Peak1D F1="2.095152" intensity="3.277211e-002" type="0"/>
    <Peak1D F1="2.079889" intensity="3.448638e-002" type="0"/>
    <Peak1D F1="2.042439" intensity="4.562440e-001" type="0"/>
    <Peak1D F1="2.014084" intensity="4.998249e-002" type="0"/>
    <Peak1D F1="2.005384" intensity="4.693411e-002" type="0"/>
    <Peak1D F1="1.965976" intensity="3.767113e-002" type="0"/>
    <Peak1D F1="1.953722" intensity="4.332105e-002" type="0"/>
    <Peak1D F1="1.938146" intensity="4.547661e-002" type="0"/>
    <Peak1D F1="1.931852" intensity="4.768036e-002" type="0"/>
    <Peak1D F1="1.922577" intensity="5.103023e-002" type="0"/>
    <Peak1D F1="1.919929" intensity="5.369211e-002" type="0"/>
    <Peak1D F1="1.915064" intensity="5.471185e-002" type="0"/>
    <Peak1D F1="1.913461" intensity="5.404974e-002" type="0"/>
    <Peak1D F1="1.907168" intensity="5.731297e-002" type="0"/>
    <Peak1D F1="1.894687" intensity="5.739971e-002" type="0"/>
    <Peak1D F1="1.877129" intensity="6.534924e-002" type="0"/>
    <Peak1D F1="1.861671" intensity="7.141948e-002" type="0"/>
    <Peak1D F1="1.848756" intensity="8.659481e-002" type="0"/>
    <Peak1D F1="1.822297" intensity="1.088632e-001" type="0"/>
    <Peak1D F1="1.810928" intensity="1.510203e-001" type="0"/>
    <Peak1D F1="1.806275" intensity="1.518998e-001" type="0"/>
    <Peak1D F1="1.789179" intensity="1.671377e-001" type="0"/>
    <Peak1D F1="1.776944" intensity="2.021131e-001" type="0"/>
    <Peak1D F1="1.751236" intensity="2.484628e-001" type="0"/>
    <Peak1D F1="1.676591" intensity="8.708354e-001" type="0"/>
    <Peak1D F1="1.565077" intensity="1.684607e-001" type="0"/>
    <Peak1D F1="1.515125" intensity="8.425957e-002" type="0"/>
    <Peak1D F1="1.496675" intensity="8.055966e-002" type="0"/>
    <Peak1D F1="1.494622" intensity="7.680681e-002" type="0"/>
    <Peak1D F1="1.486773" intensity="7.493486e-002" type="0"/>
    <Peak1D F1="1.485721" intensity="7.750461e-002" type="0"/>
    <Peak1D F1="1.479307" intensity="7.059265e-002" type="0"/>
    <Peak1D F1="1.474843" intensity="6.730189e-002" type="0"/>
    <Peak1D F1="1.463948" intensity="6.545314e-002" type="0"/>
    <Peak1D F1="1.452749" intensity="5.704814e-002" type="0"/>
    <Peak1D F1="1.445493" intensity="6.076812e-002" type="0"/>
    <Peak1D F1="1.438419" intensity="6.027462e-002" type="0"/>
    <Peak1D F1="1.423322" intensity="8.212666e-002" type="0"/>
    <Peak1D F1="1.410130" intensity="6.049170e-002" type="0"/>
    <Peak1D F1="1.391349" intensity="7.363784e-002" type="0"/>
    <Peak1D F1="1.366408" intensity="9.615472e-002" type="0"/>
    <Peak1D F1="1.348534" intensity="9.927420e-002" type="0"/>
    <Peak1D F1="1.339112" intensity="1.139209e-001" type="0"/>
    <Peak1D F1="1.331785" intensity="1.500673e-001" type="0"/>
    <Peak1D F1="1.322227" intensity="1.574676e-001" type="0"/>
    <Peak1D F1="1.304536" intensity="1.989872e-001" type="0"/>
    <Peak1D F1="1.272560" intensity="3.694846e-001" type="0"/>
    <Peak1D F1="1.254513" intensity="1.662606e+000" type="0"/>
    <Peak1D F1="1.239758" intensity="2.551998e-001" type="0"/>
    <Peak1D F1="1.212753" intensity="1.322965e-001" type="0"/>
    <Peak1D F1="1.198429" intensity="9.669100e-002" type="0"/>
    <Peak1D F1="1.185459" intensity="7.094453e-002" type="0"/>
    <Peak1D F1="1.178113" intensity="6.142156e-002" type="0"/>
    <Peak1D F1="1.161161" intensity="5.022224e-002" type="0"/>
    <Peak1D F1="1.139991" intensity="4.651219e-002" type="0"/>
    <Peak1D F1="1.134238" intensity="5.160899e-002" type="0"/>
    <Peak1D F1="1.099114" intensity="5.270517e-002" type="0"/>
    <Peak1D F1="1.090015" intensity="5.041756e-002" type="0"/>
    <Peak1D F1="1.087738" intensity="4.748162e-002" type="0"/>
    <Peak1D F1="1.073148" intensity="4.738279e-002" type="0"/>
    <Peak1D F1="1.055924" intensity="4.080425e-002" type="0"/>
    <Peak1D F1="1.044463" intensity="4.380746e-002" type="0"/>
    <Peak1D F1="1.038274" intensity="4.775053e-002" type="0"/>
    <Peak1D F1="1.023772" intensity="4.427430e-002" type="0"/>
    <Peak1D F1="1.021427" intensity="5.023136e-002" type="0"/>
    <Peak1D F1="1.015190" intensity="4.672355e-002" type="0"/>
    <Peak1D F1="1.009174" intensity="4.797523e-002" type="0"/>
    <Peak1D F1="0.962637" intensity="3.408878e-002" type="0"/>
    <Peak1D F1="0.957067" intensity="3.191901e-002" type="0"/>
    <Peak1D F1="0.954099" intensity="3.347760e-002" type="0"/>
    <Peak1D F1="0.946256" intensity="4.731081e-002" type="0"/>
    <Peak1D F1="0.935289" intensity="4.618543e-002" type="0"/>
    <Peak1D F1="0.929698" intensity="5.187349e-002" type="0"/>
    <Peak1D F1="0.920772" intensity="6.931702e-002" type="0"/>
    <Peak1D F1="0.894250" intensity="1.621052e-001" type="0"/>
    <Peak1D F1="0.878353" intensity="2.347257e-001" type="0"/>
    <Peak1D F1="0.870064" intensity="1.440406e-001" type="0"/>
    <Peak1D F1="0.858559" intensity="2.128458e-001" type="0"/>
    <Peak1D F1="0.852192" intensity="2.056537e-001" type="0"/>
    <Peak1D F1="0.842702" intensity="2.208892e-001" type="0"/>
    <Peak1D F1="0.811791" intensity="7.891690e-002" type="0"/>
    <Peak1D F1="0.777776" intensity="1.714222e-002" type="0"/>
    <Peak1D F1="0.734333" intensity="1.958899e-002" type="0"/>
    <Peak1D F1="0.720339" intensity="1.734444e-002" type="0"/>
    <Peak1D F1="0.713301" intensity="2.136229e-002" type="0"/>
    <Peak1D F1="0.693501" intensity="1.652752e-002" type="0"/>
    <Peak1D F1="0.681050" intensity="1.768824e-002" type="0"/>
    <Peak1D F1="0.678630" intensity="1.812927e-002" type="0"/>
    <Peak1D F1="0.585132" intensity="1.821355e-002" type="0"/>
    <Peak1D F1="0.563304" intensity="1.739752e-002" type="0"/>
    <Peak1D F1="0.548451" intensity="2.327628e-002" type="0"/>
    <Peak1D F1="0.537057" intensity="2.069339e-002" type="0"/>
    <Peak1D F1="0.528409" intensity="1.965945e-002" type="0"/>
    <Peak1D F1="0.526359" intensity="2.140629e-002" type="0"/>
    <Peak1D F1="0.524420" intensity="1.923474e-002" type="0"/>
    <Peak1D F1="0.511546" intensity="2.071077e-002" type="0"/>
    <Peak1D F1="0.506388" intensity="2.354071e-002" type="0"/>
    <Peak1D F1="0.480462" intensity="2.586217e-002" type="0"/>
    <Peak1D F1="0.462655" intensity="2.853564e-002" type="0"/>
    <Peak1D F1="0.444233" intensity="2.976848e-002" type="0"/>
    <Peak1D F1="0.432784" intensity="2.978925e-002" type="0"/>
    <Peak1D F1="0.404958" intensity="3.465825e-002" type="0"/>
    <Peak1D F1="0.394600" intensity="3.603517e-002" type="0"/>
    <Peak1D F1="0.390884" intensity="3.901368e-002" type="0"/>
    <Peak1D F1="0.375580" intensity="4.416476e-002" type="0"/>
    <Peak1D F1="0.367506" intensity="4.374053e-002" type="0"/>
    <Peak1D F1="0.343085" intensity="4.562572e-002" type="0"/>
    <Peak1D F1="0.339143" intensity="4.554133e-002" type="0"/>
    <Peak1D F1="0.332401" intensity="4.727438e-002" type="0"/>
    <Peak1D F1="0.324795" intensity="4.731042e-002" type="0"/>
    <Peak1D F1="0.316086" intensity="5.284131e-002" type="0"/>
    <Peak1D F1="0.309511" intensity="5.839986e-002" type="0"/>
    <Peak1D F1="0.279427" intensity="6.251243e-002" type="0"/>
    <Peak1D F1="0.271085" intensity="6.318782e-002" type="0"/>
    <Peak1D F1="0.264579" intensity="6.626771e-002" type="0"/>
    <Peak1D F1="0.232518" intensity="7.943083e-002" type="0"/>
    <Peak1D F1="0.228896" intensity="7.876462e-002" type="0"/>
    <Peak1D F1="0.223726" intensity="7.844568e-002" type="0"/>
    <Peak1D F1="0.215370" intensity="8.690426e-002" type="0"/>
    <Peak1D F1="0.182113" intensity="1.038420e-001" type="0"/>
    <Peak1D F1="0.163943" intensity="1.201957e-001" type="0"/>
    <Peak1D F1="0.145775" intensity="5.060104e-001" type="0"/>
    <Peak1D F1="0.125618" intensity="1.607620e-001" type="0"/>
    <Peak1D F1="0.070617" intensity="1.348615e+000" type="0"/>
    <Peak1D F1="0.059872" intensity="3.458008e-001" type="0"/>
    <Peak1D F1="-0.000126" intensity="7.388986e+001" type="0"/>
    <Peak1D F1="-0.149406" intensity="2.510098e-001" type="0"/>
    <Peak1D F1="-0.842211" intensity="1.758656e-002" type="0"/>
    <Peak1D F1="-0.844526" intensity="1.745018e-002" type="0"/>
    <Peak1D F1="-0.849554" intensity="1.943304e-002" type="0"/>
    <Peak1D F1="-0.855431" intensity="2.035106e-002" type="0"/>
    <Peak1D F1="-0.873201" intensity="2.165733e-002" type="0"/>
    <Peak1D F1="-0.897103" intensity="2.618814e-002" type="0"/>
    <Peak1D F1="-0.905471" intensity="2.952300e-002" type="0"/>
    <Peak1D F1="-0.929137" intensity="2.907087e-002" type="0"/>
    <Peak1D F1="-0.982642" intensity="4.029890e-002" type="0"/>
    <Peak1D F1="-0.996400" intensity="4.376875e-002" type="0"/>
  </PeakList1D>
</PeakList>
