<?xml version="1.0" encoding="UTF-8"?>
<PeakList>
  <PeakList1D>
    <PeakList1DHeader creator="Lijin_Xu" date="2018-01-11T15:33:01.847+08:00" expNo="2" name="zhq-514" owner="" procNo="1" source="D:">
      <PeakPickDetails>F1=235.494ppm, F2=-15.494ppm, MI=0.00cm, MAXI=10000.00cm, PC=1.400
      </PeakPickDetails>
    </PeakList1DHeader>
    <Peak1D F1="164.0159" intensity="2.67" type="0"/>
    <Peak1D F1="152.2633" intensity="3.99" type="0"/>
    <Peak1D F1="151.9754" intensity="2.51" type="0"/>
    <Peak1D F1="149.9776" intensity="7.20" type="0"/>
    <Peak1D F1="145.3946" intensity="4.11" type="0"/>
    <Peak1D F1="138.6971" intensity="7.33" type="0"/>
    <Peak1D F1="137.8199" intensity="3.43" type="0"/>
    <Peak1D F1="129.4600" intensity="6.53" type="0"/>
    <Peak1D F1="128.9686" intensity="14.91" type="0"/>
    <Peak1D F1="126.8008" intensity="15.00" type="0"/>
    <Peak1D F1="124.0479" intensity="7.15" type="0"/>
    <Peak1D F1="123.7476" intensity="7.58" type="0"/>
    <Peak1D F1="115.0586" intensity="7.56" type="0"/>
    <Peak1D F1="106.1346" intensity="6.79" type="0"/>
    <Peak1D F1="77.3658" intensity="59.18" type="0"/>
    <Peak1D F1="77.0480" intensity="59.69" type="0"/>
    <Peak1D F1="76.7305" intensity="58.96" type="0"/>
    <Peak1D F1="20.8949" intensity="7.59" type="0"/>
  </PeakList1D>
</PeakList>
