<?xml version="1.0" encoding="UTF-8"?>
<PeakList>
  <PeakList1D>
    <PeakList1DHeader creator="pjw" date="2020-02-25T21:05:07.294-05:00" expNo="2" name="hz-3ya-p2" owner="" procNo="1" source="E:/pjw-av3bio500">
      <PeakPickDetails>F1=218.432404ppm, F2=-18.431776ppm, MI=0.00cm, MAXI=21.83cm, PC=1.400
      </PeakPickDetails>
    </PeakList1DHeader>
    <Peak1D F1="179.490082" intensity="3.295884e-001" type="0"/>
    <Peak1D F1="153.583939" intensity="2.658790e-001" type="0"/>
    <Peak1D F1="149.787354" intensity="1.137296e+000" type="0"/>
    <Peak1D F1="147.727524" intensity="2.366702e-001" type="0"/>
    <Peak1D F1="140.346848" intensity="7.617735e-001" type="0"/>
    <Peak1D F1="139.398804" intensity="1.118155e+000" type="0"/>
    <Peak1D F1="124.506920" intensity="1.008941e+000" type="0"/>
    <Peak1D F1="120.938850" intensity="1.101066e+000" type="0"/>
    <Peak1D F1="118.798721" intensity="8.939563e-001" type="0"/>
    <Peak1D F1="117.020424" intensity="8.780305e-001" type="0"/>
    <Peak1D F1="77.277214" intensity="1.485069e+001" type="0"/>
    <Peak1D F1="77.023262" intensity="1.500000e+001" type="0"/>
    <Peak1D F1="76.769058" intensity="1.446880e+001" type="0"/>
    <Peak1D F1="29.693968" intensity="2.076404e-001" type="0"/>
    <Peak1D F1="20.465927" intensity="1.049072e+000" type="0"/>
  </PeakList1D>
</PeakList>
