<?xml version="1.0" encoding="UTF-8"?>
<PeakList>
  <PeakList1D>
    <PeakList1DHeader creator="nmrsu" date="2019-11-06T07:11:17.688-02:00" expNo="2" name="2A644_JACD-Marilia-Naftalene-thiol" owner="" procNo="1" source="C:/NMRData/data/marcio_jose/nmr">
      <PeakPickDetails>F1=222.593201ppm, F2=-22.602512ppm, MI=0.00cm, MAXI=10000.00cm, PC=1.400
      </PeakPickDetails>
    </PeakList1DHeader>
    <Peak1D F1="171.772125" intensity="4.499473e+000" type="0"/>
    <Peak1D F1="136.935211" intensity="4.551361e+000" type="0"/>
    <Peak1D F1="133.716568" intensity="4.738625e+000" type="0"/>
    <Peak1D F1="133.659454" intensity="4.236804e+000" type="0"/>
    <Peak1D F1="133.493500" intensity="8.123326e-001" type="0"/>
    <Peak1D F1="131.801376" intensity="4.220890e+000" type="0"/>
    <Peak1D F1="129.647964" intensity="8.217312e-001" type="0"/>
    <Peak1D F1="128.841232" intensity="1.358908e+001" type="0"/>
    <Peak1D F1="128.142639" intensity="1.412362e+000" type="0"/>
    <Peak1D F1="127.743416" intensity="1.421576e+001" type="0"/>
    <Peak1D F1="127.143173" intensity="1.403710e+001" type="0"/>
    <Peak1D F1="126.742615" intensity="1.421611e+001" type="0"/>
    <Peak1D F1="125.855392" intensity="1.335517e+001" type="0"/>
    <Peak1D F1="125.496017" intensity="1.357873e+001" type="0"/>
    <Peak1D F1="125.379112" intensity="1.313342e+001" type="0"/>
    <Peak1D F1="123.794357" intensity="1.500000e+001" type="0"/>
    <Peak1D F1="120.324203" intensity="1.327427e+001" type="0"/>
    <Peak1D F1="119.592957" intensity="1.361116e+001" type="0"/>
    <Peak1D F1="116.345680" intensity="3.930286e+000" type="0"/>
    <Peak1D F1="111.099449" intensity="1.330507e+001" type="0"/>
    <Peak1D F1="77.358200" intensity="5.875108e+001" type="0"/>
    <Peak1D F1="77.040871" intensity="5.997313e+001" type="0"/>
    <Peak1D F1="76.723099" intensity="5.919843e+001" type="0"/>
    <Peak1D F1="51.988289" intensity="1.025444e+001" type="0"/>
    <Peak1D F1="30.947647" intensity="1.403144e+001" type="0"/>
  </PeakList1D>
</PeakList>
