<?xml version="1.0" encoding="UTF-8"?>
<PeakList>
  <PeakList1D>
    <PeakList1DHeader creator="nmrsu" date="2018-08-28T11:50:31.836-03:00" expNo="1" name="2B234_MS218" owner="" procNo="1" source="C:/NMRData/data/marcio_marilia/nmr">
      <PeakPickDetails>F1=222.593ppm, F2=-22.603ppm, MI=0.00cm, MAXI=10000.00cm, PC=1.400
      </PeakPickDetails>
    </PeakList1DHeader>
    <Peak1D F1="171.8398" intensity="4.811647e+000" type="0"/>
    <Peak1D F1="136.9507" intensity="5.187789e+000" type="0"/>
    <Peak1D F1="136.4787" intensity="5.981919e+000" type="0"/>
    <Peak1D F1="134.7917" intensity="4.098620e+000" type="0"/>
    <Peak1D F1="132.8074" intensity="5.217379e+000" type="0"/>
    <Peak1D F1="130.2799" intensity="1.496481e+001" type="0"/>
    <Peak1D F1="127.9079" intensity="1.411842e+001" type="0"/>
    <Peak1D F1="127.7780" intensity="4.781691e+000" type="0"/>
    <Peak1D F1="127.0710" intensity="1.496584e+001" type="0"/>
    <Peak1D F1="123.7724" intensity="4.794645e+000" type="0"/>
    <Peak1D F1="123.4755" intensity="1.500000e+001" type="0"/>
    <Peak1D F1="120.1795" intensity="1.443215e+001" type="0"/>
    <Peak1D F1="119.3941" intensity="1.464839e+001" type="0"/>
    <Peak1D F1="115.9330" intensity="5.153318e+000" type="0"/>
    <Peak1D F1="111.0065" intensity="1.487171e+001" type="0"/>
    <Peak1D F1="77.3801" intensity="3.210393e+001" type="0"/>
    <Peak1D F1="77.0626" intensity="3.191550e+001" type="0"/>
    <Peak1D F1="76.7448" intensity="3.175572e+001" type="0"/>
    <Peak1D F1="51.9768" intensity="9.931336e+000" type="0"/>
    <Peak1D F1="30.9366" intensity="1.381001e+001" type="0"/>
    <Peak1D F1="21.0205" intensity="8.915688e+000" type="0"/>
    <Peak1D F1="19.6246" intensity="1.095122e+001" type="0"/>
  </PeakList1D>
</PeakList>
