<?xml version="1.0" encoding="UTF-8"?>
<PeakList>
  <PeakList1D>
    <PeakList1DHeader creator="nmrsu" date="2018-09-11T12:35:23.213-03:00" expNo="2" name="2B236_MS239" owner="" procNo="1" source="C:/NMRData/data/marcio_marilia/nmr">
      <PeakPickDetails>F1=222.593ppm, F2=-22.603ppm, MI=0.00cm, MAXI=10000.00cm, PC=1.400
      </PeakPickDetails>
    </PeakList1DHeader>
    <Peak1D F1="172.1673" intensity="1.932097e+000" type="0"/>
    <Peak1D F1="136.3296" intensity="1.916710e+000" type="0"/>
    <Peak1D F1="127.7542" intensity="1.790566e+000" type="0"/>
    <Peak1D F1="127.2475" intensity="1.597543e+000" type="0"/>
    <Peak1D F1="123.1548" intensity="5.437962e+000" type="0"/>
    <Peak1D F1="120.0427" intensity="5.528110e+000" type="0"/>
    <Peak1D F1="119.2659" intensity="5.607326e+000" type="0"/>
    <Peak1D F1="114.6556" intensity="1.911201e+000" type="0"/>
    <Peak1D F1="110.7241" intensity="5.642943e+000" type="0"/>
    <Peak1D F1="77.3696" intensity="1.328001e+001" type="0"/>
    <Peak1D F1="77.0518" intensity="1.367048e+001" type="0"/>
    <Peak1D F1="76.7345" intensity="1.354602e+001" type="0"/>
    <Peak1D F1="51.9946" intensity="3.783833e+000" type="0"/>
    <Peak1D F1="39.2460" intensity="5.204623e-001" type="0"/>
    <Peak1D F1="37.0813" intensity="5.854245e+000" type="0"/>
    <Peak1D F1="31.9352" intensity="6.043473e+000" type="0"/>
    <Peak1D F1="31.1239" intensity="5.408661e+000" type="0"/>
    <Peak1D F1="30.1856" intensity="6.296641e+000" type="0"/>
    <Peak1D F1="29.6487" intensity="1.500000e+001" type="0"/>
    <Peak1D F1="29.5559" intensity="9.613793e+000" type="0"/>
    <Peak1D F1="29.3685" intensity="7.026174e+000" type="0"/>
    <Peak1D F1="29.2058" intensity="6.648957e+000" type="0"/>
    <Peak1D F1="28.6522" intensity="6.323150e+000" type="0"/>
    <Peak1D F1="28.4184" intensity="7.526252e-001" type="0"/>
    <Peak1D F1="22.7142" intensity="6.100301e+000" type="0"/>
    <Peak1D F1="14.1512" intensity="5.592480e+000" type="0"/>
  </PeakList1D>
</PeakList>
