<?xml version="1.0" encoding="UTF-8"?>
<PeakList>
  <PeakList1D>
    <PeakList1DHeader creator="nmr" date="2019-01-07T14:45:31" expNo="1" name="zhq-498" owner="" procNo="1" source="D:/bruker">
      <PeakPickDetails>F1=8.803ppm, F2=8.589ppm, MI=0.73cm, MAXI=3.63cm, PC=1.000
      </PeakPickDetails>
    </PeakList1DHeader>
    <Peak1D F1="8.6937" intensity="1.5" type="0"/>
    <Peak1D F1="8.6842" intensity="1.55" type="0"/>
    <Peak1D F1="8.6818" intensity="1.54" type="0"/>
  </PeakList1D>
</PeakList>
