<?xml version="1.0" encoding="UTF-8"?>
<PeakList>
  <PeakList1D>
    <PeakList1DHeader creator="studnmr" date="2019-08-20T12:26:54.090+02:00" expNo="70" name="Aug20-2019" owner="" procNo="1" source="C:/Bruker/TopSpin3.0/data/AK_Koenig/nmr">
      <PeakPickDetails>F1=19.976ppm, F2=-10.063ppm, MI=0.00cm, MAXI=10000.00cm, PC=1.000
      </PeakPickDetails>
    </PeakList1DHeader>
    <Peak1D F1="13.7909" intensity="3.692513e-003" type="0"/>
    <Peak1D F1="13.7365" intensity="3.961068e-003" type="0"/>
    <Peak1D F1="11.7030" intensity="3.772628e-003" type="0"/>
    <Peak1D F1="9.1437" intensity="3.735115e-003" type="0"/>
    <Peak1D F1="9.1386" intensity="4.028169e-003" type="0"/>
    <Peak1D F1="9.1223" intensity="1.064902e-002" type="0"/>
    <Peak1D F1="8.9985" intensity="1.790057e+000" type="0"/>
    <Peak1D F1="8.8834" intensity="6.995039e-003" type="0"/>
    <Peak1D F1="8.8740" intensity="1.071979e-002" type="0"/>
    <Peak1D F1="8.8438" intensity="4.526378e-003" type="0"/>
    <Peak1D F1="8.7878" intensity="8.410109e-003" type="0"/>
    <Peak1D F1="8.7456" intensity="1.403294e-002" type="0"/>
    <Peak1D F1="7.9906" intensity="4.064156e-003" type="0"/>
    <Peak1D F1="7.8703" intensity="4.368175e-003" type="0"/>
    <Peak1D F1="7.8528" intensity="4.968412e-003" type="0"/>
    <Peak1D F1="7.8008" intensity="4.086046e-003" type="0"/>
    <Peak1D F1="7.7882" intensity="9.670207e-003" type="0"/>
    <Peak1D F1="7.7672" intensity="9.652832e-003" type="0"/>
    <Peak1D F1="7.5900" intensity="1.725012e+000" type="0"/>
    <Peak1D F1="7.5701" intensity="1.891148e+000" type="0"/>
    <Peak1D F1="7.5266" intensity="3.457901e-002" type="0"/>
    <Peak1D F1="7.4976" intensity="7.663408e-003" type="0"/>
    <Peak1D F1="7.4770" intensity="6.966008e-003" type="0"/>
    <Peak1D F1="7.4597" intensity="1.065932e-002" type="0"/>
    <Peak1D F1="7.4383" intensity="1.401818e-002" type="0"/>
    <Peak1D F1="7.4137" intensity="1.683845e+000" type="0"/>
    <Peak1D F1="7.3932" intensity="2.241812e+000" type="0"/>
    <Peak1D F1="7.3366" intensity="2.751041e-002" type="0"/>
    <Peak1D F1="7.3220" intensity="3.163722e-002" type="0"/>
    <Peak1D F1="7.3006" intensity="3.413459e-002" type="0"/>
    <Peak1D F1="7.2792" intensity="1.059179e+000" type="0"/>
    <Peak1D F1="7.2676" intensity="4.338894e+000" type="0"/>
    <Peak1D F1="7.2615" intensity="2.076702e+000" type="0"/>
    <Peak1D F1="7.2412" intensity="1.057432e+000" type="0"/>
    <Peak1D F1="7.2085" intensity="3.627937e-002" type="0"/>
    <Peak1D F1="7.1890" intensity="2.800241e-002" type="0"/>
    <Peak1D F1="7.1564" intensity="1.267856e+000" type="0"/>
    <Peak1D F1="7.1379" intensity="1.828493e+000" type="0"/>
    <Peak1D F1="7.1188" intensity="9.014238e-001" type="0"/>
    <Peak1D F1="7.0789" intensity="2.016234e-002" type="0"/>
    <Peak1D F1="7.0581" intensity="1.681895e-002" type="0"/>
    <Peak1D F1="7.0413" intensity="9.664898e-003" type="0"/>
    <Peak1D F1="7.0034" intensity="3.197045e-002" type="0"/>
    <Peak1D F1="6.9606" intensity="1.195365e-002" type="0"/>
    <Peak1D F1="6.9366" intensity="1.410561e-002" type="0"/>
    <Peak1D F1="6.9178" intensity="7.369969e-003" type="0"/>
    <Peak1D F1="6.8863" intensity="4.566788e-003" type="0"/>
    <Peak1D F1="6.8084" intensity="5.094282e-003" type="0"/>
    <Peak1D F1="6.7247" intensity="5.302528e-003" type="0"/>
    <Peak1D F1="6.7149" intensity="4.309122e-003" type="0"/>
    <Peak1D F1="6.7041" intensity="4.669221e-003" type="0"/>
    <Peak1D F1="6.6376" intensity="3.746274e-003" type="0"/>
    <Peak1D F1="6.6037" intensity="5.257109e-003" type="0"/>
    <Peak1D F1="6.5667" intensity="4.713016e-003" type="0"/>
    <Peak1D F1="6.5422" intensity="4.125539e-003" type="0"/>
    <Peak1D F1="6.2608" intensity="4.011006e-003" type="0"/>
    <Peak1D F1="6.0936" intensity="3.630743e-003" type="0"/>
    <Peak1D F1="5.7948" intensity="1.500665e-002" type="0"/>
    <Peak1D F1="5.7810" intensity="1.523321e-002" type="0"/>
    <Peak1D F1="5.5294" intensity="3.907886e-003" type="0"/>
    <Peak1D F1="5.4789" intensity="8.041795e-003" type="0"/>
    <Peak1D F1="5.4536" intensity="1.511441e-002" type="0"/>
    <Peak1D F1="5.4311" intensity="9.994879e-003" type="0"/>
    <Peak1D F1="5.4140" intensity="5.609165e-003" type="0"/>
    <Peak1D F1="5.3900" intensity="1.289980e-002" type="0"/>
    <Peak1D F1="5.3673" intensity="8.601007e-003" type="0"/>
    <Peak1D F1="5.3435" intensity="6.164853e-003" type="0"/>
    <Peak1D F1="5.2637" intensity="4.500470e-003" type="0"/>
    <Peak1D F1="5.2274" intensity="9.934266e-001" type="0"/>
    <Peak1D F1="5.2040" intensity="2.280596e+000" type="0"/>
    <Peak1D F1="5.1806" intensity="1.419948e+000" type="0"/>
    <Peak1D F1="5.1441" intensity="2.004418e-002" type="0"/>
    <Peak1D F1="5.1182" intensity="2.768405e-002" type="0"/>
    <Peak1D F1="5.0893" intensity="1.755680e-002" type="0"/>
    <Peak1D F1="5.0750" intensity="1.126348e-002" type="0"/>
    <Peak1D F1="5.0622" intensity="3.354919e-002" type="0"/>
    <Peak1D F1="5.0521" intensity="1.292635e-002" type="0"/>
    <Peak1D F1="5.0378" intensity="5.350884e-002" type="0"/>
    <Peak1D F1="5.0272" intensity="2.081443e-002" type="0"/>
    <Peak1D F1="5.0132" intensity="4.049959e-002" type="0"/>
    <Peak1D F1="5.0020" intensity="1.239705e-002" type="0"/>
    <Peak1D F1="4.9911" intensity="1.734185e-002" type="0"/>
    <Peak1D F1="4.9554" intensity="1.688488e+000" type="0"/>
    <Peak1D F1="4.9318" intensity="3.329642e+000" type="0"/>
    <Peak1D F1="4.9075" intensity="1.811181e+000" type="0"/>
    <Peak1D F1="4.7644" intensity="1.216401e-002" type="0"/>
    <Peak1D F1="4.7526" intensity="1.068209e-002" type="0"/>
    <Peak1D F1="4.7377" intensity="2.384753e-002" type="0"/>
    <Peak1D F1="4.7133" intensity="1.452275e-002" type="0"/>
    <Peak1D F1="4.6802" intensity="4.226797e-003" type="0"/>
    <Peak1D F1="4.6445" intensity="4.644408e-003" type="0"/>
    <Peak1D F1="4.6225" intensity="4.889729e-003" type="0"/>
    <Peak1D F1="4.6112" intensity="4.615139e-003" type="0"/>
    <Peak1D F1="4.5991" intensity="7.541109e-003" type="0"/>
    <Peak1D F1="4.5386" intensity="2.518899e+000" type="0"/>
    <Peak1D F1="4.5139" intensity="2.254474e+000" type="0"/>
    <Peak1D F1="4.4726" intensity="1.527856e-002" type="0"/>
    <Peak1D F1="4.4389" intensity="1.151123e-002" type="0"/>
    <Peak1D F1="4.3953" intensity="5.567480e-003" type="0"/>
    <Peak1D F1="4.3592" intensity="9.034209e-003" type="0"/>
    <Peak1D F1="4.3402" intensity="1.735552e-002" type="0"/>
    <Peak1D F1="4.3147" intensity="2.263028e-002" type="0"/>
    <Peak1D F1="4.2898" intensity="8.522547e-001" type="0"/>
    <Peak1D F1="4.2850" intensity="9.481802e-001" type="0"/>
    <Peak1D F1="4.2589" intensity="1.512882e+000" type="0"/>
    <Peak1D F1="4.2542" intensity="1.541532e+000" type="0"/>
    <Peak1D F1="4.2248" intensity="3.537884e-002" type="0"/>
    <Peak1D F1="4.2054" intensity="3.807207e-002" type="0"/>
    <Peak1D F1="4.1920" intensity="5.288793e-002" type="0"/>
    <Peak1D F1="4.1758" intensity="1.279760e+000" type="0"/>
    <Peak1D F1="4.1635" intensity="1.381105e+000" type="0"/>
    <Peak1D F1="4.1450" intensity="8.160417e-001" type="0"/>
    <Peak1D F1="4.1326" intensity="8.563575e-001" type="0"/>
    <Peak1D F1="4.0697" intensity="1.742120e-002" type="0"/>
    <Peak1D F1="4.0426" intensity="2.016258e-002" type="0"/>
    <Peak1D F1="4.0275" intensity="7.027657e-003" type="0"/>
    <Peak1D F1="4.0072" intensity="7.318824e-003" type="0"/>
    <Peak1D F1="3.9799" intensity="3.275621e-002" type="0"/>
    <Peak1D F1="3.9579" intensity="9.858250e-003" type="0"/>
    <Peak1D F1="3.9230" intensity="1.412635e+000" type="0"/>
    <Peak1D F1="3.8826" intensity="3.023941e+000" type="0"/>
    <Peak1D F1="3.8584" intensity="1.229523e-001" type="0"/>
    <Peak1D F1="3.8185" intensity="3.026937e+000" type="0"/>
    <Peak1D F1="3.7782" intensity="1.428615e+000" type="0"/>
    <Peak1D F1="3.7148" intensity="6.484928e-001" type="0"/>
    <Peak1D F1="3.7100" intensity="7.430075e-001" type="0"/>
    <Peak1D F1="3.7032" intensity="7.760105e-001" type="0"/>
    <Peak1D F1="3.6976" intensity="7.317536e-001" type="0"/>
    <Peak1D F1="3.6770" intensity="1.500000e+001" type="0"/>
    <Peak1D F1="3.6349" intensity="6.380099e-002" type="0"/>
    <Peak1D F1="3.6138" intensity="4.595705e-002" type="0"/>
    <Peak1D F1="3.6006" intensity="3.801475e-002" type="0"/>
    <Peak1D F1="3.5620" intensity="2.290961e-002" type="0"/>
    <Peak1D F1="3.5401" intensity="1.378178e-002" type="0"/>
    <Peak1D F1="3.5297" intensity="2.045988e-002" type="0"/>
    <Peak1D F1="3.4910" intensity="8.470665e-002" type="0"/>
    <Peak1D F1="3.4580" intensity="1.248763e-002" type="0"/>
    <Peak1D F1="3.4409" intensity="8.748855e-003" type="0"/>
    <Peak1D F1="3.4307" intensity="1.151724e-002" type="0"/>
    <Peak1D F1="3.4108" intensity="9.443949e-003" type="0"/>
    <Peak1D F1="3.3936" intensity="9.717747e-003" type="0"/>
    <Peak1D F1="3.3792" intensity="2.093100e-002" type="0"/>
    <Peak1D F1="3.3388" intensity="2.285586e-002" type="0"/>
    <Peak1D F1="3.3114" intensity="3.709969e-002" type="0"/>
    <Peak1D F1="3.2848" intensity="2.076955e-002" type="0"/>
    <Peak1D F1="3.2466" intensity="5.155843e-003" type="0"/>
    <Peak1D F1="3.2432" intensity="4.756022e-003" type="0"/>
    <Peak1D F1="3.2075" intensity="3.923510e-003" type="0"/>
    <Peak1D F1="3.1845" intensity="4.608159e-003" type="0"/>
    <Peak1D F1="3.1623" intensity="4.138193e-003" type="0"/>
    <Peak1D F1="3.1498" intensity="4.049854e-003" type="0"/>
    <Peak1D F1="3.0466" intensity="4.674240e-003" type="0"/>
    <Peak1D F1="3.0307" intensity="4.983526e-003" type="0"/>
    <Peak1D F1="2.9916" intensity="5.268953e-003" type="0"/>
    <Peak1D F1="2.9728" intensity="7.000164e-003" type="0"/>
    <Peak1D F1="2.9567" intensity="7.206944e-003" type="0"/>
    <Peak1D F1="2.8996" intensity="3.813645e-003" type="0"/>
    <Peak1D F1="2.8891" intensity="3.781186e-003" type="0"/>
    <Peak1D F1="2.7048" intensity="3.665148e-003" type="0"/>
    <Peak1D F1="2.6383" intensity="9.676414e-003" type="0"/>
    <Peak1D F1="2.3746" intensity="8.135430e-003" type="0"/>
    <Peak1D F1="2.3562" intensity="4.530206e-003" type="0"/>
    <Peak1D F1="2.3386" intensity="8.917786e-003" type="0"/>
    <Peak1D F1="2.3257" intensity="7.301858e-002" type="0"/>
    <Peak1D F1="2.2888" intensity="1.719953e-002" type="0"/>
    <Peak1D F1="2.2657" intensity="1.710260e-002" type="0"/>
    <Peak1D F1="2.2528" intensity="1.301839e-002" type="0"/>
    <Peak1D F1="2.2337" intensity="7.654442e-002" type="0"/>
    <Peak1D F1="2.2232" intensity="1.995420e-002" type="0"/>
    <Peak1D F1="2.2009" intensity="3.161817e-002" type="0"/>
    <Peak1D F1="2.1648" intensity="1.411541e+001" type="0"/>
    <Peak1D F1="2.1475" intensity="3.949492e-001" type="0"/>
    <Peak1D F1="2.1208" intensity="7.378036e-002" type="0"/>
    <Peak1D F1="2.1006" intensity="3.106247e-001" type="0"/>
    <Peak1D F1="2.0733" intensity="1.425947e+001" type="0"/>
    <Peak1D F1="2.0506" intensity="2.276821e-001" type="0"/>
    <Peak1D F1="2.0401" intensity="6.546193e-001" type="0"/>
    <Peak1D F1="2.0120" intensity="1.403666e+001" type="0"/>
    <Peak1D F1="1.9858" intensity="1.419110e+001" type="0"/>
    <Peak1D F1="1.9436" intensity="8.642190e-002" type="0"/>
    <Peak1D F1="1.9093" intensity="1.082200e-001" type="0"/>
    <Peak1D F1="1.8756" intensity="2.859653e-002" type="0"/>
    <Peak1D F1="1.8475" intensity="9.355989e-002" type="0"/>
    <Peak1D F1="1.8213" intensity="8.856606e-002" type="0"/>
    <Peak1D F1="1.6520" intensity="1.469749e+000" type="0"/>
    <Peak1D F1="1.5769" intensity="5.412839e-002" type="0"/>
    <Peak1D F1="1.5566" intensity="7.147735e-002" type="0"/>
    <Peak1D F1="1.5400" intensity="4.952673e-002" type="0"/>
    <Peak1D F1="1.5219" intensity="4.078946e-002" type="0"/>
    <Peak1D F1="1.5125" intensity="5.299994e-002" type="0"/>
    <Peak1D F1="1.4526" intensity="2.462365e-002" type="0"/>
    <Peak1D F1="1.4330" intensity="3.032078e-002" type="0"/>
    <Peak1D F1="1.4046" intensity="3.772448e-002" type="0"/>
    <Peak1D F1="1.3834" intensity="5.020784e-002" type="0"/>
    <Peak1D F1="1.3660" intensity="4.620656e-002" type="0"/>
    <Peak1D F1="1.3545" intensity="4.839048e-002" type="0"/>
    <Peak1D F1="1.3417" intensity="5.023196e-002" type="0"/>
    <Peak1D F1="1.3223" intensity="6.595840e-002" type="0"/>
    <Peak1D F1="1.3137" intensity="7.977169e-002" type="0"/>
    <Peak1D F1="1.2635" intensity="5.722170e-001" type="0"/>
    <Peak1D F1="1.2326" intensity="1.117822e-001" type="0"/>
    <Peak1D F1="1.2169" intensity="3.759258e-001" type="0"/>
    <Peak1D F1="1.1668" intensity="1.986414e-001" type="0"/>
    <Peak1D F1="1.1425" intensity="7.904451e-002" type="0"/>
    <Peak1D F1="1.1156" intensity="4.394293e-002" type="0"/>
    <Peak1D F1="1.0972" intensity="3.362388e-002" type="0"/>
    <Peak1D F1="0.9494" intensity="6.472077e-002" type="0"/>
    <Peak1D F1="0.9311" intensity="1.014302e-001" type="0"/>
    <Peak1D F1="0.9162" intensity="1.281378e-001" type="0"/>
    <Peak1D F1="0.8998" intensity="1.660758e-001" type="0"/>
    <Peak1D F1="0.8856" intensity="1.863564e-001" type="0"/>
    <Peak1D F1="0.8661" intensity="1.312066e-001" type="0"/>
    <Peak1D F1="0.8513" intensity="1.093896e-001" type="0"/>
    <Peak1D F1="0.8360" intensity="9.818872e-002" type="0"/>
    <Peak1D F1="0.7571" intensity="1.421158e-002" type="0"/>
    <Peak1D F1="0.6555" intensity="6.217741e-003" type="0"/>
    <Peak1D F1="0.6249" intensity="6.507556e-003" type="0"/>
    <Peak1D F1="0.5878" intensity="5.160214e-003" type="0"/>
    <Peak1D F1="0.5679" intensity="5.083893e-003" type="0"/>
    <Peak1D F1="0.5247" intensity="5.151572e-003" type="0"/>
    <Peak1D F1="0.4922" intensity="5.226321e-003" type="0"/>
    <Peak1D F1="0.4742" intensity="5.023996e-003" type="0"/>
    <Peak1D F1="0.4474" intensity="5.810994e-003" type="0"/>
    <Peak1D F1="0.4321" intensity="5.087830e-003" type="0"/>
    <Peak1D F1="0.4156" intensity="4.539669e-003" type="0"/>
    <Peak1D F1="0.3732" intensity="4.501630e-003" type="0"/>
    <Peak1D F1="0.3575" intensity="3.976516e-003" type="0"/>
    <Peak1D F1="0.2626" intensity="3.659485e-003" type="0"/>
    <Peak1D F1="0.2376" intensity="4.297004e-003" type="0"/>
    <Peak1D F1="0.2211" intensity="3.971645e-003" type="0"/>
    <Peak1D F1="0.0770" intensity="2.548270e-001" type="0"/>
    <Peak1D F1="-0.0946" intensity="3.757411e-003" type="0"/>
  </PeakList1D>
</PeakList>
