<?xml version="1.0" encoding="UTF-8"?>
<PeakList>
  <PeakList1D>
    <PeakList1DHeader creator="nmrsu" date="2020-01-20T08:28:59.741-02:00" expNo="2" name="2B203_Indole_padrao" owner="" procNo="1" source="C:/NMRData/data/marcio_marilia/nmr">
      <PeakPickDetails>F1=222.593201ppm, F2=-22.602512ppm, MI=0.00cm, MAXI=10000.00cm, PC=1.400
      </PeakPickDetails>
    </PeakList1DHeader>
    <Peak1D F1="171.955109" intensity="2.461375e+000" type="0"/>
    <Peak1D F1="136.946259" intensity="2.680796e+000" type="0"/>
    <Peak1D F1="136.569992" intensity="2.346477e+000" type="0"/>
    <Peak1D F1="134.361664" intensity="1.675915e-001" type="0"/>
    <Peak1D F1="129.153870" intensity="1.500000e+001" type="0"/>
    <Peak1D F1="128.887268" intensity="2.051421e-001" type="0"/>
    <Peak1D F1="127.615387" intensity="2.303257e+000" type="0"/>
    <Peak1D F1="127.105026" intensity="1.483839e+001" type="0"/>
    <Peak1D F1="126.081245" intensity="7.699869e+000" type="0"/>
    <Peak1D F1="123.763100" intensity="8.388012e+000" type="0"/>
    <Peak1D F1="120.279411" intensity="7.897708e+000" type="0"/>
    <Peak1D F1="119.553024" intensity="7.919846e+000" type="0"/>
    <Peak1D F1="116.276497" intensity="2.479944e+000" type="0"/>
    <Peak1D F1="111.194626" intensity="7.780242e+000" type="0"/>
    <Peak1D F1="77.458160" intensity="4.954467e+000" type="0"/>
    <Peak1D F1="77.140083" intensity="5.092362e+000" type="0"/>
    <Peak1D F1="76.822464" intensity="5.012213e+000" type="0"/>
    <Peak1D F1="52.035858" intensity="6.074809e+000" type="0"/>
    <Peak1D F1="39.746681" intensity="1.271591e-001" type="0"/>
    <Peak1D F1="30.934816" intensity="8.168539e+000" type="0"/>
    <Peak1D F1="29.768686" intensity="2.065184e-001" type="0"/>
  </PeakList1D>
</PeakList>
