<?xml version="1.0" encoding="UTF-8"?>
<PeakList>
  <PeakList1D>
    <PeakList1DHeader creator="nmrsu" date="2019-01-10T10:03:35.142+08:00" expNo="2" name="zhq-877b-2" owner="" procNo="1" source="D:/data/nmrsu/nmr">
      <PeakPickDetails>F1=235.499ppm, F2=-15.499ppm, MI=0.00cm, MAXI=10000.00cm, PC=1.400
      </PeakPickDetails>
    </PeakList1DHeader>
    <Peak1D F1="163.9047" intensity="4.659266e+000" type="0"/>
    <Peak1D F1="155.1266" intensity="6.823335e+000" type="0"/>
    <Peak1D F1="151.9308" intensity="4.537207e+000" type="0"/>
    <Peak1D F1="149.7628" intensity="9.815665e+000" type="0"/>
    <Peak1D F1="140.3204" intensity="8.799320e+000" type="0"/>
    <Peak1D F1="139.9586" intensity="1.112470e+000" type="0"/>
    <Peak1D F1="138.3708" intensity="7.627548e+000" type="0"/>
    <Peak1D F1="124.2781" intensity="1.742749e+000" type="0"/>
    <Peak1D F1="124.1490" intensity="1.197675e+001" type="0"/>
    <Peak1D F1="123.9203" intensity="9.919539e+000" type="0"/>
    <Peak1D F1="118.6434" intensity="1.838943e+000" type="0"/>
    <Peak1D F1="118.2691" intensity="1.293875e+001" type="0"/>
    <Peak1D F1="106.4382" intensity="1.047858e+000" type="0"/>
    <Peak1D F1="102.8201" intensity="8.930396e+000" type="0"/>
    <Peak1D F1="77.2781" intensity="4.393199e+001" type="0"/>
    <Peak1D F1="77.0662" intensity="4.384338e+001" type="0"/>
    <Peak1D F1="76.8542" intensity="4.331258e+001" type="0"/>
    <Peak1D F1="42.2148" intensity="1.998104e+000" type="0"/>
    <Peak1D F1="40.9139" intensity="1.381257e+001" type="0"/>
    <Peak1D F1="37.0321" intensity="1.437364e+001" type="0"/>
    <Peak1D F1="36.9787" intensity="1.497034e+001" type="0"/>
    <Peak1D F1="32.9700" intensity="7.741799e+000" type="0"/>
    <Peak1D F1="32.4804" intensity="2.632561e+000" type="0"/>
    <Peak1D F1="32.0553" intensity="1.500000e+001" type="0"/>
    <Peak1D F1="27.1933" intensity="4.553987e+000" type="0"/>
    <Peak1D F1="26.9725" intensity="1.803553e+000" type="0"/>
    <Peak1D F1="26.4480" intensity="1.406349e+001" type="0"/>
    <Peak1D F1="22.6002" intensity="1.293552e+001" type="0"/>
    <Peak1D F1="22.3148" intensity="1.003018e+000" type="0"/>
    <Peak1D F1="14.0409" intensity="1.051783e+001" type="0"/>
  </PeakList1D>
</PeakList>
