<?xml version="1.0" encoding="UTF-8"?>
<PeakList>
  <PeakList1D>
    <PeakList1DHeader creator="Lijin_Xu" date="2017-11-28T15:36:00.700+08:00" expNo="2" name="zhq-480" owner="" procNo="1" source="D:">
      <PeakPickDetails>F1=235.494ppm, F2=-15.494ppm, MI=0.00cm, MAXI=10000.00cm, PC=1.400
      </PeakPickDetails>
    </PeakList1DHeader>
    <Peak1D F1="164.1002" intensity="3.71" type="0"/>
    <Peak1D F1="152.4897" intensity="4.31" type="0"/>
    <Peak1D F1="149.8499" intensity="13.68" type="0"/>
    <Peak1D F1="142.5542" intensity="6.62" type="0"/>
    <Peak1D F1="138.5359" intensity="13.23" type="0"/>
    <Peak1D F1="137.3092" intensity="13.98" type="0"/>
    <Peak1D F1="127.2620" intensity="6.22" type="0"/>
    <Peak1D F1="123.8204" intensity="14.44" type="0"/>
    <Peak1D F1="123.6325" intensity="13.96" type="0"/>
    <Peak1D F1="105.7455" intensity="15.00" type="0"/>
    <Peak1D F1="77.4271" intensity="28.35" type="0"/>
    <Peak1D F1="77.1089" intensity="29.17" type="0"/>
    <Peak1D F1="76.7911" intensity="28.00" type="0"/>
    <Peak1D F1="20.3249" intensity="14.33" type="0"/>
    <Peak1D F1="16.7860" intensity="13.43" type="0"/>
  </PeakList1D>
</PeakList>
