<?xml version="1.0" encoding="UTF-8"?>
<PeakList modified="2020-02-05T19:03:49">
  <PeakList1D>
    <PeakList1DHeader creator="Dell" date="2020-02-05T19:03:49" expNo="2" name="SDT431" owner="" procNo="1" source="C:/Users/Dell/Desktop/NMR/TIB ester">
      <PeakPickDetails>F1=175.462799ppm, F2=163.779709ppm, MI=0.24cm, MAXI=2.72cm, PC=1.400
      </PeakPickDetails>
    </PeakList1DHeader>
    <Peak1D F1="170.406967" intensity="0.8166413" type="0"/>
  </PeakList1D>
  <PeakList1D>
    <PeakList1DHeader creator="Dell" date="2020-02-05T19:03:49" expNo="2" name="SDT431" owner="" procNo="1" source="C:/Users/Dell/Desktop/NMR/TIB ester">
      <PeakPickDetails>F1=157.072739ppm, F2=138.899033ppm, MI=0.11cm, MAXI=3.32cm, PC=1.400
      </PeakPickDetails>
    </PeakList1DHeader>
    <Peak1D F1="150.434753" intensity="0.8533375" type="0"/>
    <Peak1D F1="148.50856" intensity="0.8391007" type="0"/>
    <Peak1D F1="145.100388" intensity="0.7553034" type="0"/>
    <Peak1D F1="144.836609" intensity="1.774788" type="0"/>
  </PeakList1D>
  <PeakList1D>
    <PeakList1DHeader creator="Dell" date="2020-02-05T19:03:49" expNo="2" name="SDT431" owner="" procNo="1" source="C:/Users/Dell/Desktop/NMR/TIB ester">
      <PeakPickDetails>F1=133.922897ppm, F2=107.095055ppm, MI=0.24cm, MAXI=3.68cm, PC=1.400
      </PeakPickDetails>
    </PeakList1DHeader>
    <Peak1D F1="130.247284" intensity="0.7637893" type="0"/>
    <Peak1D F1="122.553375" intensity="1.608671" type="0"/>
    <Peak1D F1="121.015114" intensity="3.078208" type="0"/>
    <Peak1D F1="120.604645" intensity="0.8954383" type="0"/>
    <Peak1D F1="120.19355" intensity="1.609159" type="0"/>
    <Peak1D F1="111.685905" intensity="1.579312" type="0"/>
  </PeakList1D>
  <PeakList1D>
    <PeakList1DHeader creator="Dell" date="2020-02-05T19:03:49" expNo="2" name="SDT431" owner="" procNo="1" source="C:/Users/Dell/Desktop/NMR/TIB ester">
      <PeakPickDetails>F1=67.950539ppm, F2=53.524120ppm, MI=0.68cm, MAXI=6.75cm, PC=1.400
      </PeakPickDetails>
    </PeakList1DHeader>
    <Peak1D F1="65.91655" intensity="1.794438" type="0"/>
    <Peak1D F1="62.576057" intensity="1.546256" type="0"/>
    <Peak1D F1="56.12505" intensity="1.896121" type="0"/>
  </PeakList1D>
  <PeakList1D>
    <PeakList1DHeader creator="Dell" date="2020-02-05T19:03:49" expNo="2" name="SDT431" owner="" procNo="1" source="C:/Users/Dell/Desktop/NMR/TIB ester">
      <PeakPickDetails>F1=35.360905ppm, F2=33.671566ppm, MI=1.08cm, MAXI=4.73cm, PC=1.400
      </PeakPickDetails>
    </PeakList1DHeader>
    <Peak1D F1="34.591599" intensity="1.834913" type="0"/>
  </PeakList1D>
  <PeakList1D>
    <PeakList1DHeader creator="Dell" date="2020-02-05T19:03:49" expNo="2" name="SDT431" owner="" procNo="1" source="C:/Users/Dell/Desktop/NMR/TIB ester">
      <PeakPickDetails>F1=31.982229ppm, F2=30.638437ppm, MI=1.15cm, MAXI=6.75cm, PC=1.400
      </PeakPickDetails>
    </PeakList1DHeader>
    <Peak1D F1="31.541269" intensity="3.495911" type="0"/>
  </PeakList1D>
  <PeakList1D>
    <PeakList1DHeader creator="Dell" date="2020-02-05T19:03:49" expNo="2" name="SDT431" owner="" procNo="1" source="C:/Users/Dell/Desktop/NMR/TIB ester">
      <PeakPickDetails>F1=29.217859ppm, F2=27.758886ppm, MI=0.54cm, MAXI=4.59cm, PC=1.400
      </PeakPickDetails>
    </PeakList1DHeader>
    <Peak1D F1="28.513756" intensity="1.550988" type="0"/>
  </PeakList1D>
  <PeakList1D>
    <PeakList1DHeader creator="Dell" date="2020-02-05T19:03:49" expNo="2" name="SDT431" owner="" procNo="1" source="C:/Users/Dell/Desktop/NMR/TIB ester">
      <PeakPickDetails>F1=24.879333ppm, F2=22.614084ppm, MI=1.01cm, MAXI=6.89cm, PC=1.400
      </PeakPickDetails>
    </PeakList1DHeader>
    <Peak1D F1="24.305616" intensity="3.737277" type="0"/>
    <Peak1D F1="24.258675" intensity="3.721334" type="0"/>
    <Peak1D F1="24.11241" intensity="3.831689" type="0"/>
  </PeakList1D>
</PeakList>
