<?xml version="1.0" encoding="UTF-8"?>
<PeakList modified="2020-02-08T14:11:16">
  <PeakList1D>
    <PeakList1DHeader creator="Dell" date="2020-02-08T14:11:16" expNo="6" name="SDT369A" owner="" procNo="1" source="C:/Users/Dell/Desktop/NMR/Boronate EE analysis">
      <PeakPickDetails>F1=8.005803ppm, F2=7.375531ppm, MI=0.17cm, MAXI=1.56cm, PC=1.000
      </PeakPickDetails>
    </PeakList1DHeader>
    <Peak1D F1="7.582789" intensity="0.8197628" type="0"/>
    <Peak1D F1="7.572728" intensity="0.8853614" type="0"/>
    <Peak1D F1="7.568008" intensity="0.8131226" type="0"/>
    <Peak1D F1="7.56624" intensity="0.8967062" type="0"/>
    <Peak1D F1="7.556196" intensity="0.9157839" type="0"/>
  </PeakList1D>
  <PeakList1D>
    <PeakList1DHeader creator="Dell" date="2020-02-08T14:11:16" expNo="6" name="SDT369A" owner="" procNo="1" source="C:/Users/Dell/Desktop/NMR/Boronate EE analysis">
      <PeakPickDetails>F1=7.274822ppm, F2=7.205842ppm, MI=0.31cm, MAXI=2.08cm, PC=1.000
      </PeakPickDetails>
    </PeakList1DHeader>
    <Peak1D F1="7.247732" intensity="0.7082072" type="0"/>
    <Peak1D F1="7.245542" intensity="0.8117396" type="0"/>
    <Peak1D F1="7.236788" intensity="1.411828" type="0"/>
    <Peak1D F1="7.235034" intensity="1.535043" type="0"/>
    <Peak1D F1="7.225876" intensity="0.933279" type="0"/>
    <Peak1D F1="7.223686" intensity="0.8246812" type="0"/>
  </PeakList1D>
  <PeakList1D>
    <PeakList1DHeader creator="Dell" date="2020-02-08T14:11:16" expNo="6" name="SDT369A" owner="" procNo="1" source="C:/Users/Dell/Desktop/NMR/Boronate EE analysis">
      <PeakPickDetails>F1=7.165815ppm, F2=7.153916ppm, MI=10.37cm, MAXI=19.07cm, PC=1.000
      </PeakPickDetails>
    </PeakList1DHeader>
    <Peak1D F1="7.160048" intensity="15.0" type="0"/>
  </PeakList1D>
  <PeakList1D>
    <PeakList1DHeader creator="Dell" date="2020-02-08T14:11:16" expNo="6" name="SDT369A" owner="" procNo="1" source="C:/Users/Dell/Desktop/NMR/Boronate EE analysis">
      <PeakPickDetails>F1=7.153916ppm, F2=7.120942ppm, MI=0.24cm, MAXI=1.20cm, PC=1.000
      </PeakPickDetails>
    </PeakList1DHeader>
    <Peak1D F1="7.14666" intensity="0.5781229" type="0"/>
    <Peak1D F1="7.14536" intensity="0.5896274" type="0"/>
    <Peak1D F1="7.135994" intensity="0.8835164" type="0"/>
    <Peak1D F1="7.134955" intensity="0.9155427" type="0"/>
    <Peak1D F1="7.125633" intensity="0.3976621" type="0"/>
    <Peak1D F1="7.124321" intensity="0.402497" type="0"/>
  </PeakList1D>
  <PeakList1D>
    <PeakList1DHeader creator="Dell" date="2020-02-08T14:11:16" expNo="6" name="SDT369A" owner="" procNo="1" source="C:/Users/Dell/Desktop/NMR/Boronate EE analysis">
      <PeakPickDetails>F1=5.223553ppm, F2=5.192461ppm, MI=0.73cm, MAXI=2.92cm, PC=1.000
      </PeakPickDetails>
    </PeakList1DHeader>
    <Peak1D F1="5.211173" intensity="1.069942" type="0"/>
    <Peak1D F1="5.200288" intensity="1.416505" type="0"/>
  </PeakList1D>
  <PeakList1D>
    <PeakList1DHeader creator="Dell" date="2020-02-08T14:11:16" expNo="6" name="SDT369A" owner="" procNo="1" source="C:/Users/Dell/Desktop/NMR/Boronate EE analysis">
      <PeakPickDetails>F1=4.736122ppm, F2=4.579089ppm, MI=0.14cm, MAXI=1.12cm, PC=1.000
      </PeakPickDetails>
    </PeakList1DHeader>
    <Peak1D F1="4.672242" intensity="0.1810852" type="0"/>
    <Peak1D F1="4.66397" intensity="0.3518225" type="0"/>
    <Peak1D F1="4.658998" intensity="0.2488345" type="0"/>
    <Peak1D F1="4.656977" intensity="0.2404881" type="0"/>
    <Peak1D F1="4.650439" intensity="0.3281749" type="0"/>
    <Peak1D F1="4.643094" intensity="0.1892066" type="0"/>
  </PeakList1D>
  <PeakList1D>
    <PeakList1DHeader creator="Dell" date="2020-02-08T14:11:16" expNo="6" name="SDT369A" owner="" procNo="1" source="C:/Users/Dell/Desktop/NMR/Boronate EE analysis">
      <PeakPickDetails>F1=4.076582ppm, F2=3.850455ppm, MI=0.07cm, MAXI=0.39cm, PC=1.000
      </PeakPickDetails>
    </PeakList1DHeader>
    <Peak1D F1="4.043724" intensity="0.09054018" type="0"/>
    <Peak1D F1="4.036536" intensity="0.1148693" type="0"/>
    <Peak1D F1="4.03404" intensity="0.1146261" type="0"/>
    <Peak1D F1="4.029497" intensity="0.1397726" type="0"/>
    <Peak1D F1="4.026772" intensity="0.1162688" type="0"/>
    <Peak1D F1="4.02236" intensity="0.1512587" type="0"/>
    <Peak1D F1="4.019849" intensity="0.1447296" type="0"/>
    <Peak1D F1="4.012567" intensity="0.1202517" type="0"/>
    <Peak1D F1="4.008226" intensity="0.08991299" type="0"/>
    <Peak1D F1="4.000174" intensity="0.1196724" type="0"/>
    <Peak1D F1="3.993945" intensity="0.1325971" type="0"/>
    <Peak1D F1="3.990651" intensity="0.1070091" type="0"/>
    <Peak1D F1="3.985937" intensity="0.1656762" type="0"/>
    <Peak1D F1="3.976421" intensity="0.1176941" type="0"/>
    <Peak1D F1="3.965272" intensity="0.1178164" type="0"/>
    <Peak1D F1="3.956486" intensity="0.1534059" type="0"/>
    <Peak1D F1="3.954364" intensity="0.1538797" type="0"/>
    <Peak1D F1="3.951096" intensity="0.1123696" type="0"/>
    <Peak1D F1="3.945497" intensity="0.1392424" type="0"/>
    <Peak1D F1="3.940185" intensity="0.2057694" type="0"/>
    <Peak1D F1="3.931204" intensity="0.2421656" type="0"/>
    <Peak1D F1="3.926014" intensity="0.1060113" type="0"/>
    <Peak1D F1="3.920947" intensity="0.1318552" type="0"/>
    <Peak1D F1="3.916797" intensity="0.1310756" type="0"/>
    <Peak1D F1="3.906913" intensity="0.1093552" type="0"/>
    <Peak1D F1="3.896876" intensity="0.09579367" type="0"/>
    <Peak1D F1="3.886666" intensity="0.09590885" type="0"/>
  </PeakList1D>
  <PeakList1D>
    <PeakList1DHeader creator="Dell" date="2020-02-08T14:11:16" expNo="6" name="SDT369A" owner="" procNo="1" source="C:/Users/Dell/Desktop/NMR/Boronate EE analysis">
      <PeakPickDetails>F1=3.649452ppm, F2=3.366792ppm, MI=0.07cm, MAXI=0.41cm, PC=1.000
      </PeakPickDetails>
    </PeakList1DHeader>
    <Peak1D F1="3.583971" intensity="0.130784" type="0"/>
    <Peak1D F1="3.455148" intensity="0.1497744" type="0"/>
  </PeakList1D>
  <PeakList1D>
    <PeakList1DHeader creator="Dell" date="2020-02-08T14:11:16" expNo="6" name="SDT369A" owner="" procNo="1" source="C:/Users/Dell/Desktop/NMR/Boronate EE analysis">
      <PeakPickDetails>F1=2.613033ppm, F2=2.236153ppm, MI=0.07cm, MAXI=0.43cm, PC=1.000
      </PeakPickDetails>
    </PeakList1DHeader>
    <Peak1D F1="2.527202" intensity="0.08834182" type="0"/>
    <Peak1D F1="2.519886" intensity="0.09795958" type="0"/>
    <Peak1D F1="2.517291" intensity="0.1168374" type="0"/>
    <Peak1D F1="2.510125" intensity="0.1173479" type="0"/>
    <Peak1D F1="2.506799" intensity="0.115522" type="0"/>
    <Peak1D F1="2.499746" intensity="0.1098513" type="0"/>
    <Peak1D F1="2.447894" intensity="0.09191062" type="0"/>
    <Peak1D F1="2.437706" intensity="0.1221836" type="0"/>
    <Peak1D F1="2.427777" intensity="0.1482863" type="0"/>
    <Peak1D F1="2.419259" intensity="0.1388766" type="0"/>
    <Peak1D F1="2.409397" intensity="0.07364854" type="0"/>
    <Peak1D F1="2.390038" intensity="0.1098082" type="0"/>
    <Peak1D F1="2.382668" intensity="0.102116" type="0"/>
    <Peak1D F1="2.378189" intensity="0.1913788" type="0"/>
    <Peak1D F1="2.369363" intensity="0.164816" type="0"/>
    <Peak1D F1="2.365977" intensity="0.1567157" type="0"/>
    <Peak1D F1="2.35733" intensity="0.1554461" type="0"/>
    <Peak1D F1="2.3456" intensity="0.08467237" type="0"/>
  </PeakList1D>
  <PeakList1D>
    <PeakList1DHeader creator="Dell" date="2020-02-08T14:11:16" expNo="6" name="SDT369A" owner="" procNo="1" source="C:/Users/Dell/Desktop/NMR/Boronate EE analysis">
      <PeakPickDetails>F1=1.180189ppm, F2=0.960312ppm, MI=6.36cm, MAXI=11.48cm, PC=1.000
      </PeakPickDetails>
    </PeakList1DHeader>
    <Peak1D F1="1.030084" intensity="9.295279" type="0"/>
    <Peak1D F1="1.025658" intensity="9.747325" type="0"/>
  </PeakList1D>
  <PeakList1D>
    <PeakList1DHeader creator="Dell" date="2020-02-08T14:11:16" expNo="6" name="SDT369A" owner="" procNo="1" source="C:/Users/Dell/Desktop/NMR/Boronate EE analysis">
      <PeakPickDetails>F1=0.960312ppm, F2=0.745873ppm, MI=0.45cm, MAXI=3.04cm, PC=1.000
      </PeakPickDetails>
    </PeakList1DHeader>
    <Peak1D F1="0.927655" intensity="0.975912" type="0"/>
    <Peak1D F1="0.921138" intensity="1.136488" type="0"/>
    <Peak1D F1="0.91766" intensity="1.144314" type="0"/>
    <Peak1D F1="0.911697" intensity="0.9099097" type="0"/>
    <Peak1D F1="0.897363" intensity="1.075856" type="0"/>
    <Peak1D F1="0.895572" intensity="1.107461" type="0"/>
    <Peak1D F1="0.887681" intensity="1.06161" type="0"/>
    <Peak1D F1="0.885913" intensity="1.063093" type="0"/>
    <Peak1D F1="0.821339" intensity="0.8547368" type="0"/>
    <Peak1D F1="0.81142" intensity="2.212175" type="0"/>
    <Peak1D F1="0.80127" intensity="1.717633" type="0"/>
    <Peak1D F1="0.789486" intensity="0.8623062" type="0"/>
  </PeakList1D>
  <PeakList1D>
    <PeakList1DHeader creator="Dell" date="2020-02-08T14:11:16" expNo="6" name="SDT369A" owner="" procNo="1" source="C:/Users/Dell/Desktop/NMR/Boronate EE analysis">
      <PeakPickDetails>F1=0.745873ppm, F2=0.708113ppm, MI=6.36cm, MAXI=11.48cm, PC=1.000
      </PeakPickDetails>
    </PeakList1DHeader>
  </PeakList1D>
  <PeakList1D>
    <PeakList1DHeader creator="Dell" date="2020-02-08T14:11:16" expNo="6" name="SDT369A" owner="" procNo="1" source="C:/Users/Dell/Desktop/NMR/Boronate EE analysis">
      <PeakPickDetails>F1=0.171386ppm, F2=0.119119ppm, MI=1.32cm, MAXI=3.66cm, PC=1.000
      </PeakPickDetails>
    </PeakList1DHeader>
    <Peak1D F1="7.584588083297131" intensity="0.6851805403878038" type="1"/>
    <Peak1D F1="7.571424063610679" intensity="0.8449805175116807" type="1"/>
    <Peak1D F1="7.554928409312222" intensity="0.8308941668126403" type="1"/>
    <Peak1D F1="0.156198" intensity="2.912831" type="0"/>
    <Peak1D F1="0.153276" intensity="2.970576" type="0"/>
    <Peak1D F1="0.148633" intensity="2.712276" type="0"/>
    <Peak1D F1="0.134972" intensity="2.603399" type="0"/>
  </PeakList1D>
</PeakList>
