<?xml version="1.0" encoding="UTF-8"?>
<PeakList modified="2020-02-06T10:16:37">
  <PeakList1D>
    <PeakList1DHeader creator="Dell" date="2020-02-06T10:15:37" expNo="3" name="SDT326" owner="" procNo="1" source="C:/Users/Dell/Desktop/NMR/Methoxy chromanyl">
      <PeakPickDetails>F1=128.514053ppm, F2=103.633392ppm, MI=3.34cm, MAXI=18.25cm, PC=1.400
      </PeakPickDetails>
    </PeakList1DHeader>
    <Peak1D F1="122.453583" intensity="9.804789" type="0"/>
    <Peak1D F1="120.031784" intensity="10.57032" type="0"/>
    <Peak1D F1="110.997078" intensity="10.07705" type="0"/>
  </PeakList1D>
  <PeakList1D>
    <PeakList1DHeader creator="Dell" date="2020-02-06T10:15:37" expNo="3" name="SDT326" owner="" procNo="1" source="C:/Users/Dell/Desktop/NMR/Methoxy chromanyl">
      <PeakPickDetails>F1=69.016808ppm, F2=51.492165ppm, MI=4.34cm, MAXI=16.00cm, PC=1.400
      </PeakPickDetails>
    </PeakList1DHeader>
    <Peak1D F1="65.269493" intensity="9.653145" type="0"/>
    <Peak1D F1="55.989227" intensity="15.0" type="0"/>
  </PeakList1D>
  <PeakList1D>
    <PeakList1DHeader creator="Dell@Dell-PC" date="2020-02-06T10:16:39" expNo="3" name="SDT326" owner="Dell" procNo="1" source="C:/Users/Dell/Desktop/NMR/Methoxy chromanyl">
      <PeakPickDetails>Manually picked peaks
</PeakPickDetails>
    </PeakList1DHeader>
    <Peak1D F1="63.12967076571615" intensity="-11.813087719973492" type="1"/>
    <Peak1D F1="46.805922892317454" intensity="0.22087824503911066" type="1"/>
    <Peak1D F1="45.29975118679342" intensity="0.2413598145409538" type="1"/>
    <Peak1D F1="28.851013444058303" intensity="-11.1555095073779" type="1"/>
    <Peak1D F1="21.747937382872337" intensity="0.4410298779303725" type="1"/>
    <Peak1D F1="20.680677492786934" intensity="0.4693269620650742" type="1"/>
  </PeakList1D>
</PeakList>
