<?xml version="1.0" encoding="UTF-8"?>
<PeakList>
  <PeakList1D>
    <PeakList1DHeader creator="nmrsu" date="2018-11-30T12:16:57.030-02:00" expNo="1" name="2B247_MS231B_2" owner="" procNo="1" source="C:/NMRData/data/marcio_marilia/nmr">
      <PeakPickDetails>F1=15.918ppm, F2=-1.121ppm, MI=0.00cm, MAXI=10000.00cm, PC=1.000
      </PeakPickDetails>
    </PeakList1DHeader>
    <Peak1D F1="15.5614" intensity="1.157634e-002" type="0"/>
    <Peak1D F1="13.2792" intensity="1.016256e-002" type="0"/>
    <Peak1D F1="11.5963" intensity="9.725609e-003" type="0"/>
    <Peak1D F1="11.3526" intensity="9.725086e-003" type="0"/>
    <Peak1D F1="11.3284" intensity="9.488508e-003" type="0"/>
    <Peak1D F1="8.8637" intensity="9.226126e-003" type="0"/>
    <Peak1D F1="8.6585" intensity="1.130704e-002" type="0"/>
    <Peak1D F1="8.2483" intensity="1.135964e-002" type="0"/>
    <Peak1D F1="8.2194" intensity="1.072794e-002" type="0"/>
    <Peak1D F1="8.2078" intensity="1.101139e-002" type="0"/>
    <Peak1D F1="8.2053" intensity="1.111592e-002" type="0"/>
    <Peak1D F1="8.1958" intensity="1.519138e-002" type="0"/>
    <Peak1D F1="8.1919" intensity="1.440690e-002" type="0"/>
    <Peak1D F1="8.1254" intensity="6.969269e-001" type="0"/>
    <Peak1D F1="8.0925" intensity="3.903632e-002" type="0"/>
    <Peak1D F1="8.0645" intensity="1.229463e-002" type="0"/>
    <Peak1D F1="8.0406" intensity="1.090997e-002" type="0"/>
    <Peak1D F1="8.0012" intensity="2.200002e-002" type="0"/>
    <Peak1D F1="7.7784" intensity="1.342676e-002" type="0"/>
    <Peak1D F1="7.7580" intensity="1.195704e-002" type="0"/>
    <Peak1D F1="7.7262" intensity="1.109689e-002" type="0"/>
    <Peak1D F1="7.7078" intensity="1.199488e-002" type="0"/>
    <Peak1D F1="7.6561" intensity="1.052168e-002" type="0"/>
    <Peak1D F1="7.6363" intensity="1.058140e-002" type="0"/>
    <Peak1D F1="7.5656" intensity="1.158731e-002" type="0"/>
    <Peak1D F1="7.5484" intensity="2.439492e-002" type="0"/>
    <Peak1D F1="7.5300" intensity="1.101921e+000" type="0"/>
    <Peak1D F1="7.5195" intensity="8.458287e-002" type="0"/>
    <Peak1D F1="7.5102" intensity="1.206929e+000" type="0"/>
    <Peak1D F1="7.4605" intensity="1.144794e-002" type="0"/>
    <Peak1D F1="7.4477" intensity="1.075577e-002" type="0"/>
    <Peak1D F1="7.4422" intensity="2.205616e-002" type="0"/>
    <Peak1D F1="7.4254" intensity="1.678460e-002" type="0"/>
    <Peak1D F1="7.4077" intensity="1.363158e-002" type="0"/>
    <Peak1D F1="7.3935" intensity="9.960028e-003" type="0"/>
    <Peak1D F1="7.3671" intensity="1.549551e-002" type="0"/>
    <Peak1D F1="7.3289" intensity="1.882769e-002" type="0"/>
    <Peak1D F1="7.3087" intensity="2.559726e-002" type="0"/>
    <Peak1D F1="7.2902" intensity="1.182544e-002" type="0"/>
    <Peak1D F1="7.2874" intensity="1.615218e-002" type="0"/>
    <Peak1D F1="7.2816" intensity="1.408494e-002" type="0"/>
    <Peak1D F1="7.2770" intensity="1.472132e-002" type="0"/>
    <Peak1D F1="7.2717" intensity="1.365718e-002" type="0"/>
    <Peak1D F1="7.2649" intensity="1.726181e-002" type="0"/>
    <Peak1D F1="7.2565" intensity="1.639697e-002" type="0"/>
    <Peak1D F1="7.2295" intensity="6.885261e-001" type="0"/>
    <Peak1D F1="7.2092" intensity="1.707937e+000" type="0"/>
    <Peak1D F1="7.1934" intensity="9.083455e-001" type="0"/>
    <Peak1D F1="7.1906" intensity="9.624389e-001" type="0"/>
    <Peak1D F1="7.1832" intensity="3.567724e+000" type="0"/>
    <Peak1D F1="7.1764" intensity="1.197266e+000" type="0"/>
    <Peak1D F1="7.1735" intensity="1.287007e+000" type="0"/>
    <Peak1D F1="7.1703" intensity="4.214451e-001" type="0"/>
    <Peak1D F1="7.1560" intensity="5.944859e-001" type="0"/>
    <Peak1D F1="7.1531" intensity="5.601035e-001" type="0"/>
    <Peak1D F1="7.1421" intensity="7.462238e-002" type="0"/>
    <Peak1D F1="7.1235" intensity="4.108769e-002" type="0"/>
    <Peak1D F1="7.1171" intensity="3.979174e-002" type="0"/>
    <Peak1D F1="7.1061" intensity="8.769773e-001" type="0"/>
    <Peak1D F1="7.1029" intensity="8.999085e-001" type="0"/>
    <Peak1D F1="7.0889" intensity="7.185874e-001" type="0"/>
    <Peak1D F1="7.0860" intensity="1.352663e+000" type="0"/>
    <Peak1D F1="7.0831" intensity="9.082336e-001" type="0"/>
    <Peak1D F1="7.0691" intensity="6.126372e-001" type="0"/>
    <Peak1D F1="7.0660" intensity="5.973230e-001" type="0"/>
    <Peak1D F1="7.0495" intensity="2.646696e-002" type="0"/>
    <Peak1D F1="7.0393" intensity="7.224644e-002" type="0"/>
    <Peak1D F1="7.0297" intensity="4.343748e-002" type="0"/>
    <Peak1D F1="7.0197" intensity="1.408610e-001" type="0"/>
    <Peak1D F1="6.9987" intensity="1.062105e+000" type="0"/>
    <Peak1D F1="6.9915" intensity="1.019829e-001" type="0"/>
    <Peak1D F1="6.9788" intensity="2.059108e+000" type="0"/>
    <Peak1D F1="6.9589" intensity="1.209847e+000" type="0"/>
    <Peak1D F1="6.9379" intensity="1.061306e-001" type="0"/>
    <Peak1D F1="6.9187" intensity="8.269913e-002" type="0"/>
    <Peak1D F1="6.8865" intensity="1.146509e-001" type="0"/>
    <Peak1D F1="6.8654" intensity="1.112151e-002" type="0"/>
    <Peak1D F1="6.8610" intensity="1.027676e-002" type="0"/>
    <Peak1D F1="6.8370" intensity="1.212664e-002" type="0"/>
    <Peak1D F1="6.8098" intensity="1.730138e-002" type="0"/>
    <Peak1D F1="6.7902" intensity="1.881056e-002" type="0"/>
    <Peak1D F1="6.7769" intensity="1.535166e-002" type="0"/>
    <Peak1D F1="6.7746" intensity="1.382319e-002" type="0"/>
    <Peak1D F1="6.7575" intensity="1.150460e-002" type="0"/>
    <Peak1D F1="6.7522" intensity="1.276334e-002" type="0"/>
    <Peak1D F1="6.6828" intensity="1.729616e-002" type="0"/>
    <Peak1D F1="6.6663" intensity="2.169127e-002" type="0"/>
    <Peak1D F1="6.6356" intensity="9.650583e-001" type="0"/>
    <Peak1D F1="6.6335" intensity="9.701424e-001" type="0"/>
    <Peak1D F1="6.6317" intensity="8.986754e-001" type="0"/>
    <Peak1D F1="6.6161" intensity="8.606009e-001" type="0"/>
    <Peak1D F1="6.6140" intensity="8.857520e-001" type="0"/>
    <Peak1D F1="6.6122" intensity="7.860806e-001" type="0"/>
    <Peak1D F1="6.5922" intensity="1.934820e-002" type="0"/>
    <Peak1D F1="6.5859" intensity="1.716103e-002" type="0"/>
    <Peak1D F1="6.5723" intensity="1.068276e-002" type="0"/>
    <Peak1D F1="6.5607" intensity="9.428873e-003" type="0"/>
    <Peak1D F1="6.5503" intensity="1.118537e-002" type="0"/>
    <Peak1D F1="6.5161" intensity="8.928475e-002" type="0"/>
    <Peak1D F1="6.5081" intensity="3.459693e-002" type="0"/>
    <Peak1D F1="6.4889" intensity="7.517917e-001" type="0"/>
    <Peak1D F1="6.4844" intensity="7.987929e-001" type="0"/>
    <Peak1D F1="6.4686" intensity="6.694281e-001" type="0"/>
    <Peak1D F1="6.4642" intensity="7.525357e-001" type="0"/>
    <Peak1D F1="6.4375" intensity="1.451541e-002" type="0"/>
    <Peak1D F1="6.4290" intensity="1.456750e-002" type="0"/>
    <Peak1D F1="6.4283" intensity="1.633263e-002" type="0"/>
    <Peak1D F1="6.4249" intensity="1.609912e-002" type="0"/>
    <Peak1D F1="6.4188" intensity="1.513932e-002" type="0"/>
    <Peak1D F1="6.4073" intensity="1.931830e-002" type="0"/>
    <Peak1D F1="6.3922" intensity="1.177600e+000" type="0"/>
    <Peak1D F1="6.3872" intensity="1.637803e+000" type="0"/>
    <Peak1D F1="6.3821" intensity="1.013652e+000" type="0"/>
    <Peak1D F1="6.1873" intensity="1.226069e-002" type="0"/>
    <Peak1D F1="5.5903" intensity="1.058456e-002" type="0"/>
    <Peak1D F1="5.5818" intensity="3.454113e-002" type="0"/>
    <Peak1D F1="5.4559" intensity="1.250381e-002" type="0"/>
    <Peak1D F1="5.4128" intensity="1.000164e-002" type="0"/>
    <Peak1D F1="5.2744" intensity="1.249963e-002" type="0"/>
    <Peak1D F1="5.2665" intensity="9.419610e-003" type="0"/>
    <Peak1D F1="5.2016" intensity="1.093115e-002" type="0"/>
    <Peak1D F1="4.3842" intensity="1.774642e-002" type="0"/>
    <Peak1D F1="4.3824" intensity="1.260251e-002" type="0"/>
    <Peak1D F1="4.3662" intensity="2.721983e-002" type="0"/>
    <Peak1D F1="4.3485" intensity="1.648405e-002" type="0"/>
    <Peak1D F1="4.0059" intensity="9.740903e-003" type="0"/>
    <Peak1D F1="3.9977" intensity="3.737620e-002" type="0"/>
    <Peak1D F1="3.9498" intensity="3.051169e-002" type="0"/>
    <Peak1D F1="3.9099" intensity="7.171859e-002" type="0"/>
    <Peak1D F1="3.8989" intensity="1.009928e-002" type="0"/>
    <Peak1D F1="3.8790" intensity="9.969432e-003" type="0"/>
    <Peak1D F1="3.8719" intensity="3.962094e-002" type="0"/>
    <Peak1D F1="3.8599" intensity="2.704297e-002" type="0"/>
    <Peak1D F1="3.8379" intensity="8.058108e+000" type="0"/>
    <Peak1D F1="3.8003" intensity="1.023017e-002" type="0"/>
    <Peak1D F1="3.7953" intensity="9.814457e-003" type="0"/>
    <Peak1D F1="3.7539" intensity="1.382218e-002" type="0"/>
    <Peak1D F1="3.7256" intensity="8.076123e-002" type="0"/>
    <Peak1D F1="3.6811" intensity="1.702906e-002" type="0"/>
    <Peak1D F1="3.6747" intensity="4.061444e-002" type="0"/>
    <Peak1D F1="3.6469" intensity="1.399714e-001" type="0"/>
    <Peak1D F1="3.6360" intensity="1.894392e-002" type="0"/>
    <Peak1D F1="3.6310" intensity="1.049130e-002" type="0"/>
    <Peak1D F1="3.6089" intensity="1.429178e-002" type="0"/>
    <Peak1D F1="3.6048" intensity="2.881894e-002" type="0"/>
    <Peak1D F1="3.6025" intensity="2.327550e-002" type="0"/>
    <Peak1D F1="3.5899" intensity="2.888767e-002" type="0"/>
    <Peak1D F1="3.5818" intensity="1.596595e-001" type="0"/>
    <Peak1D F1="3.5645" intensity="2.842814e-002" type="0"/>
    <Peak1D F1="3.5442" intensity="1.500000e+001" type="0"/>
    <Peak1D F1="3.5280" intensity="7.488745e-002" type="0"/>
    <Peak1D F1="3.5244" intensity="7.385295e-002" type="0"/>
    <Peak1D F1="3.5017" intensity="1.240337e-001" type="0"/>
    <Peak1D F1="3.4799" intensity="2.748124e-002" type="0"/>
    <Peak1D F1="3.3580" intensity="7.997352e-002" type="0"/>
    <Peak1D F1="2.9927" intensity="7.711539e-002" type="0"/>
    <Peak1D F1="2.9621" intensity="6.775782e-002" type="0"/>
    <Peak1D F1="2.9438" intensity="1.238604e-002" type="0"/>
    <Peak1D F1="2.9327" intensity="1.138845e-002" type="0"/>
    <Peak1D F1="2.9316" intensity="1.355346e-002" type="0"/>
    <Peak1D F1="2.9230" intensity="1.181195e-002" type="0"/>
    <Peak1D F1="2.9057" intensity="9.249563e-003" type="0"/>
    <Peak1D F1="2.8775" intensity="4.507815e-002" type="0"/>
    <Peak1D F1="2.8265" intensity="7.575415e-002" type="0"/>
    <Peak1D F1="2.7371" intensity="1.655749e-002" type="0"/>
    <Peak1D F1="2.7343" intensity="1.296376e-002" type="0"/>
    <Peak1D F1="2.7189" intensity="2.991593e-002" type="0"/>
    <Peak1D F1="2.7010" intensity="1.477973e-002" type="0"/>
    <Peak1D F1="2.6022" intensity="1.828785e-002" type="0"/>
    <Peak1D F1="2.5837" intensity="2.839978e-002" type="0"/>
    <Peak1D F1="2.5653" intensity="1.875148e-002" type="0"/>
    <Peak1D F1="2.5258" intensity="9.739050e-002" type="0"/>
    <Peak1D F1="2.5022" intensity="9.661099e-002" type="0"/>
    <Peak1D F1="2.4163" intensity="1.170609e-002" type="0"/>
    <Peak1D F1="2.3138" intensity="1.025999e-002" type="0"/>
    <Peak1D F1="2.2676" intensity="1.493285e-001" type="0"/>
    <Peak1D F1="2.2594" intensity="7.048715e-002" type="0"/>
    <Peak1D F1="2.2458" intensity="1.738127e-002" type="0"/>
    <Peak1D F1="2.2361" intensity="2.697754e-002" type="0"/>
    <Peak1D F1="2.2253" intensity="4.447486e-002" type="0"/>
    <Peak1D F1="2.2179" intensity="6.661298e-002" type="0"/>
    <Peak1D F1="2.2052" intensity="1.715429e-002" type="0"/>
    <Peak1D F1="2.1920" intensity="5.695179e-002" type="0"/>
    <Peak1D F1="2.1814" intensity="1.947896e-002" type="0"/>
    <Peak1D F1="2.1620" intensity="1.025454e-001" type="0"/>
    <Peak1D F1="2.1472" intensity="9.760161e-003" type="0"/>
    <Peak1D F1="2.1143" intensity="1.215737e-002" type="0"/>
    <Peak1D F1="2.1030" intensity="1.007651e-002" type="0"/>
    <Peak1D F1="2.0926" intensity="7.408846e-002" type="0"/>
    <Peak1D F1="2.0828" intensity="1.491089e-002" type="0"/>
    <Peak1D F1="1.9635" intensity="2.063736e-002" type="0"/>
    <Peak1D F1="1.9382" intensity="1.047697e-002" type="0"/>
    <Peak1D F1="1.9304" intensity="9.296762e-003" type="0"/>
    <Peak1D F1="1.6124" intensity="9.655376e-003" type="0"/>
    <Peak1D F1="1.5417" intensity="1.316892e-002" type="0"/>
    <Peak1D F1="1.5305" intensity="1.914150e-002" type="0"/>
    <Peak1D F1="1.5113" intensity="1.561268e-002" type="0"/>
    <Peak1D F1="1.5076" intensity="1.285943e-002" type="0"/>
    <Peak1D F1="1.5019" intensity="1.290520e-002" type="0"/>
    <Peak1D F1="1.4917" intensity="1.168755e-002" type="0"/>
    <Peak1D F1="1.4870" intensity="1.086369e-002" type="0"/>
    <Peak1D F1="1.4817" intensity="1.096262e-002" type="0"/>
    <Peak1D F1="1.4509" intensity="9.633310e-003" type="0"/>
    <Peak1D F1="1.4432" intensity="1.069250e-002" type="0"/>
    <Peak1D F1="1.4299" intensity="1.093817e-002" type="0"/>
    <Peak1D F1="1.4248" intensity="1.012117e-002" type="0"/>
    <Peak1D F1="1.3563" intensity="9.295188e-003" type="0"/>
    <Peak1D F1="1.3498" intensity="9.799353e-003" type="0"/>
    <Peak1D F1="1.3336" intensity="1.285165e-002" type="0"/>
    <Peak1D F1="1.3233" intensity="9.874077e-003" type="0"/>
    <Peak1D F1="1.3048" intensity="1.011452e-002" type="0"/>
    <Peak1D F1="1.2983" intensity="3.371368e-002" type="0"/>
    <Peak1D F1="1.2593" intensity="2.829268e-002" type="0"/>
    <Peak1D F1="1.2396" intensity="2.688014e-002" type="0"/>
    <Peak1D F1="1.2277" intensity="4.031708e-002" type="0"/>
    <Peak1D F1="1.2070" intensity="7.795707e-002" type="0"/>
    <Peak1D F1="1.1824" intensity="5.910052e-001" type="0"/>
    <Peak1D F1="1.1588" intensity="5.219383e-002" type="0"/>
    <Peak1D F1="1.1434" intensity="3.665571e-002" type="0"/>
    <Peak1D F1="1.1392" intensity="3.577467e-002" type="0"/>
    <Peak1D F1="1.1213" intensity="2.595785e-002" type="0"/>
    <Peak1D F1="1.1052" intensity="1.645700e-002" type="0"/>
    <Peak1D F1="1.1010" intensity="1.484388e-002" type="0"/>
    <Peak1D F1="1.0882" intensity="1.405545e-002" type="0"/>
    <Peak1D F1="1.0799" intensity="1.309059e-002" type="0"/>
    <Peak1D F1="1.0713" intensity="1.594389e-002" type="0"/>
    <Peak1D F1="1.0592" intensity="1.171851e-002" type="0"/>
    <Peak1D F1="1.0548" intensity="1.897305e-002" type="0"/>
    <Peak1D F1="1.0462" intensity="1.505132e-002" type="0"/>
    <Peak1D F1="1.0331" intensity="1.507975e-002" type="0"/>
    <Peak1D F1="1.0269" intensity="1.319723e-002" type="0"/>
    <Peak1D F1="1.0049" intensity="1.097059e-002" type="0"/>
    <Peak1D F1="0.9934" intensity="9.510571e-003" type="0"/>
    <Peak1D F1="0.9839" intensity="9.977585e-003" type="0"/>
    <Peak1D F1="0.9728" intensity="1.105427e-002" type="0"/>
    <Peak1D F1="0.9676" intensity="1.096276e-002" type="0"/>
    <Peak1D F1="0.8707" intensity="9.568854e-003" type="0"/>
    <Peak1D F1="0.8498" intensity="1.027550e-002" type="0"/>
    <Peak1D F1="0.8439" intensity="1.358371e-002" type="0"/>
    <Peak1D F1="0.8252" intensity="4.151432e-002" type="0"/>
    <Peak1D F1="0.8080" intensity="9.026823e-002" type="0"/>
    <Peak1D F1="0.7976" intensity="3.961186e-002" type="0"/>
    <Peak1D F1="0.7904" intensity="5.170763e-002" type="0"/>
    <Peak1D F1="0.7819" intensity="4.337685e-002" type="0"/>
    <Peak1D F1="0.7735" intensity="3.809139e-002" type="0"/>
    <Peak1D F1="0.7570" intensity="3.261544e-002" type="0"/>
    <Peak1D F1="0.7549" intensity="3.332589e-002" type="0"/>
    <Peak1D F1="0.7437" intensity="1.767732e-002" type="0"/>
    <Peak1D F1="0.7407" intensity="1.654831e-002" type="0"/>
    <Peak1D F1="0.7354" intensity="1.690087e-002" type="0"/>
    <Peak1D F1="0.7274" intensity="1.271005e-002" type="0"/>
    <Peak1D F1="0.7224" intensity="1.067924e-002" type="0"/>
    <Peak1D F1="-0.0001" intensity="1.350235e-001" type="0"/>
    <Peak1D F1="-1.0123" intensity="9.684637e-003" type="0"/>
    <Peak1D F1="-1.0453" intensity="1.091589e-002" type="0"/>
  </PeakList1D>
</PeakList>
