<?xml version="1.0" encoding="UTF-8"?>
<PeakList modified="2020-02-03T11:49:02">
  <PeakList1D>
    <PeakList1DHeader creator="Dell" date="2020-02-03T11:49:02" expNo="2" name="SDT323B2" owner="" procNo="1" source="C:/Users/Dell/Desktop/NMR/E synthesis">
      <PeakPickDetails>F1=155.990982ppm, F2=101.037155ppm, MI=0.07cm, MAXI=0.92cm, PC=1.400
      </PeakPickDetails>
    </PeakList1DHeader>
    <Peak1D F1="148.995102" intensity="0.2062128" type="0"/>
    <Peak1D F1="143.924347" intensity="0.1546439" type="0"/>
    <Peak1D F1="129.688004" intensity="0.2386237" type="0"/>
    <Peak1D F1="123.669914" intensity="0.1981317" type="0"/>
    <Peak1D F1="120.127838" intensity="0.4945461" type="0"/>
    <Peak1D F1="119.455513" intensity="0.4542848" type="0"/>
    <Peak1D F1="115.852364" intensity="0.4567589" type="0"/>
    <Peak1D F1="109.831139" intensity="0.4219349" type="0"/>
  </PeakList1D>
  <PeakList1D>
    <PeakList1DHeader creator="Dell" date="2020-02-03T11:49:02" expNo="2" name="SDT323B2" owner="" procNo="1" source="C:/Users/Dell/Desktop/NMR/E synthesis">
      <PeakPickDetails>F1=82.214386ppm, F2=67.718689ppm, MI=2.61cm, MAXI=21.50cm, PC=1.400
      </PeakPickDetails>
    </PeakList1DHeader>
    <Peak1D F1="77.382027" intensity="14.71878" type="0"/>
    <Peak1D F1="77.200546" intensity="15.0" type="0"/>
    <Peak1D F1="77.019089" intensity="14.84679" type="0"/>
  </PeakList1D>
  <PeakList1D>
    <PeakList1DHeader creator="Dell" date="2020-02-03T11:49:02" expNo="2" name="SDT323B2" owner="" procNo="1" source="C:/Users/Dell/Desktop/NMR/E synthesis">
      <PeakPickDetails>F1=67.718689ppm, F2=49.761337ppm, MI=0.16cm, MAXI=0.80cm, PC=1.400
      </PeakPickDetails>
    </PeakList1DHeader>
    <Peak1D F1="66.943642" intensity="0.4638331" type="0"/>
    <Peak1D F1="62.836212" intensity="0.4736332" type="0"/>
    <Peak1D F1="56.069443" intensity="0.4876029" type="0"/>
  </PeakList1D>
  <PeakList1D>
    <PeakList1DHeader creator="Dell" date="2020-02-03T11:49:02" expNo="2" name="SDT323B2" owner="" procNo="1" source="C:/Users/Dell/Desktop/NMR/E synthesis">
      <PeakPickDetails>F1=35.481998ppm, F2=20.986303ppm, MI=0.15cm, MAXI=2.52cm, PC=1.400
      </PeakPickDetails>
    </PeakList1DHeader>
    <Peak1D F1="31.686531" intensity="0.4813704" type="0"/>
    <Peak1D F1="26.13678" intensity="1.70516" type="0"/>
    <Peak1D F1="25.951019" intensity="0.4677972" type="0"/>
  </PeakList1D>
  <PeakList1D>
    <PeakList1DHeader creator="Dell" date="2020-02-03T11:49:02" expNo="2" name="SDT323B2" owner="" procNo="1" source="C:/Users/Dell/Desktop/NMR/E synthesis">
      <PeakPickDetails>F1=20.986303ppm, F2=16.226522ppm, MI=0.05cm, MAXI=0.74cm, PC=1.400
      </PeakPickDetails>
    </PeakList1DHeader>
    <Peak1D F1="18.554756" intensity="0.2364601" type="0"/>
  </PeakList1D>
  <PeakList1D>
    <PeakList1DHeader creator="Dell" date="2020-02-03T11:49:02" expNo="2" name="SDT323B2" owner="" procNo="1" source="C:/Users/Dell/Desktop/NMR/E synthesis">
      <PeakPickDetails>F1=-0.865415ppm, F2=-8.221438ppm, MI=0.20cm, MAXI=1.54cm, PC=1.400
      </PeakPickDetails>
    </PeakList1DHeader>
    <Peak1D F1="-5.054014" intensity="0.8942795" type="0"/>
  </PeakList1D>
</PeakList>
