<?xml version="1.0" encoding="UTF-8"?>
<PeakList>
  <PeakList1D>
    <PeakList1DHeader creator="nmrsu" date="2019-04-26T10:43:28.721-03:00" expNo="1" name="2B216_MS311" owner="" procNo="1" source="C:/NMRData/data/marcio_marilia/nmr">
      <PeakPickDetails>F1=15.910190ppm, F2=-1.128873ppm, MI=0.00cm, MAXI=10000.00cm, PC=1.000
      </PeakPickDetails>
    </PeakList1DHeader>
    <Peak1D F1="10.993038" intensity="1.358392e-002" type="0"/>
    <Peak1D F1="9.180350" intensity="7.941082e-003" type="0"/>
    <Peak1D F1="9.166792" intensity="7.822167e-003" type="0"/>
    <Peak1D F1="8.847284" intensity="8.847916e-003" type="0"/>
    <Peak1D F1="8.827233" intensity="8.252275e-002" type="0"/>
    <Peak1D F1="8.818406" intensity="2.557073e-002" type="0"/>
    <Peak1D F1="8.671298" intensity="9.513490e-003" type="0"/>
    <Peak1D F1="8.660833" intensity="7.628641e-003" type="0"/>
    <Peak1D F1="8.632692" intensity="9.582457e-003" type="0"/>
    <Peak1D F1="8.617985" intensity="9.150043e-003" type="0"/>
    <Peak1D F1="8.524136" intensity="8.067060e-003" type="0"/>
    <Peak1D F1="8.496799" intensity="7.960753e-003" type="0"/>
    <Peak1D F1="8.408899" intensity="7.546718e-003" type="0"/>
    <Peak1D F1="8.401368" intensity="2.455227e-002" type="0"/>
    <Peak1D F1="8.385283" intensity="9.485006e-003" type="0"/>
    <Peak1D F1="8.383182" intensity="1.002564e-002" type="0"/>
    <Peak1D F1="8.377430" intensity="1.958200e-002" type="0"/>
    <Peak1D F1="8.375133" intensity="2.281019e-002" type="0"/>
    <Peak1D F1="8.350253" intensity="5.430252e-002" type="0"/>
    <Peak1D F1="8.336898" intensity="3.769187e-002" type="0"/>
    <Peak1D F1="8.317697" intensity="1.083488e-002" type="0"/>
    <Peak1D F1="8.316653" intensity="1.328749e-002" type="0"/>
    <Peak1D F1="8.314008" intensity="1.209694e-002" type="0"/>
    <Peak1D F1="8.273508" intensity="3.111827e-002" type="0"/>
    <Peak1D F1="8.255079" intensity="1.857265e-002" type="0"/>
    <Peak1D F1="8.235540" intensity="3.982890e-002" type="0"/>
    <Peak1D F1="8.234711" intensity="4.092820e-002" type="0"/>
    <Peak1D F1="8.233130" intensity="4.081709e-002" type="0"/>
    <Peak1D F1="8.219871" intensity="2.842090e-002" type="0"/>
    <Peak1D F1="8.215791" intensity="3.585304e-002" type="0"/>
    <Peak1D F1="8.189263" intensity="4.567014e-002" type="0"/>
    <Peak1D F1="8.149509" intensity="1.179400e+000" type="0"/>
    <Peak1D F1="8.114573" intensity="8.283409e-002" type="0"/>
    <Peak1D F1="8.104223" intensity="6.330903e-002" type="0"/>
    <Peak1D F1="8.067269" intensity="2.560226e-002" type="0"/>
    <Peak1D F1="8.043585" intensity="2.110461e-002" type="0"/>
    <Peak1D F1="8.032236" intensity="2.978504e-002" type="0"/>
    <Peak1D F1="8.015562" intensity="2.547345e-002" type="0"/>
    <Peak1D F1="8.008781" intensity="1.974375e-002" type="0"/>
    <Peak1D F1="8.000981" intensity="2.043953e-002" type="0"/>
    <Peak1D F1="7.983611" intensity="1.838802e-002" type="0"/>
    <Peak1D F1="7.966182" intensity="1.710087e-002" type="0"/>
    <Peak1D F1="7.940184" intensity="1.510000e-002" type="0"/>
    <Peak1D F1="7.934680" intensity="1.615714e-002" type="0"/>
    <Peak1D F1="7.925936" intensity="1.508942e-002" type="0"/>
    <Peak1D F1="7.893833" intensity="1.610502e-002" type="0"/>
    <Peak1D F1="7.884538" intensity="2.092543e-002" type="0"/>
    <Peak1D F1="7.838483" intensity="4.832561e-002" type="0"/>
    <Peak1D F1="7.828023" intensity="1.915714e-002" type="0"/>
    <Peak1D F1="7.817884" intensity="3.294979e-002" type="0"/>
    <Peak1D F1="7.798956" intensity="5.231662e-002" type="0"/>
    <Peak1D F1="7.761798" intensity="3.950301e-002" type="0"/>
    <Peak1D F1="7.754517" intensity="2.451481e-002" type="0"/>
    <Peak1D F1="7.745409" intensity="2.187586e-002" type="0"/>
    <Peak1D F1="7.736889" intensity="3.723885e-002" type="0"/>
    <Peak1D F1="7.729314" intensity="2.710745e-002" type="0"/>
    <Peak1D F1="7.717739" intensity="4.011299e-002" type="0"/>
    <Peak1D F1="7.697915" intensity="2.835126e-002" type="0"/>
    <Peak1D F1="7.697067" intensity="3.000214e-002" type="0"/>
    <Peak1D F1="7.684068" intensity="2.402192e-002" type="0"/>
    <Peak1D F1="7.674680" intensity="3.050385e-002" type="0"/>
    <Peak1D F1="7.665860" intensity="2.589151e-002" type="0"/>
    <Peak1D F1="7.644764" intensity="3.654934e-002" type="0"/>
    <Peak1D F1="7.638119" intensity="3.168476e-002" type="0"/>
    <Peak1D F1="7.633910" intensity="3.243201e-002" type="0"/>
    <Peak1D F1="7.625592" intensity="3.516135e-002" type="0"/>
    <Peak1D F1="7.602180" intensity="2.856814e-002" type="0"/>
    <Peak1D F1="7.587663" intensity="1.036112e-001" type="0"/>
    <Peak1D F1="7.567622" intensity="1.235138e-001" type="0"/>
    <Peak1D F1="7.534021" intensity="7.908274e-002" type="0"/>
    <Peak1D F1="7.512225" intensity="9.196839e-002" type="0"/>
    <Peak1D F1="7.499132" intensity="1.876055e+000" type="0"/>
    <Peak1D F1="7.479361" intensity="2.086321e+000" type="0"/>
    <Peak1D F1="7.458054" intensity="1.413736e-001" type="0"/>
    <Peak1D F1="7.438285" intensity="1.369314e-001" type="0"/>
    <Peak1D F1="7.422748" intensity="7.881706e-002" type="0"/>
    <Peak1D F1="7.399714" intensity="8.822542e-002" type="0"/>
    <Peak1D F1="7.371585" intensity="6.612609e-002" type="0"/>
    <Peak1D F1="7.357794" intensity="6.600474e-002" type="0"/>
    <Peak1D F1="7.341898" intensity="7.790618e-002" type="0"/>
    <Peak1D F1="7.338518" intensity="7.253713e-002" type="0"/>
    <Peak1D F1="7.325757" intensity="9.773542e-002" type="0"/>
    <Peak1D F1="7.308288" intensity="1.004177e-001" type="0"/>
    <Peak1D F1="7.292808" intensity="9.290729e-002" type="0"/>
    <Peak1D F1="7.285235" intensity="9.988559e-002" type="0"/>
    <Peak1D F1="7.262873" intensity="1.013149e-001" type="0"/>
    <Peak1D F1="7.240694" intensity="1.668562e-001" type="0"/>
    <Peak1D F1="7.224471" intensity="1.794083e+000" type="0"/>
    <Peak1D F1="7.204370" intensity="2.742040e+000" type="0"/>
    <Peak1D F1="7.174226" intensity="3.917425e+000" type="0"/>
    <Peak1D F1="7.144948" intensity="1.374525e+000" type="0"/>
    <Peak1D F1="7.127278" intensity="2.213506e+000" type="0"/>
    <Peak1D F1="7.107185" intensity="1.363949e+000" type="0"/>
    <Peak1D F1="7.088411" intensity="2.027742e-001" type="0"/>
    <Peak1D F1="7.072305" intensity="2.185775e-001" type="0"/>
    <Peak1D F1="7.059267" intensity="1.671360e+000" type="0"/>
    <Peak1D F1="7.040112" intensity="2.225931e+000" type="0"/>
    <Peak1D F1="7.021899" intensity="1.112526e+000" type="0"/>
    <Peak1D F1="7.012924" intensity="3.613538e-001" type="0"/>
    <Peak1D F1="6.993030" intensity="2.476568e-001" type="0"/>
    <Peak1D F1="6.974781" intensity="1.574630e-001" type="0"/>
    <Peak1D F1="6.948020" intensity="1.632479e-001" type="0"/>
    <Peak1D F1="6.937609" intensity="1.183732e-001" type="0"/>
    <Peak1D F1="6.928232" intensity="1.595778e-001" type="0"/>
    <Peak1D F1="6.899767" intensity="7.997189e-001" type="0"/>
    <Peak1D F1="6.880025" intensity="8.859946e-001" type="0"/>
    <Peak1D F1="6.859836" intensity="9.160887e-002" type="0"/>
    <Peak1D F1="6.854176" intensity="9.651285e-002" type="0"/>
    <Peak1D F1="6.849564" intensity="1.133491e-001" type="0"/>
    <Peak1D F1="6.822186" intensity="7.043014e-002" type="0"/>
    <Peak1D F1="6.784720" intensity="5.824521e-002" type="0"/>
    <Peak1D F1="6.775422" intensity="5.742192e-002" type="0"/>
    <Peak1D F1="6.735380" intensity="4.814983e-002" type="0"/>
    <Peak1D F1="6.732205" intensity="4.763825e-002" type="0"/>
    <Peak1D F1="6.725502" intensity="5.433363e-002" type="0"/>
    <Peak1D F1="6.720045" intensity="5.829920e-002" type="0"/>
    <Peak1D F1="6.703071" intensity="5.550752e-002" type="0"/>
    <Peak1D F1="6.686422" intensity="4.465896e-002" type="0"/>
    <Peak1D F1="6.667955" intensity="3.899666e-002" type="0"/>
    <Peak1D F1="6.659496" intensity="3.497978e-002" type="0"/>
    <Peak1D F1="6.651076" intensity="3.528087e-002" type="0"/>
    <Peak1D F1="6.640176" intensity="3.402468e-002" type="0"/>
    <Peak1D F1="6.628855" intensity="3.468653e-002" type="0"/>
    <Peak1D F1="6.617533" intensity="4.308131e-002" type="0"/>
    <Peak1D F1="6.601646" intensity="4.473819e-002" type="0"/>
    <Peak1D F1="6.585259" intensity="4.294228e-002" type="0"/>
    <Peak1D F1="6.577803" intensity="3.638747e-002" type="0"/>
    <Peak1D F1="6.555054" intensity="8.864846e-001" type="0"/>
    <Peak1D F1="6.535094" intensity="8.166952e-001" type="0"/>
    <Peak1D F1="6.476898" intensity="3.335612e-002" type="0"/>
    <Peak1D F1="6.474022" intensity="3.302517e-002" type="0"/>
    <Peak1D F1="6.448289" intensity="2.947916e-002" type="0"/>
    <Peak1D F1="6.429890" intensity="3.089252e-002" type="0"/>
    <Peak1D F1="6.412400" intensity="2.878443e-002" type="0"/>
    <Peak1D F1="6.395517" intensity="2.451990e-002" type="0"/>
    <Peak1D F1="6.392681" intensity="2.349744e-002" type="0"/>
    <Peak1D F1="6.380390" intensity="2.692995e-002" type="0"/>
    <Peak1D F1="6.376268" intensity="4.717152e-002" type="0"/>
    <Peak1D F1="6.367138" intensity="4.458538e-002" type="0"/>
    <Peak1D F1="6.336492" intensity="4.491657e-002" type="0"/>
    <Peak1D F1="6.327105" intensity="3.803162e-002" type="0"/>
    <Peak1D F1="6.311041" intensity="1.941509e-002" type="0"/>
    <Peak1D F1="6.304531" intensity="2.198980e-002" type="0"/>
    <Peak1D F1="6.264786" intensity="1.912394e-002" type="0"/>
    <Peak1D F1="6.234095" intensity="1.589035e-002" type="0"/>
    <Peak1D F1="6.224147" intensity="1.398677e-002" type="0"/>
    <Peak1D F1="6.215850" intensity="1.216958e-002" type="0"/>
    <Peak1D F1="6.195587" intensity="1.239838e-002" type="0"/>
    <Peak1D F1="6.184494" intensity="1.241135e-002" type="0"/>
    <Peak1D F1="6.173487" intensity="1.324881e-002" type="0"/>
    <Peak1D F1="6.144866" intensity="1.102452e-002" type="0"/>
    <Peak1D F1="6.142445" intensity="9.527668e-003" type="0"/>
    <Peak1D F1="6.132636" intensity="9.954926e-003" type="0"/>
    <Peak1D F1="6.126676" intensity="1.031046e-002" type="0"/>
    <Peak1D F1="6.106654" intensity="9.336314e-003" type="0"/>
    <Peak1D F1="6.102515" intensity="1.163678e-002" type="0"/>
    <Peak1D F1="6.098103" intensity="1.123290e-002" type="0"/>
    <Peak1D F1="6.088277" intensity="1.160379e-002" type="0"/>
    <Peak1D F1="6.084553" intensity="9.864754e-003" type="0"/>
    <Peak1D F1="6.080963" intensity="9.484606e-003" type="0"/>
    <Peak1D F1="6.079623" intensity="9.886469e-003" type="0"/>
    <Peak1D F1="6.073720" intensity="1.000737e-002" type="0"/>
    <Peak1D F1="6.067084" intensity="1.254622e-002" type="0"/>
    <Peak1D F1="6.042238" intensity="9.663538e-003" type="0"/>
    <Peak1D F1="6.035932" intensity="8.271806e-003" type="0"/>
    <Peak1D F1="6.023486" intensity="8.270672e-003" type="0"/>
    <Peak1D F1="6.018051" intensity="8.075291e-003" type="0"/>
    <Peak1D F1="6.007182" intensity="7.939380e-003" type="0"/>
    <Peak1D F1="5.983635" intensity="8.664193e-003" type="0"/>
    <Peak1D F1="5.956444" intensity="8.181660e-003" type="0"/>
    <Peak1D F1="5.941814" intensity="9.386443e-003" type="0"/>
    <Peak1D F1="5.929882" intensity="8.850714e-003" type="0"/>
    <Peak1D F1="5.916634" intensity="8.266302e-003" type="0"/>
    <Peak1D F1="5.909641" intensity="7.488423e-003" type="0"/>
    <Peak1D F1="5.868761" intensity="1.912987e-001" type="0"/>
    <Peak1D F1="5.846724" intensity="8.238135e-003" type="0"/>
    <Peak1D F1="5.823242" intensity="7.918025e-003" type="0"/>
    <Peak1D F1="5.817536" intensity="8.124707e-003" type="0"/>
    <Peak1D F1="5.789538" intensity="8.130935e-003" type="0"/>
    <Peak1D F1="5.747350" intensity="8.310406e-003" type="0"/>
    <Peak1D F1="5.628536" intensity="9.308887e-002" type="0"/>
    <Peak1D F1="5.593432" intensity="2.126301e-002" type="0"/>
    <Peak1D F1="5.560274" intensity="5.181132e-002" type="0"/>
    <Peak1D F1="5.467580" intensity="8.651654e-003" type="0"/>
    <Peak1D F1="5.273160" intensity="1.062612e-002" type="0"/>
    <Peak1D F1="5.208826" intensity="1.163383e-001" type="0"/>
    <Peak1D F1="5.054772" intensity="7.479494e-003" type="0"/>
    <Peak1D F1="4.304605" intensity="1.496825e-001" type="0"/>
    <Peak1D F1="4.078636" intensity="5.493595e-002" type="0"/>
    <Peak1D F1="4.058951" intensity="1.311444e-001" type="0"/>
    <Peak1D F1="4.041054" intensity="1.335086e-001" type="0"/>
    <Peak1D F1="4.023801" intensity="4.339926e-002" type="0"/>
    <Peak1D F1="4.003816" intensity="3.216049e-002" type="0"/>
    <Peak1D F1="3.992629" intensity="4.267817e-002" type="0"/>
    <Peak1D F1="3.983810" intensity="1.919428e-002" type="0"/>
    <Peak1D F1="3.944356" intensity="1.399599e-002" type="0"/>
    <Peak1D F1="3.884439" intensity="3.650180e-002" type="0"/>
    <Peak1D F1="3.870879" intensity="1.934077e-002" type="0"/>
    <Peak1D F1="3.849326" intensity="1.198580e-001" type="0"/>
    <Peak1D F1="3.832616" intensity="8.873917e+000" type="0"/>
    <Peak1D F1="3.810599" intensity="4.888027e-002" type="0"/>
    <Peak1D F1="3.800473" intensity="2.464795e-002" type="0"/>
    <Peak1D F1="3.793293" intensity="2.098354e-002" type="0"/>
    <Peak1D F1="3.778900" intensity="9.400652e-002" type="0"/>
    <Peak1D F1="3.751040" intensity="1.417523e-001" type="0"/>
    <Peak1D F1="3.739451" intensity="1.816914e-001" type="0"/>
    <Peak1D F1="3.722858" intensity="3.557754e-002" type="0"/>
    <Peak1D F1="3.718326" intensity="2.003497e-002" type="0"/>
    <Peak1D F1="3.713367" intensity="2.248141e-002" type="0"/>
    <Peak1D F1="3.682769" intensity="1.655509e-001" type="0"/>
    <Peak1D F1="3.674895" intensity="1.775755e-001" type="0"/>
    <Peak1D F1="3.662673" intensity="7.637814e-002" type="0"/>
    <Peak1D F1="3.655995" intensity="5.540247e-002" type="0"/>
    <Peak1D F1="3.644697" intensity="7.593172e-001" type="0"/>
    <Peak1D F1="3.612848" intensity="8.207792e-002" type="0"/>
    <Peak1D F1="3.598764" intensity="1.500000e+001" type="0"/>
    <Peak1D F1="3.554313" intensity="6.681345e-002" type="0"/>
    <Peak1D F1="3.538259" intensity="1.471928e-001" type="0"/>
    <Peak1D F1="3.522546" intensity="3.533740e-002" type="0"/>
    <Peak1D F1="3.501308" intensity="3.598313e-002" type="0"/>
    <Peak1D F1="3.472773" intensity="6.064358e-001" type="0"/>
    <Peak1D F1="3.448568" intensity="1.719003e-002" type="0"/>
    <Peak1D F1="3.426435" intensity="1.771453e-002" type="0"/>
    <Peak1D F1="3.412883" intensity="9.408878e-002" type="0"/>
    <Peak1D F1="3.396549" intensity="1.858352e-002" type="0"/>
    <Peak1D F1="3.387619" intensity="1.108527e-002" type="0"/>
    <Peak1D F1="3.353311" intensity="1.275571e-002" type="0"/>
    <Peak1D F1="3.349630" intensity="1.076273e-002" type="0"/>
    <Peak1D F1="3.336863" intensity="2.075290e-002" type="0"/>
    <Peak1D F1="3.318219" intensity="1.490672e-002" type="0"/>
    <Peak1D F1="3.304716" intensity="9.387694e-003" type="0"/>
    <Peak1D F1="3.294730" intensity="8.840277e-003" type="0"/>
    <Peak1D F1="3.289349" intensity="1.077071e-002" type="0"/>
    <Peak1D F1="3.251536" intensity="1.366528e-002" type="0"/>
    <Peak1D F1="3.209036" intensity="2.619883e-002" type="0"/>
    <Peak1D F1="3.152528" intensity="3.049704e-002" type="0"/>
    <Peak1D F1="3.061640" intensity="7.567433e-003" type="0"/>
    <Peak1D F1="2.978680" intensity="1.910513e-002" type="0"/>
    <Peak1D F1="2.972955" intensity="2.205929e-002" type="0"/>
    <Peak1D F1="2.897255" intensity="1.585064e-002" type="0"/>
    <Peak1D F1="2.878087" intensity="2.787325e-002" type="0"/>
    <Peak1D F1="2.864374" intensity="3.626512e-002" type="0"/>
    <Peak1D F1="2.844179" intensity="2.695243e-002" type="0"/>
    <Peak1D F1="2.828681" intensity="1.854993e-002" type="0"/>
    <Peak1D F1="2.800123" intensity="1.119975e-002" type="0"/>
    <Peak1D F1="2.778815" intensity="1.198492e-002" type="0"/>
    <Peak1D F1="2.777223" intensity="1.043668e-002" type="0"/>
    <Peak1D F1="2.775728" intensity="1.205170e-002" type="0"/>
    <Peak1D F1="2.770149" intensity="2.278295e-002" type="0"/>
    <Peak1D F1="2.753363" intensity="1.557076e-002" type="0"/>
    <Peak1D F1="2.746963" intensity="3.145341e-002" type="0"/>
    <Peak1D F1="2.736585" intensity="2.966386e-002" type="0"/>
    <Peak1D F1="2.726514" intensity="6.076729e-002" type="0"/>
    <Peak1D F1="2.716113" intensity="5.036980e-002" type="0"/>
    <Peak1D F1="2.691945" intensity="2.112704e+000" type="0"/>
    <Peak1D F1="2.673210" intensity="3.388978e+000" type="0"/>
    <Peak1D F1="2.654782" intensity="2.317813e+000" type="0"/>
    <Peak1D F1="2.634734" intensity="1.231285e-001" type="0"/>
    <Peak1D F1="2.623979" intensity="9.000923e-002" type="0"/>
    <Peak1D F1="2.614896" intensity="5.809109e-002" type="0"/>
    <Peak1D F1="2.604730" intensity="1.381614e-001" type="0"/>
    <Peak1D F1="2.585545" intensity="9.677367e-002" type="0"/>
    <Peak1D F1="2.565040" intensity="4.389763e-002" type="0"/>
    <Peak1D F1="2.546106" intensity="3.323465e-002" type="0"/>
    <Peak1D F1="2.529451" intensity="1.225722e-002" type="0"/>
    <Peak1D F1="2.516493" intensity="1.561878e-002" type="0"/>
    <Peak1D F1="2.496065" intensity="2.381444e-002" type="0"/>
    <Peak1D F1="2.484721" intensity="4.880456e-002" type="0"/>
    <Peak1D F1="2.475747" intensity="2.435788e-002" type="0"/>
    <Peak1D F1="2.466516" intensity="1.007193e-001" type="0"/>
    <Peak1D F1="2.449032" intensity="1.105813e-001" type="0"/>
    <Peak1D F1="2.436797" intensity="8.153861e-002" type="0"/>
    <Peak1D F1="2.425466" intensity="4.860224e-002" type="0"/>
    <Peak1D F1="2.418125" intensity="5.745555e-002" type="0"/>
    <Peak1D F1="2.400065" intensity="1.846414e-002" type="0"/>
    <Peak1D F1="2.393444" intensity="1.420688e-002" type="0"/>
    <Peak1D F1="2.367689" intensity="9.788269e-003" type="0"/>
    <Peak1D F1="2.346647" intensity="1.431454e-002" type="0"/>
    <Peak1D F1="2.342704" intensity="1.370804e-002" type="0"/>
    <Peak1D F1="2.327350" intensity="2.230710e-002" type="0"/>
    <Peak1D F1="2.318023" intensity="3.466062e-002" type="0"/>
    <Peak1D F1="2.308904" intensity="3.271277e-002" type="0"/>
    <Peak1D F1="2.277148" intensity="2.078233e+000" type="0"/>
    <Peak1D F1="2.258535" intensity="4.016754e+000" type="0"/>
    <Peak1D F1="2.239923" intensity="2.280488e+000" type="0"/>
    <Peak1D F1="2.196785" intensity="3.668009e-002" type="0"/>
    <Peak1D F1="2.195262" intensity="3.664374e-002" type="0"/>
    <Peak1D F1="2.161995" intensity="2.924431e+000" type="0"/>
    <Peak1D F1="2.143740" intensity="7.917098e-002" type="0"/>
    <Peak1D F1="2.124770" intensity="6.378002e-002" type="0"/>
    <Peak1D F1="2.113633" intensity="1.696859e-001" type="0"/>
    <Peak1D F1="2.097076" intensity="3.645004e-002" type="0"/>
    <Peak1D F1="2.076175" intensity="3.015125e-002" type="0"/>
    <Peak1D F1="2.058760" intensity="8.016046e-002" type="0"/>
    <Peak1D F1="2.017426" intensity="2.826421e-002" type="0"/>
    <Peak1D F1="2.002632" intensity="2.173146e-002" type="0"/>
    <Peak1D F1="1.973296" intensity="5.718184e-001" type="0"/>
    <Peak1D F1="1.941294" intensity="1.941509e-002" type="0"/>
    <Peak1D F1="1.915990" intensity="1.071191e-002" type="0"/>
    <Peak1D F1="1.911129" intensity="1.090545e-002" type="0"/>
    <Peak1D F1="1.905660" intensity="9.263843e-003" type="0"/>
    <Peak1D F1="1.897343" intensity="8.476404e-003" type="0"/>
    <Peak1D F1="1.836775" intensity="7.916720e-003" type="0"/>
    <Peak1D F1="1.771475" intensity="8.192164e-003" type="0"/>
    <Peak1D F1="1.745237" intensity="8.765179e-003" type="0"/>
    <Peak1D F1="1.732764" intensity="1.153948e-002" type="0"/>
    <Peak1D F1="1.702325" intensity="2.249924e-002" type="0"/>
    <Peak1D F1="1.701365" intensity="2.440871e-002" type="0"/>
    <Peak1D F1="1.686060" intensity="2.387673e-002" type="0"/>
    <Peak1D F1="1.679964" intensity="2.315664e-002" type="0"/>
    <Peak1D F1="1.654712" intensity="2.643244e-002" type="0"/>
    <Peak1D F1="1.607156" intensity="7.583278e-002" type="0"/>
    <Peak1D F1="1.605120" intensity="7.315195e-002" type="0"/>
    <Peak1D F1="1.588523" intensity="1.428522e-001" type="0"/>
    <Peak1D F1="1.574179" intensity="5.423816e-001" type="0"/>
    <Peak1D F1="1.556527" intensity="1.491420e+000" type="0"/>
    <Peak1D F1="1.539366" intensity="2.158437e+000" type="0"/>
    <Peak1D F1="1.521216" intensity="1.699648e+000" type="0"/>
    <Peak1D F1="1.502080" intensity="1.046436e+000" type="0"/>
    <Peak1D F1="1.483988" intensity="1.328825e+000" type="0"/>
    <Peak1D F1="1.464810" intensity="2.055861e+000" type="0"/>
    <Peak1D F1="1.446737" intensity="1.551182e+000" type="0"/>
    <Peak1D F1="1.427345" intensity="6.670882e-001" type="0"/>
    <Peak1D F1="1.415882" intensity="1.562767e-001" type="0"/>
    <Peak1D F1="1.395823" intensity="1.256401e-001" type="0"/>
    <Peak1D F1="1.378180" intensity="8.307887e-002" type="0"/>
    <Peak1D F1="1.366938" intensity="5.586565e-002" type="0"/>
    <Peak1D F1="1.350484" intensity="8.268276e-002" type="0"/>
    <Peak1D F1="1.337042" intensity="1.082360e-001" type="0"/>
    <Peak1D F1="1.229007" intensity="2.315978e+000" type="0"/>
    <Peak1D F1="1.200422" intensity="3.515100e+000" type="0"/>
    <Peak1D F1="1.180821" intensity="4.513630e+000" type="0"/>
    <Peak1D F1="1.162830" intensity="8.897295e+000" type="0"/>
    <Peak1D F1="1.094960" intensity="1.684766e-001" type="0"/>
    <Peak1D F1="1.084819" intensity="1.476270e-001" type="0"/>
    <Peak1D F1="1.068971" intensity="1.169885e-001" type="0"/>
    <Peak1D F1="1.065158" intensity="1.158240e-001" type="0"/>
    <Peak1D F1="1.013915" intensity="5.275565e-002" type="0"/>
    <Peak1D F1="1.003009" intensity="4.298953e-002" type="0"/>
    <Peak1D F1="0.981385" intensity="2.654149e-002" type="0"/>
    <Peak1D F1="0.973255" intensity="2.312640e-002" type="0"/>
    <Peak1D F1="0.953525" intensity="1.528167e-002" type="0"/>
    <Peak1D F1="0.940325" intensity="1.250262e-002" type="0"/>
    <Peak1D F1="0.930148" intensity="1.266683e-002" type="0"/>
    <Peak1D F1="0.914322" intensity="1.687089e-002" type="0"/>
    <Peak1D F1="0.901378" intensity="1.894813e-002" type="0"/>
    <Peak1D F1="0.884415" intensity="1.477008e-002" type="0"/>
    <Peak1D F1="0.857899" intensity="1.518188e-002" type="0"/>
    <Peak1D F1="0.847716" intensity="3.178978e-002" type="0"/>
    <Peak1D F1="0.821514" intensity="1.085163e-001" type="0"/>
    <Peak1D F1="0.805635" intensity="1.907373e-001" type="0"/>
    <Peak1D F1="0.798313" intensity="1.618017e-001" type="0"/>
    <Peak1D F1="0.781011" intensity="1.962255e-001" type="0"/>
    <Peak1D F1="0.760320" intensity="8.762823e-002" type="0"/>
    <Peak1D F1="0.744542" intensity="2.746233e-002" type="0"/>
    <Peak1D F1="0.736932" intensity="2.542787e-002" type="0"/>
    <Peak1D F1="0.711850" intensity="9.431226e-003" type="0"/>
    <Peak1D F1="-0.000127" intensity="3.113248e-001" type="0"/>
    <Peak1D F1="-0.024269" intensity="7.716754e-003" type="0"/>
    <Peak1D F1="-0.506875" intensity="7.728551e-003" type="0"/>
    <Peak1D F1="-0.549157" intensity="7.617522e-003" type="0"/>
    <Peak1D F1="-0.671113" intensity="7.398660e-003" type="0"/>
    <Peak1D F1="-0.691146" intensity="8.383500e-003" type="0"/>
    <Peak1D F1="-0.699678" intensity="7.869261e-003" type="0"/>
    <Peak1D F1="-0.750431" intensity="8.479515e-003" type="0"/>
    <Peak1D F1="-0.772281" intensity="7.304041e-003" type="0"/>
    <Peak1D F1="-0.788606" intensity="7.556126e-003" type="0"/>
    <Peak1D F1="-0.792564" intensity="8.699834e-003" type="0"/>
    <Peak1D F1="-0.798072" intensity="9.126694e-003" type="0"/>
    <Peak1D F1="-0.818039" intensity="8.307602e-003" type="0"/>
    <Peak1D F1="-0.825835" intensity="8.490063e-003" type="0"/>
    <Peak1D F1="-0.833098" intensity="8.196194e-003" type="0"/>
    <Peak1D F1="-0.842723" intensity="8.573515e-003" type="0"/>
    <Peak1D F1="-0.866659" intensity="7.613271e-003" type="0"/>
    <Peak1D F1="-0.875536" intensity="8.282826e-003" type="0"/>
    <Peak1D F1="-0.893699" intensity="7.746070e-003" type="0"/>
    <Peak1D F1="-0.904017" intensity="8.637301e-003" type="0"/>
    <Peak1D F1="-0.910336" intensity="8.288487e-003" type="0"/>
    <Peak1D F1="-0.922829" intensity="9.651709e-003" type="0"/>
    <Peak1D F1="-0.944487" intensity="9.668747e-003" type="0"/>
    <Peak1D F1="-0.960253" intensity="1.032184e-002" type="0"/>
    <Peak1D F1="-0.969118" intensity="9.534417e-003" type="0"/>
    <Peak1D F1="-0.971724" intensity="8.594939e-003" type="0"/>
    <Peak1D F1="-0.977670" intensity="8.346145e-003" type="0"/>
    <Peak1D F1="-0.989693" intensity="8.350728e-003" type="0"/>
    <Peak1D F1="-1.009933" intensity="9.083173e-003" type="0"/>
    <Peak1D F1="-1.020344" intensity="9.547821e-003" type="0"/>
    <Peak1D F1="-1.038540" intensity="9.068733e-003" type="0"/>
    <Peak1D F1="-1.066078" intensity="9.424056e-003" type="0"/>
    <Peak1D F1="-1.112366" intensity="9.281335e-003" type="0"/>
  </PeakList1D>
</PeakList>
