<?xml version="1.0" encoding="UTF-8"?>
<PeakList>
  <PeakList1D>
    <PeakList1DHeader creator="nmr600" date="2019-07-24T11:07:52.394+02:00" expNo="21" name="6Jul2419" owner="" procNo="1" source="/opt/topspin3.0/data/nmr600/nmr">
      <PeakPickDetails>F1=219.446198ppm, F2=-19.452496ppm, MI=0.00cm, MAXI=10000.00cm, PC=1.400
      </PeakPickDetails>
    </PeakList1DHeader>
    <Peak1D F1="164.696030" intensity="-1.449284e+00" type="0"/>
    <Peak1D F1="164.677658" intensity="5.367949e-01" type="0"/>
    <Peak1D F1="137.543198" intensity="-1.693353e+00" type="0"/>
    <Peak1D F1="136.900284" intensity="-2.655131e+00" type="0"/>
    <Peak1D F1="136.843323" intensity="5.241513e-02" type="0"/>
    <Peak1D F1="133.217056" intensity="4.896825e-02" type="0"/>
    <Peak1D F1="133.111359" intensity="6.387706e-02" type="0"/>
    <Peak1D F1="132.910797" intensity="6.037249e+00" type="0"/>
    <Peak1D F1="132.264847" intensity="5.908855e+00" type="0"/>
    <Peak1D F1="131.752396" intensity="6.172887e-02" type="0"/>
    <Peak1D F1="131.051743" intensity="8.371793e-02" type="0"/>
    <Peak1D F1="129.867355" intensity="1.009507e-01" type="0"/>
    <Peak1D F1="129.653717" intensity="1.356821e+01" type="0"/>
    <Peak1D F1="129.542389" intensity="6.492114e+00" type="0"/>
    <Peak1D F1="129.466187" intensity="-1.700177e+00" type="0"/>
    <Peak1D F1="129.434799" intensity="9.871922e-02" type="0"/>
    <Peak1D F1="129.283707" intensity="7.514060e-02" type="0"/>
    <Peak1D F1="129.000549" intensity="2.956083e-01" type="0"/>
    <Peak1D F1="128.882965" intensity="1.050390e-01" type="0"/>
    <Peak1D F1="128.844788" intensity="1.015757e-01" type="0"/>
    <Peak1D F1="128.804230" intensity="9.767394e-02" type="0"/>
    <Peak1D F1="128.688141" intensity="4.819461e-02" type="0"/>
    <Peak1D F1="128.576126" intensity="2.909569e-01" type="0"/>
    <Peak1D F1="128.425827" intensity="7.546323e-02" type="0"/>
    <Peak1D F1="128.271927" intensity="6.186127e+00" type="0"/>
    <Peak1D F1="127.513512" intensity="6.739349e+00" type="0"/>
    <Peak1D F1="126.682716" intensity="1.440006e-01" type="0"/>
    <Peak1D F1="125.893074" intensity="-1.250092e-01" type="0"/>
    <Peak1D F1="125.739594" intensity="1.500000e+01" type="0"/>
    <Peak1D F1="125.515823" intensity="1.320801e-01" type="0"/>
    <Peak1D F1="123.760414" intensity="-1.213328e-01" type="0"/>
    <Peak1D F1="121.640755" intensity="-3.744899e-01" type="0"/>
    <Peak1D F1="119.521629" intensity="-3.445138e-01" type="0"/>
    <Peak1D F1="117.402618" intensity="-1.042916e-01" type="0"/>
    <Peak1D F1="77.308090" intensity="1.510133e+00" type="0"/>
    <Peak1D F1="77.287285" intensity="-1.109447e+00" type="0"/>
    <Peak1D F1="77.095764" intensity="1.516969e+00" type="0"/>
    <Peak1D F1="77.074295" intensity="-1.352900e+00" type="0"/>
    <Peak1D F1="76.883781" intensity="1.360352e+00" type="0"/>
    <Peak1D F1="76.862137" intensity="-1.569759e+00" type="0"/>
    <Peak1D F1="75.376373" intensity="-6.485130e-02" type="0"/>
    <Peak1D F1="75.030075" intensity="-5.387532e-02" type="0"/>
    <Peak1D F1="55.539242" intensity="8.790286e-02" type="0"/>
    <Peak1D F1="52.645069" intensity="-2.645625e-01" type="0"/>
    <Peak1D F1="52.499825" intensity="-5.088767e+00" type="0"/>
    <Peak1D F1="52.474136" intensity="1.129848e+00" type="0"/>
    <Peak1D F1="51.275787" intensity="2.757147e-01" type="0"/>
    <Peak1D F1="50.979362" intensity="7.747339e+00" type="0"/>
    <Peak1D F1="50.956436" intensity="-1.198356e+00" type="0"/>
    <Peak1D F1="50.204239" intensity="6.999117e-02" type="0"/>
    <Peak1D F1="49.824783" intensity="1.435715e-01" type="0"/>
    <Peak1D F1="49.503284" intensity="6.941380e+00" type="0"/>
    <Peak1D F1="49.477570" intensity="-1.052053e+00" type="0"/>
    <Peak1D F1="47.194485" intensity="5.005216e-02" type="0"/>
    <Peak1D F1="46.906418" intensity="2.346641e-01" type="0"/>
    <Peak1D F1="46.876785" intensity="-4.676328e-02" type="0"/>
    <Peak1D F1="45.943729" intensity="2.339575e-01" type="0"/>
    <Peak1D F1="42.257473" intensity="2.089305e-01" type="0"/>
    <Peak1D F1="40.416237" intensity="6.637184e+00" type="0"/>
    <Peak1D F1="40.383202" intensity="-4.375931e-01" type="0"/>
    <Peak1D F1="39.567024" intensity="-5.826648e-02" type="0"/>
    <Peak1D F1="32.002361" intensity="8.108698e+00" type="0"/>
    <Peak1D F1="31.952324" intensity="-7.247355e-02" type="0"/>
    <Peak1D F1="31.901875" intensity="-7.536173e-02" type="0"/>
    <Peak1D F1="31.716990" intensity="-5.170675e-02" type="0"/>
    <Peak1D F1="29.699455" intensity="1.155661e-01" type="0"/>
    <Peak1D F1="26.146749" intensity="2.134633e-01" type="0"/>
    <Peak1D F1="25.625401" intensity="8.916617e-02" type="0"/>
    <Peak1D F1="25.350037" intensity="9.148215e+00" type="0"/>
    <Peak1D F1="25.267092" intensity="1.388084e-01" type="0"/>
    <Peak1D F1="25.136744" intensity="8.149334e-02" type="0"/>
    <Peak1D F1="25.094097" intensity="9.753085e-02" type="0"/>
    <Peak1D F1="25.026615" intensity="9.114584e+00" type="0"/>
    <Peak1D F1="24.961357" intensity="2.219067e-01" type="0"/>
    <Peak1D F1="24.887867" intensity="8.827909e-02" type="0"/>
    <Peak1D F1="24.354612" intensity="2.181277e-01" type="0"/>
    <Peak1D F1="22.691641" intensity="4.816649e-02" type="0"/>
  </PeakList1D>
</PeakList>
